2025-12-11 00:14:55.073 [background-preinit] INFO  org.hibernate.validator.internal.util.Version - HV000001: Hibernate Validator 8.0.3.Final
2025-12-11 00:14:55.162 [restartedMain] INFO  com.uit.sociusmvcapp.SociusMvcAppApplication - Starting SociusMvcAppApplication using Java 17.0.12 with PID 11008 (D:\Study_space\Cong_nghe_web_ung_dung\Socius\socius-mvc-app\build\classes\java\main started by dotha in D:\Study_space\Cong_nghe_web_ung_dung\Socius\socius-mvc-app)
2025-12-11 00:14:55.170 [restartedMain] DEBUG com.uit.sociusmvcapp.SociusMvcAppApplication - Running with Spring Boot v3.5.6, Spring v6.2.11
2025-12-11 00:14:55.172 [restartedMain] INFO  com.uit.sociusmvcapp.SociusMvcAppApplication - No active profile set, falling back to 1 default profile: "default"
2025-12-11 00:14:55.253 [restartedMain] INFO  org.springframework.boot.devtools.env.DevToolsPropertyDefaultsPostProcessor - Devtools property defaults active! Set 'spring.devtools.add-properties' to 'false' to disable
2025-12-11 00:14:55.253 [restartedMain] INFO  org.springframework.boot.devtools.env.DevToolsPropertyDefaultsPostProcessor - For additional web related logging consider setting the 'logging.level.web' property to 'DEBUG'
2025-12-11 00:14:58.635 [restartedMain] INFO  org.springframework.boot.web.embedded.tomcat.TomcatWebServer - Tomcat initialized with port 8080 (http)
2025-12-11 00:14:58.766 [restartedMain] INFO  org.springframework.boot.web.servlet.context.ServletWebServerApplicationContext - Root WebApplicationContext: initialization completed in 3510 ms
2025-12-11 00:14:59.021 [restartedMain] DEBUG org.springframework.web.filter.ServerHttpObservationFilter - Filter 'webMvcObservationFilter' configured for use
2025-12-11 00:14:59.518 [restartedMain] INFO  com.zaxxer.hikari.HikariDataSource - HikariPool-1 - Starting...
2025-12-11 00:15:02.687 [restartedMain] INFO  com.zaxxer.hikari.pool.HikariPool - HikariPool-1 - Added connection org.postgresql.jdbc.PgConnection@f9dba18
2025-12-11 00:15:02.690 [restartedMain] INFO  com.zaxxer.hikari.HikariDataSource - HikariPool-1 - Start completed.
2025-12-11 00:15:04.046 [restartedMain] DEBUG org.springframework.web.servlet.mvc.method.annotation.RequestMappingHandlerMapping - 20 mappings in 'requestMappingHandlerMapping'
2025-12-11 00:15:04.086 [restartedMain] DEBUG org.springframework.web.servlet.handler.SimpleUrlHandlerMapping - Patterns [/webjars/**, /**] in 'resourceHandlerMapping'
2025-12-11 00:15:04.220 [restartedMain] INFO  org.springframework.boot.actuate.endpoint.web.EndpointLinksResolver - Exposing 1 endpoint beneath base path '/actuator'
2025-12-11 00:15:04.609 [restartedMain] DEBUG org.springframework.web.servlet.mvc.method.annotation.RequestMappingHandlerAdapter - ControllerAdvice beans: 0 @ModelAttribute, 0 @InitBinder, 1 RequestBodyAdvice, 1 ResponseBodyAdvice
2025-12-11 00:15:04.701 [restartedMain] DEBUG org.springframework.web.servlet.mvc.method.annotation.ExceptionHandlerExceptionResolver - ControllerAdvice beans: 1 @ExceptionHandler, 1 ResponseBodyAdvice
2025-12-11 00:15:05.134 [restartedMain] INFO  org.springframework.boot.devtools.autoconfigure.OptionalLiveReloadServer - LiveReload server is running on port 35729
2025-12-11 00:15:05.254 [restartedMain] INFO  org.springframework.boot.web.embedded.tomcat.TomcatWebServer - Tomcat started on port 8080 (http) with context path '/api'
2025-12-11 00:15:05.276 [restartedMain] INFO  org.springframework.scheduling.config.TaskSchedulerRouter - No TaskScheduler/ScheduledExecutorService bean found for scheduled processing
2025-12-11 00:15:05.284 [restartedMain] INFO  com.uit.sociusmvcapp.SociusMvcAppApplication - Started SociusMvcAppApplication in 10.934 seconds (process running for 13.213)
2025-12-11 00:16:12.229 [http-nio-8080-exec-2] INFO  org.springframework.web.servlet.DispatcherServlet - Initializing Servlet 'dispatcherServlet'
2025-12-11 00:16:12.230 [http-nio-8080-exec-2] DEBUG org.springframework.web.servlet.DispatcherServlet - Detected StandardServletMultipartResolver
2025-12-11 00:16:12.230 [http-nio-8080-exec-2] DEBUG org.springframework.web.servlet.DispatcherServlet - Detected AcceptHeaderLocaleResolver
2025-12-11 00:16:12.230 [http-nio-8080-exec-2] DEBUG org.springframework.web.servlet.DispatcherServlet - Detected FixedThemeResolver
2025-12-11 00:16:12.233 [http-nio-8080-exec-2] DEBUG org.springframework.web.servlet.DispatcherServlet - Detected org.springframework.web.servlet.view.DefaultRequestToViewNameTranslator@17ea64d7
2025-12-11 00:16:12.234 [http-nio-8080-exec-2] DEBUG org.springframework.web.servlet.DispatcherServlet - Detected org.springframework.web.servlet.support.SessionFlashMapManager@5ea56ea
2025-12-11 00:16:12.234 [http-nio-8080-exec-2] DEBUG org.springframework.web.servlet.DispatcherServlet - enableLoggingRequestDetails='false': request parameters and headers will be masked to prevent unsafe logging of potentially sensitive data
2025-12-11 00:16:12.235 [http-nio-8080-exec-2] INFO  org.springframework.web.servlet.DispatcherServlet - Completed initialization in 5 ms
2025-12-11 00:16:14.267 [http-nio-8080-exec-2] DEBUG org.springframework.web.servlet.DispatcherServlet - POST "/api/teams", parameters={}
2025-12-11 00:16:14.271 [http-nio-8080-exec-2] DEBUG org.springframework.web.servlet.mvc.method.annotation.RequestMappingHandlerMapping - Mapped to com.uit.sociusmvcapp.endpoint.TeamController#createTeam(TeamCreateRequest)
2025-12-11 00:16:14.388 [http-nio-8080-exec-2] DEBUG org.springframework.web.servlet.mvc.method.annotation.RequestResponseBodyMethodProcessor - Read "application/json;charset=UTF-8" to [com.uit.sociuscoremodules.team.request.TeamCreateRequest@1e8d88de]
2025-12-11 00:16:14.466 [http-nio-8080-exec-2] INFO  com.uit.sociuscoremodules.team.service.impl.TeamServiceImpl - Creating team with code: TEAM005
2025-12-11 00:16:14.713 [http-nio-8080-exec-2] INFO  com.uit.sociuscoremodules.team.service.impl.TeamServiceImpl - Reactivating soft deleted team: TEAM005
2025-12-11 00:16:14.962 [http-nio-8080-exec-2] INFO  com.uit.sociuscoremodules.team.service.impl.TeamServiceImpl - Team TEAM005 reactivated successfully
2025-12-11 00:16:15.458 [http-nio-8080-exec-2] INFO  com.uit.sociuscoremodules.team.service.impl.TeamServiceImpl - Getting team by code: TEAM005
2025-12-11 00:16:15.705 [http-nio-8080-exec-2] INFO  com.uit.sociuscoremodules.teamemployee.service.impl.TeamEmployeeServiceImpl - Getting team lead for team TEAM005
2025-12-11 00:16:16.199 [http-nio-8080-exec-2] INFO  com.uit.sociuscoremodules.teamemployee.service.impl.TeamEmployeeServiceImpl - Getting all employees in team TEAM005
2025-12-11 00:16:16.727 [http-nio-8080-exec-2] DEBUG org.springframework.web.servlet.mvc.method.annotation.HttpEntityMethodProcessor - Using 'application/json', given [*/*] and supported [application/json, application/*+json]
2025-12-11 00:16:16.729 [http-nio-8080-exec-2] DEBUG org.springframework.web.servlet.mvc.method.annotation.HttpEntityMethodProcessor - Writing [com.uit.sociuscoremodules.shared.response.Response@cf23aa9]
2025-12-11 00:16:16.758 [http-nio-8080-exec-2] DEBUG org.springframework.web.servlet.DispatcherServlet - Completed 201 CREATED
2025-12-11 00:16:36.239 [http-nio-8080-exec-3] DEBUG org.springframework.web.servlet.DispatcherServlet - POST "/api/teams", parameters={}
2025-12-11 00:16:36.240 [http-nio-8080-exec-3] DEBUG org.springframework.web.servlet.mvc.method.annotation.RequestMappingHandlerMapping - Mapped to com.uit.sociusmvcapp.endpoint.TeamController#createTeam(TeamCreateRequest)
2025-12-11 00:16:36.242 [http-nio-8080-exec-3] DEBUG org.springframework.web.servlet.mvc.method.annotation.RequestResponseBodyMethodProcessor - Read "application/json;charset=UTF-8" to [com.uit.sociuscoremodules.team.request.TeamCreateRequest@7738c217]
2025-12-11 00:16:36.242 [http-nio-8080-exec-3] INFO  com.uit.sociuscoremodules.team.service.impl.TeamServiceImpl - Creating team with code: TEAM005
2025-12-11 00:16:36.489 [http-nio-8080-exec-3] ERROR com.uit.sociuscoremodules.team.service.impl.TeamServiceImpl - Team with code TEAM005 already exists
2025-12-11 00:16:36.496 [http-nio-8080-exec-3] DEBUG org.springframework.web.servlet.mvc.method.annotation.ExceptionHandlerExceptionResolver - Using @ExceptionHandler com.uit.sociusmvcapp.exception.GlobalExceptionHandler#handleBusinessException(BusinessException)
2025-12-11 00:16:36.497 [http-nio-8080-exec-3] WARN  com.uit.sociusmvcapp.exception.GlobalExceptionHandler - Business Exception Handled: status=400, code=team.already.exists, message=Team with this code already exists.
2025-12-11 00:16:36.498 [http-nio-8080-exec-3] DEBUG org.springframework.web.servlet.mvc.method.annotation.HttpEntityMethodProcessor - Using 'application/json', given [*/*] and supported [application/json, application/*+json]
2025-12-11 00:16:36.499 [http-nio-8080-exec-3] DEBUG org.springframework.web.servlet.mvc.method.annotation.HttpEntityMethodProcessor - Writing [com.uit.sociuscoremodules.shared.response.Response@6326db]
2025-12-11 00:16:36.501 [http-nio-8080-exec-3] WARN  org.springframework.web.servlet.mvc.method.annotation.ExceptionHandlerExceptionResolver - Resolved [com.uit.sociuscoremodules.shared.exception.BusinessException: team.already.exists]
2025-12-11 00:16:36.502 [http-nio-8080-exec-3] DEBUG org.springframework.web.servlet.DispatcherServlet - Completed 400 BAD_REQUEST
2025-12-11 00:21:29.410 [http-nio-8080-exec-5] WARN  com.uit.sociuscoremodules.shared.security.TokenAuthenticator - Token expired: 2025-12-10T22:38:31.000+0700
2025-12-11 00:21:29.410 [http-nio-8080-exec-5] ERROR com.uit.sociusmvcapp.security.AuthorizationFilter - Authentication failed: TOKEN_EX
2025-12-11 00:21:41.241 [http-nio-8080-exec-6] DEBUG org.springframework.web.servlet.DispatcherServlet - DELETE "/api/teams/TEAM005", parameters={}
2025-12-11 00:21:41.242 [http-nio-8080-exec-6] DEBUG org.springframework.web.servlet.mvc.method.annotation.RequestMappingHandlerMapping - Mapped to com.uit.sociusmvcapp.endpoint.TeamController#deleteTeam(String)
2025-12-11 00:21:41.243 [http-nio-8080-exec-6] INFO  com.uit.sociuscoremodules.team.service.impl.TeamServiceImpl - Deleting team: TEAM005
2025-12-11 00:21:41.489 [http-nio-8080-exec-6] INFO  com.uit.sociuscoremodules.teamemployee.service.impl.TeamEmployeeServiceImpl - Getting all employees in team TEAM005
2025-12-11 00:21:42.010 [http-nio-8080-exec-6] ERROR com.uit.sociuscoremodules.team.service.impl.TeamServiceImpl - Cannot delete team TEAM005 with 1 employee(s)
2025-12-11 00:21:42.011 [http-nio-8080-exec-6] DEBUG org.springframework.web.servlet.mvc.method.annotation.ExceptionHandlerExceptionResolver - Using @ExceptionHandler com.uit.sociusmvcapp.exception.GlobalExceptionHandler#handleBusinessException(BusinessException)
2025-12-11 00:21:42.012 [http-nio-8080-exec-6] WARN  org.springframework.web.servlet.mvc.method.annotation.ExceptionHandlerExceptionResolver - Failure in @ExceptionHandler com.uit.sociusmvcapp.exception.GlobalExceptionHandler#handleBusinessException(BusinessException)
org.springframework.context.NoSuchMessageException: No message found under code 'team.cannot.delete.with.employees' for locale 'en'.
	at org.springframework.context.support.AbstractMessageSource.getMessage(AbstractMessageSource.java:166) ~[spring-context-6.2.11.jar:6.2.11]
	at com.uit.sociuscoremodules.shared.service.impl.I18nServiceImpl.getMessage(I18nServiceImpl.java:37) ~[socius-core-modules-1.0-SNAPSHOT-plain.jar:?]
	at com.uit.sociusmvcapp.exception.GlobalExceptionHandler.handleBusinessException(GlobalExceptionHandler.java:39) ~[main/:?]
	at java.base/jdk.internal.reflect.NativeMethodAccessorImpl.invoke0(Native Method) ~[?:?]
	at java.base/jdk.internal.reflect.NativeMethodAccessorImpl.invoke(NativeMethodAccessorImpl.java:77) ~[?:?]
	at java.base/jdk.internal.reflect.DelegatingMethodAccessorImpl.invoke(DelegatingMethodAccessorImpl.java:43) ~[?:?]
	at java.base/java.lang.reflect.Method.invoke(Method.java:568) ~[?:?]
	at org.springframework.web.method.support.InvocableHandlerMethod.doInvoke(InvocableHandlerMethod.java:258) ~[spring-web-6.2.11.jar:6.2.11]
	at org.springframework.web.method.support.InvocableHandlerMethod.invokeForRequest(InvocableHandlerMethod.java:191) ~[spring-web-6.2.11.jar:6.2.11]
	at org.springframework.web.servlet.mvc.method.annotation.ServletInvocableHandlerMethod.invokeAndHandle(ServletInvocableHandlerMethod.java:118) ~[spring-webmvc-6.2.11.jar:6.2.11]
	at org.springframework.web.servlet.mvc.method.annotation.ExceptionHandlerExceptionResolver.doResolveHandlerMethodException(ExceptionHandlerExceptionResolver.java:471) ~[spring-webmvc-6.2.11.jar:6.2.11]
	at org.springframework.web.servlet.handler.AbstractHandlerMethodExceptionResolver.doResolveException(AbstractHandlerMethodExceptionResolver.java:73) ~[spring-webmvc-6.2.11.jar:6.2.11]
	at org.springframework.web.servlet.handler.AbstractHandlerExceptionResolver.resolveException(AbstractHandlerExceptionResolver.java:182) ~[spring-webmvc-6.2.11.jar:6.2.11]
	at org.springframework.web.servlet.handler.HandlerExceptionResolverComposite.resolveException(HandlerExceptionResolverComposite.java:80) ~[spring-webmvc-6.2.11.jar:6.2.11]
	at org.springframework.web.servlet.DispatcherServlet.processHandlerException(DispatcherServlet.java:1360) ~[spring-webmvc-6.2.11.jar:6.2.11]
	at org.springframework.web.servlet.DispatcherServlet.processDispatchResult(DispatcherServlet.java:1161) ~[spring-webmvc-6.2.11.jar:6.2.11]
	at org.springframework.web.servlet.DispatcherServlet.doDispatch(DispatcherServlet.java:1106) ~[spring-webmvc-6.2.11.jar:6.2.11]
	at org.springframework.web.servlet.DispatcherServlet.doService(DispatcherServlet.java:979) ~[spring-webmvc-6.2.11.jar:6.2.11]
	at org.springframework.web.servlet.FrameworkServlet.processRequest(FrameworkServlet.java:1014) ~[spring-webmvc-6.2.11.jar:6.2.11]
	at org.springframework.web.servlet.FrameworkServlet.doDelete(FrameworkServlet.java:936) ~[spring-webmvc-6.2.11.jar:6.2.11]
	at jakarta.servlet.http.HttpServlet.service(HttpServlet.java:596) ~[tomcat-embed-core-10.1.46.jar:6.0]
	at org.springframework.web.servlet.FrameworkServlet.service(FrameworkServlet.java:885) ~[spring-webmvc-6.2.11.jar:6.2.11]
	at jakarta.servlet.http.HttpServlet.service(HttpServlet.java:658) ~[tomcat-embed-core-10.1.46.jar:6.0]
	at org.apache.catalina.core.ApplicationFilterChain.internalDoFilter(ApplicationFilterChain.java:195) ~[tomcat-embed-core-10.1.46.jar:10.1.46]
	at org.apache.catalina.core.ApplicationFilterChain.doFilter(ApplicationFilterChain.java:140) ~[tomcat-embed-core-10.1.46.jar:10.1.46]
	at org.apache.tomcat.websocket.server.WsFilter.doFilter(WsFilter.java:51) ~[tomcat-embed-websocket-10.1.46.jar:10.1.46]
	at org.apache.catalina.core.ApplicationFilterChain.internalDoFilter(ApplicationFilterChain.java:164) ~[tomcat-embed-core-10.1.46.jar:10.1.46]
	at org.apache.catalina.core.ApplicationFilterChain.doFilter(ApplicationFilterChain.java:140) ~[tomcat-embed-core-10.1.46.jar:10.1.46]
	at org.springframework.web.filter.CompositeFilter$VirtualFilterChain.doFilter(CompositeFilter.java:108) ~[spring-web-6.2.11.jar:6.2.11]
	at org.springframework.web.filter.CompositeFilter$VirtualFilterChain.doFilter(CompositeFilter.java:108) ~[spring-web-6.2.11.jar:6.2.11]
	at org.springframework.security.web.FilterChainProxy.lambda$doFilterInternal$3(FilterChainProxy.java:231) ~[spring-security-web-6.5.5.jar:6.5.5]
	at org.springframework.security.web.ObservationFilterChainDecorator$FilterObservation$SimpleFilterObservation.lambda$wrap$1(ObservationFilterChainDecorator.java:490) ~[spring-security-web-6.5.5.jar:6.5.5]
	at org.springframework.security.web.ObservationFilterChainDecorator$AroundFilterObservation$SimpleAroundFilterObservation.lambda$wrap$1(ObservationFilterChainDecorator.java:351) ~[spring-security-web-6.5.5.jar:6.5.5]
	at org.springframework.security.web.ObservationFilterChainDecorator.lambda$wrapSecured$0(ObservationFilterChainDecorator.java:83) ~[spring-security-web-6.5.5.jar:6.5.5]
	at org.springframework.security.web.ObservationFilterChainDecorator$VirtualFilterChain.doFilter(ObservationFilterChainDecorator.java:129) ~[spring-security-web-6.5.5.jar:6.5.5]
	at org.springframework.security.web.access.intercept.AuthorizationFilter.doFilter(AuthorizationFilter.java:101) ~[spring-security-web-6.5.5.jar:6.5.5]
	at org.springframework.security.web.ObservationFilterChainDecorator$ObservationFilter.wrapFilter(ObservationFilterChainDecorator.java:241) ~[spring-security-web-6.5.5.jar:6.5.5]
	at org.springframework.security.web.ObservationFilterChainDecorator$ObservationFilter.doFilter(ObservationFilterChainDecorator.java:228) ~[spring-security-web-6.5.5.jar:6.5.5]
	at org.springframework.security.web.ObservationFilterChainDecorator$VirtualFilterChain.doFilter(ObservationFilterChainDecorator.java:138) ~[spring-security-web-6.5.5.jar:6.5.5]
	at org.springframework.security.web.access.ExceptionTranslationFilter.doFilter(ExceptionTranslationFilter.java:125) ~[spring-security-web-6.5.5.jar:6.5.5]
	at org.springframework.security.web.access.ExceptionTranslationFilter.doFilter(ExceptionTranslationFilter.java:119) ~[spring-security-web-6.5.5.jar:6.5.5]
	at org.springframework.security.web.ObservationFilterChainDecorator$ObservationFilter.wrapFilter(ObservationFilterChainDecorator.java:241) ~[spring-security-web-6.5.5.jar:6.5.5]
	at org.springframework.security.web.ObservationFilterChainDecorator$ObservationFilter.doFilter(ObservationFilterChainDecorator.java:228) ~[spring-security-web-6.5.5.jar:6.5.5]
	at org.springframework.security.web.ObservationFilterChainDecorator$VirtualFilterChain.doFilter(ObservationFilterChainDecorator.java:138) ~[spring-security-web-6.5.5.jar:6.5.5]
	at org.springframework.security.web.session.SessionManagementFilter.doFilter(SessionManagementFilter.java:131) ~[spring-security-web-6.5.5.jar:6.5.5]
	at org.springframework.security.web.session.SessionManagementFilter.doFilter(SessionManagementFilter.java:85) ~[spring-security-web-6.5.5.jar:6.5.5]
	at org.springframework.security.web.ObservationFilterChainDecorator$ObservationFilter.wrapFilter(ObservationFilterChainDecorator.java:241) ~[spring-security-web-6.5.5.jar:6.5.5]
	at org.springframework.security.web.ObservationFilterChainDecorator$ObservationFilter.doFilter(ObservationFilterChainDecorator.java:228) ~[spring-security-web-6.5.5.jar:6.5.5]
	at org.springframework.security.web.ObservationFilterChainDecorator$VirtualFilterChain.doFilter(ObservationFilterChainDecorator.java:138) ~[spring-security-web-6.5.5.jar:6.5.5]
	at org.springframework.security.web.authentication.AnonymousAuthenticationFilter.doFilter(AnonymousAuthenticationFilter.java:100) ~[spring-security-web-6.5.5.jar:6.5.5]
	at org.springframework.security.web.ObservationFilterChainDecorator$ObservationFilter.wrapFilter(ObservationFilterChainDecorator.java:241) ~[spring-security-web-6.5.5.jar:6.5.5]
	at org.springframework.security.web.ObservationFilterChainDecorator$ObservationFilter.doFilter(ObservationFilterChainDecorator.java:228) ~[spring-security-web-6.5.5.jar:6.5.5]
	at org.springframework.security.web.ObservationFilterChainDecorator$VirtualFilterChain.doFilter(ObservationFilterChainDecorator.java:138) ~[spring-security-web-6.5.5.jar:6.5.5]
	at org.springframework.security.web.servletapi.SecurityContextHolderAwareRequestFilter.doFilter(SecurityContextHolderAwareRequestFilter.java:179) ~[spring-security-web-6.5.5.jar:6.5.5]
	at org.springframework.security.web.ObservationFilterChainDecorator$ObservationFilter.wrapFilter(ObservationFilterChainDecorator.java:241) ~[spring-security-web-6.5.5.jar:6.5.5]
	at org.springframework.security.web.ObservationFilterChainDecorator$ObservationFilter.doFilter(ObservationFilterChainDecorator.java:228) ~[spring-security-web-6.5.5.jar:6.5.5]
	at org.springframework.security.web.ObservationFilterChainDecorator$VirtualFilterChain.doFilter(ObservationFilterChainDecorator.java:138) ~[spring-security-web-6.5.5.jar:6.5.5]
	at org.springframework.security.web.savedrequest.RequestCacheAwareFilter.doFilter(RequestCacheAwareFilter.java:63) ~[spring-security-web-6.5.5.jar:6.5.5]
	at org.springframework.security.web.ObservationFilterChainDecorator$ObservationFilter.wrapFilter(ObservationFilterChainDecorator.java:241) ~[spring-security-web-6.5.5.jar:6.5.5]
	at org.springframework.security.web.ObservationFilterChainDecorator$ObservationFilter.doFilter(ObservationFilterChainDecorator.java:228) ~[spring-security-web-6.5.5.jar:6.5.5]
	at org.springframework.security.web.ObservationFilterChainDecorator$VirtualFilterChain.doFilter(ObservationFilterChainDecorator.java:138) ~[spring-security-web-6.5.5.jar:6.5.5]
	at com.uit.sociusmvcapp.security.AuthorizationFilter.doFilterInternal(AuthorizationFilter.java:72) ~[main/:?]
	at org.springframework.web.filter.OncePerRequestFilter.doFilter(OncePerRequestFilter.java:116) ~[spring-web-6.2.11.jar:6.2.11]
	at org.springframework.security.web.ObservationFilterChainDecorator$ObservationFilter.wrapFilter(ObservationFilterChainDecorator.java:241) ~[spring-security-web-6.5.5.jar:6.5.5]
	at org.springframework.security.web.ObservationFilterChainDecorator$ObservationFilter.doFilter(ObservationFilterChainDecorator.java:228) ~[spring-security-web-6.5.5.jar:6.5.5]
	at org.springframework.security.web.ObservationFilterChainDecorator$VirtualFilterChain.doFilter(ObservationFilterChainDecorator.java:138) ~[spring-security-web-6.5.5.jar:6.5.5]
	at org.springframework.security.web.authentication.logout.LogoutFilter.doFilter(LogoutFilter.java:107) ~[spring-security-web-6.5.5.jar:6.5.5]
	at org.springframework.security.web.authentication.logout.LogoutFilter.doFilter(LogoutFilter.java:93) ~[spring-security-web-6.5.5.jar:6.5.5]
	at org.springframework.security.web.ObservationFilterChainDecorator$ObservationFilter.wrapFilter(ObservationFilterChainDecorator.java:241) ~[spring-security-web-6.5.5.jar:6.5.5]
	at org.springframework.security.web.ObservationFilterChainDecorator$ObservationFilter.doFilter(ObservationFilterChainDecorator.java:228) ~[spring-security-web-6.5.5.jar:6.5.5]
	at org.springframework.security.web.ObservationFilterChainDecorator$VirtualFilterChain.doFilter(ObservationFilterChainDecorator.java:138) ~[spring-security-web-6.5.5.jar:6.5.5]
	at org.springframework.web.filter.CorsFilter.doFilterInternal(CorsFilter.java:91) ~[spring-web-6.2.11.jar:6.2.11]
	at org.springframework.web.filter.OncePerRequestFilter.doFilter(OncePerRequestFilter.java:116) ~[spring-web-6.2.11.jar:6.2.11]
	at org.springframework.security.web.ObservationFilterChainDecorator$ObservationFilter.wrapFilter(ObservationFilterChainDecorator.java:241) ~[spring-security-web-6.5.5.jar:6.5.5]
	at org.springframework.security.web.ObservationFilterChainDecorator$ObservationFilter.doFilter(ObservationFilterChainDecorator.java:228) ~[spring-security-web-6.5.5.jar:6.5.5]
	at org.springframework.security.web.ObservationFilterChainDecorator$VirtualFilterChain.doFilter(ObservationFilterChainDecorator.java:138) ~[spring-security-web-6.5.5.jar:6.5.5]
	at org.springframework.security.web.header.HeaderWriterFilter.doHeadersAfter(HeaderWriterFilter.java:90) ~[spring-security-web-6.5.5.jar:6.5.5]
	at org.springframework.security.web.header.HeaderWriterFilter.doFilterInternal(HeaderWriterFilter.java:75) ~[spring-security-web-6.5.5.jar:6.5.5]
	at org.springframework.web.filter.OncePerRequestFilter.doFilter(OncePerRequestFilter.java:116) ~[spring-web-6.2.11.jar:6.2.11]
	at org.springframework.security.web.ObservationFilterChainDecorator$ObservationFilter.wrapFilter(ObservationFilterChainDecorator.java:241) ~[spring-security-web-6.5.5.jar:6.5.5]
	at org.springframework.security.web.ObservationFilterChainDecorator$ObservationFilter.doFilter(ObservationFilterChainDecorator.java:228) ~[spring-security-web-6.5.5.jar:6.5.5]
	at org.springframework.security.web.ObservationFilterChainDecorator$VirtualFilterChain.doFilter(ObservationFilterChainDecorator.java:138) ~[spring-security-web-6.5.5.jar:6.5.5]
	at org.springframework.security.web.context.SecurityContextHolderFilter.doFilter(SecurityContextHolderFilter.java:82) ~[spring-security-web-6.5.5.jar:6.5.5]
	at org.springframework.security.web.context.SecurityContextHolderFilter.doFilter(SecurityContextHolderFilter.java:69) ~[spring-security-web-6.5.5.jar:6.5.5]
	at org.springframework.security.web.ObservationFilterChainDecorator$ObservationFilter.wrapFilter(ObservationFilterChainDecorator.java:241) ~[spring-security-web-6.5.5.jar:6.5.5]
	at org.springframework.security.web.ObservationFilterChainDecorator$ObservationFilter.doFilter(ObservationFilterChainDecorator.java:228) ~[spring-security-web-6.5.5.jar:6.5.5]
	at org.springframework.security.web.ObservationFilterChainDecorator$VirtualFilterChain.doFilter(ObservationFilterChainDecorator.java:138) ~[spring-security-web-6.5.5.jar:6.5.5]
	at org.springframework.security.web.context.request.async.WebAsyncManagerIntegrationFilter.doFilterInternal(WebAsyncManagerIntegrationFilter.java:62) ~[spring-security-web-6.5.5.jar:6.5.5]
	at org.springframework.web.filter.OncePerRequestFilter.doFilter(OncePerRequestFilter.java:116) ~[spring-web-6.2.11.jar:6.2.11]
	at org.springframework.security.web.ObservationFilterChainDecorator$ObservationFilter.wrapFilter(ObservationFilterChainDecorator.java:241) ~[spring-security-web-6.5.5.jar:6.5.5]
	at org.springframework.security.web.ObservationFilterChainDecorator$ObservationFilter.doFilter(ObservationFilterChainDecorator.java:228) ~[spring-security-web-6.5.5.jar:6.5.5]
	at org.springframework.security.web.ObservationFilterChainDecorator$VirtualFilterChain.doFilter(ObservationFilterChainDecorator.java:138) ~[spring-security-web-6.5.5.jar:6.5.5]
	at org.springframework.security.web.session.DisableEncodeUrlFilter.doFilterInternal(DisableEncodeUrlFilter.java:42) ~[spring-security-web-6.5.5.jar:6.5.5]
	at org.springframework.web.filter.OncePerRequestFilter.doFilter(OncePerRequestFilter.java:116) ~[spring-web-6.2.11.jar:6.2.11]
	at org.springframework.security.web.ObservationFilterChainDecorator$ObservationFilter.wrapFilter(ObservationFilterChainDecorator.java:241) ~[spring-security-web-6.5.5.jar:6.5.5]
	at org.springframework.security.web.ObservationFilterChainDecorator$AroundFilterObservation$SimpleAroundFilterObservation.lambda$wrap$0(ObservationFilterChainDecorator.java:334) ~[spring-security-web-6.5.5.jar:6.5.5]
	at org.springframework.security.web.ObservationFilterChainDecorator$ObservationFilter.doFilter(ObservationFilterChainDecorator.java:225) ~[spring-security-web-6.5.5.jar:6.5.5]
	at org.springframework.security.web.ObservationFilterChainDecorator$VirtualFilterChain.doFilter(ObservationFilterChainDecorator.java:138) ~[spring-security-web-6.5.5.jar:6.5.5]
	at org.springframework.security.web.FilterChainProxy.doFilterInternal(FilterChainProxy.java:233) ~[spring-security-web-6.5.5.jar:6.5.5]
	at org.springframework.security.web.FilterChainProxy.doFilter(FilterChainProxy.java:191) ~[spring-security-web-6.5.5.jar:6.5.5]
	at org.springframework.web.filter.CompositeFilter$VirtualFilterChain.doFilter(CompositeFilter.java:113) ~[spring-web-6.2.11.jar:6.2.11]
	at org.springframework.web.filter.ServletRequestPathFilter.doFilter(ServletRequestPathFilter.java:52) ~[spring-web-6.2.11.jar:6.2.11]
	at org.springframework.web.filter.CompositeFilter$VirtualFilterChain.doFilter(CompositeFilter.java:113) ~[spring-web-6.2.11.jar:6.2.11]
	at org.springframework.web.filter.CompositeFilter.doFilter(CompositeFilter.java:74) ~[spring-web-6.2.11.jar:6.2.11]
	at org.springframework.security.config.annotation.web.configuration.WebSecurityConfiguration$CompositeFilterChainProxy.doFilter(WebSecurityConfiguration.java:319) ~[spring-security-config-6.5.5.jar:6.5.5]
	at org.springframework.web.filter.CompositeFilter$VirtualFilterChain.doFilter(CompositeFilter.java:113) ~[spring-web-6.2.11.jar:6.2.11]
	at org.springframework.web.servlet.handler.HandlerMappingIntrospector.lambda$createCacheFilter$4(HandlerMappingIntrospector.java:267) ~[spring-webmvc-6.2.11.jar:6.2.11]
	at org.springframework.web.filter.CompositeFilter$VirtualFilterChain.doFilter(CompositeFilter.java:113) [spring-web-6.2.11.jar:6.2.11]
	at org.springframework.web.filter.CompositeFilter.doFilter(CompositeFilter.java:74) [spring-web-6.2.11.jar:6.2.11]
	at org.springframework.security.config.annotation.web.configuration.WebMvcSecurityConfiguration$CompositeFilterChainProxy.doFilter(WebMvcSecurityConfiguration.java:240) [spring-security-config-6.5.5.jar:6.5.5]
	at org.springframework.web.filter.DelegatingFilterProxy.invokeDelegate(DelegatingFilterProxy.java:362) [spring-web-6.2.11.jar:6.2.11]
	at org.springframework.web.filter.DelegatingFilterProxy.doFilter(DelegatingFilterProxy.java:278) [spring-web-6.2.11.jar:6.2.11]
	at org.apache.catalina.core.ApplicationFilterChain.internalDoFilter(ApplicationFilterChain.java:164) [tomcat-embed-core-10.1.46.jar:10.1.46]
	at org.apache.catalina.core.ApplicationFilterChain.doFilter(ApplicationFilterChain.java:140) [tomcat-embed-core-10.1.46.jar:10.1.46]
	at org.springframework.web.filter.RequestContextFilter.doFilterInternal(RequestContextFilter.java:100) [spring-web-6.2.11.jar:6.2.11]
	at org.springframework.web.filter.OncePerRequestFilter.doFilter(OncePerRequestFilter.java:116) [spring-web-6.2.11.jar:6.2.11]
	at org.apache.catalina.core.ApplicationFilterChain.internalDoFilter(ApplicationFilterChain.java:164) [tomcat-embed-core-10.1.46.jar:10.1.46]
	at org.apache.catalina.core.ApplicationFilterChain.doFilter(ApplicationFilterChain.java:140) [tomcat-embed-core-10.1.46.jar:10.1.46]
	at org.springframework.web.filter.FormContentFilter.doFilterInternal(FormContentFilter.java:93) [spring-web-6.2.11.jar:6.2.11]
	at org.springframework.web.filter.OncePerRequestFilter.doFilter(OncePerRequestFilter.java:116) [spring-web-6.2.11.jar:6.2.11]
	at org.apache.catalina.core.ApplicationFilterChain.internalDoFilter(ApplicationFilterChain.java:164) [tomcat-embed-core-10.1.46.jar:10.1.46]
	at org.apache.catalina.core.ApplicationFilterChain.doFilter(ApplicationFilterChain.java:140) [tomcat-embed-core-10.1.46.jar:10.1.46]
	at org.springframework.web.filter.ServerHttpObservationFilter.doFilterInternal(ServerHttpObservationFilter.java:110) [spring-web-6.2.11.jar:6.2.11]
	at org.springframework.web.filter.OncePerRequestFilter.doFilter(OncePerRequestFilter.java:116) [spring-web-6.2.11.jar:6.2.11]
	at org.apache.catalina.core.ApplicationFilterChain.internalDoFilter(ApplicationFilterChain.java:164) [tomcat-embed-core-10.1.46.jar:10.1.46]
	at org.apache.catalina.core.ApplicationFilterChain.doFilter(ApplicationFilterChain.java:140) [tomcat-embed-core-10.1.46.jar:10.1.46]
	at org.springframework.web.filter.CharacterEncodingFilter.doFilterInternal(CharacterEncodingFilter.java:201) [spring-web-6.2.11.jar:6.2.11]
	at org.springframework.web.filter.OncePerRequestFilter.doFilter(OncePerRequestFilter.java:116) [spring-web-6.2.11.jar:6.2.11]
	at org.apache.catalina.core.ApplicationFilterChain.internalDoFilter(ApplicationFilterChain.java:164) [tomcat-embed-core-10.1.46.jar:10.1.46]
	at org.apache.catalina.core.ApplicationFilterChain.doFilter(ApplicationFilterChain.java:140) [tomcat-embed-core-10.1.46.jar:10.1.46]
	at org.apache.catalina.core.StandardWrapperValve.invoke(StandardWrapperValve.java:167) [tomcat-embed-core-10.1.46.jar:10.1.46]
	at org.apache.catalina.core.StandardContextValve.invoke(StandardContextValve.java:90) [tomcat-embed-core-10.1.46.jar:10.1.46]
	at org.apache.catalina.authenticator.AuthenticatorBase.invoke(AuthenticatorBase.java:483) [tomcat-embed-core-10.1.46.jar:10.1.46]
	at org.apache.catalina.core.StandardHostValve.invoke(StandardHostValve.java:116) [tomcat-embed-core-10.1.46.jar:10.1.46]
	at org.apache.catalina.valves.ErrorReportValve.invoke(ErrorReportValve.java:93) [tomcat-embed-core-10.1.46.jar:10.1.46]
	at org.apache.catalina.core.StandardEngineValve.invoke(StandardEngineValve.java:74) [tomcat-embed-core-10.1.46.jar:10.1.46]
	at org.apache.catalina.connector.CoyoteAdapter.service(CoyoteAdapter.java:344) [tomcat-embed-core-10.1.46.jar:10.1.46]
	at org.apache.coyote.http11.Http11Processor.service(Http11Processor.java:398) [tomcat-embed-core-10.1.46.jar:10.1.46]
	at org.apache.coyote.AbstractProcessorLight.process(AbstractProcessorLight.java:63) [tomcat-embed-core-10.1.46.jar:10.1.46]
	at org.apache.coyote.AbstractProtocol$ConnectionHandler.process(AbstractProtocol.java:903) [tomcat-embed-core-10.1.46.jar:10.1.46]
	at org.apache.tomcat.util.net.NioEndpoint$SocketProcessor.doRun(NioEndpoint.java:1776) [tomcat-embed-core-10.1.46.jar:10.1.46]
	at org.apache.tomcat.util.net.SocketProcessorBase.run(SocketProcessorBase.java:52) [tomcat-embed-core-10.1.46.jar:10.1.46]
	at org.apache.tomcat.util.threads.ThreadPoolExecutor.runWorker(ThreadPoolExecutor.java:975) [tomcat-embed-core-10.1.46.jar:10.1.46]
	at org.apache.tomcat.util.threads.ThreadPoolExecutor$Worker.run(ThreadPoolExecutor.java:493) [tomcat-embed-core-10.1.46.jar:10.1.46]
	at org.apache.tomcat.util.threads.TaskThread$WrappingRunnable.run(TaskThread.java:63) [tomcat-embed-core-10.1.46.jar:10.1.46]
	at java.base/java.lang.Thread.run(Thread.java:842) [?:?]
2025-12-11 00:21:42.022 [http-nio-8080-exec-6] DEBUG org.springframework.web.servlet.DispatcherServlet - Failed to complete request: com.uit.sociuscoremodules.shared.exception.BusinessException: team.cannot.delete.with.employees
2025-12-11 00:21:42.025 [http-nio-8080-exec-6] ERROR org.apache.catalina.core.ContainerBase.[Tomcat].[localhost].[/api].[dispatcherServlet] - Servlet.service() for servlet [dispatcherServlet] in context with path [/api] threw exception [Request processing failed: com.uit.sociuscoremodules.shared.exception.BusinessException: team.cannot.delete.with.employees] with root cause
com.uit.sociuscoremodules.shared.exception.BusinessException: team.cannot.delete.with.employees
	at com.uit.sociuscoremodules.shared.service.impl.BaseServiceImpl.createBusinessException(BaseServiceImpl.java:26) ~[socius-core-modules-1.0-SNAPSHOT-plain.jar:?]
	at com.uit.sociuscoremodules.shared.service.impl.BaseServiceImpl.badRequest(BaseServiceImpl.java:39) ~[socius-core-modules-1.0-SNAPSHOT-plain.jar:?]
	at com.uit.sociuscoremodules.team.service.impl.TeamServiceImpl.deleteTeam(TeamServiceImpl.java:278) ~[socius-core-modules-1.0-SNAPSHOT-plain.jar:?]
	at com.uit.sociusmvcapp.endpoint.TeamController.deleteTeam(TeamController.java:125) ~[main/:?]
	at java.base/jdk.internal.reflect.NativeMethodAccessorImpl.invoke0(Native Method) ~[?:?]
	at java.base/jdk.internal.reflect.NativeMethodAccessorImpl.invoke(NativeMethodAccessorImpl.java:77) ~[?:?]
	at java.base/jdk.internal.reflect.DelegatingMethodAccessorImpl.invoke(DelegatingMethodAccessorImpl.java:43) ~[?:?]
	at java.base/java.lang.reflect.Method.invoke(Method.java:568) ~[?:?]
	at org.springframework.web.method.support.InvocableHandlerMethod.doInvoke(InvocableHandlerMethod.java:258) ~[spring-web-6.2.11.jar:6.2.11]
	at org.springframework.web.method.support.InvocableHandlerMethod.invokeForRequest(InvocableHandlerMethod.java:191) ~[spring-web-6.2.11.jar:6.2.11]
	at org.springframework.web.servlet.mvc.method.annotation.ServletInvocableHandlerMethod.invokeAndHandle(ServletInvocableHandlerMethod.java:118) ~[spring-webmvc-6.2.11.jar:6.2.11]
	at org.springframework.web.servlet.mvc.method.annotation.RequestMappingHandlerAdapter.invokeHandlerMethod(RequestMappingHandlerAdapter.java:991) ~[spring-webmvc-6.2.11.jar:6.2.11]
	at org.springframework.web.servlet.mvc.method.annotation.RequestMappingHandlerAdapter.handleInternal(RequestMappingHandlerAdapter.java:896) ~[spring-webmvc-6.2.11.jar:6.2.11]
	at org.springframework.web.servlet.mvc.method.AbstractHandlerMethodAdapter.handle(AbstractHandlerMethodAdapter.java:87) ~[spring-webmvc-6.2.11.jar:6.2.11]
	at org.springframework.web.servlet.DispatcherServlet.doDispatch(DispatcherServlet.java:1089) ~[spring-webmvc-6.2.11.jar:6.2.11]
	at org.springframework.web.servlet.DispatcherServlet.doService(DispatcherServlet.java:979) ~[spring-webmvc-6.2.11.jar:6.2.11]
	at org.springframework.web.servlet.FrameworkServlet.processRequest(FrameworkServlet.java:1014) ~[spring-webmvc-6.2.11.jar:6.2.11]
	at org.springframework.web.servlet.FrameworkServlet.doDelete(FrameworkServlet.java:936) ~[spring-webmvc-6.2.11.jar:6.2.11]
	at jakarta.servlet.http.HttpServlet.service(HttpServlet.java:596) ~[tomcat-embed-core-10.1.46.jar:6.0]
	at org.springframework.web.servlet.FrameworkServlet.service(FrameworkServlet.java:885) ~[spring-webmvc-6.2.11.jar:6.2.11]
	at jakarta.servlet.http.HttpServlet.service(HttpServlet.java:658) ~[tomcat-embed-core-10.1.46.jar:6.0]
	at org.apache.catalina.core.ApplicationFilterChain.internalDoFilter(ApplicationFilterChain.java:195) ~[tomcat-embed-core-10.1.46.jar:10.1.46]
	at org.apache.catalina.core.ApplicationFilterChain.doFilter(ApplicationFilterChain.java:140) ~[tomcat-embed-core-10.1.46.jar:10.1.46]
	at org.apache.tomcat.websocket.server.WsFilter.doFilter(WsFilter.java:51) ~[tomcat-embed-websocket-10.1.46.jar:10.1.46]
	at org.apache.catalina.core.ApplicationFilterChain.internalDoFilter(ApplicationFilterChain.java:164) ~[tomcat-embed-core-10.1.46.jar:10.1.46]
	at org.apache.catalina.core.ApplicationFilterChain.doFilter(ApplicationFilterChain.java:140) ~[tomcat-embed-core-10.1.46.jar:10.1.46]
	at org.springframework.web.filter.CompositeFilter$VirtualFilterChain.doFilter(CompositeFilter.java:108) ~[spring-web-6.2.11.jar:6.2.11]
	at org.springframework.web.filter.CompositeFilter$VirtualFilterChain.doFilter(CompositeFilter.java:108) ~[spring-web-6.2.11.jar:6.2.11]
	at org.springframework.security.web.FilterChainProxy.lambda$doFilterInternal$3(FilterChainProxy.java:231) ~[spring-security-web-6.5.5.jar:6.5.5]
	at org.springframework.security.web.ObservationFilterChainDecorator$FilterObservation$SimpleFilterObservation.lambda$wrap$1(ObservationFilterChainDecorator.java:490) ~[spring-security-web-6.5.5.jar:6.5.5]
	at org.springframework.security.web.ObservationFilterChainDecorator$AroundFilterObservation$SimpleAroundFilterObservation.lambda$wrap$1(ObservationFilterChainDecorator.java:351) ~[spring-security-web-6.5.5.jar:6.5.5]
	at org.springframework.security.web.ObservationFilterChainDecorator.lambda$wrapSecured$0(ObservationFilterChainDecorator.java:83) ~[spring-security-web-6.5.5.jar:6.5.5]
	at org.springframework.security.web.ObservationFilterChainDecorator$VirtualFilterChain.doFilter(ObservationFilterChainDecorator.java:129) ~[spring-security-web-6.5.5.jar:6.5.5]
	at org.springframework.security.web.access.intercept.AuthorizationFilter.doFilter(AuthorizationFilter.java:101) ~[spring-security-web-6.5.5.jar:6.5.5]
	at org.springframework.security.web.ObservationFilterChainDecorator$ObservationFilter.wrapFilter(ObservationFilterChainDecorator.java:241) ~[spring-security-web-6.5.5.jar:6.5.5]
	at org.springframework.security.web.ObservationFilterChainDecorator$ObservationFilter.doFilter(ObservationFilterChainDecorator.java:228) ~[spring-security-web-6.5.5.jar:6.5.5]
	at org.springframework.security.web.ObservationFilterChainDecorator$VirtualFilterChain.doFilter(ObservationFilterChainDecorator.java:138) ~[spring-security-web-6.5.5.jar:6.5.5]
	at org.springframework.security.web.access.ExceptionTranslationFilter.doFilter(ExceptionTranslationFilter.java:125) ~[spring-security-web-6.5.5.jar:6.5.5]
	at org.springframework.security.web.access.ExceptionTranslationFilter.doFilter(ExceptionTranslationFilter.java:119) ~[spring-security-web-6.5.5.jar:6.5.5]
	at org.springframework.security.web.ObservationFilterChainDecorator$ObservationFilter.wrapFilter(ObservationFilterChainDecorator.java:241) ~[spring-security-web-6.5.5.jar:6.5.5]
	at org.springframework.security.web.ObservationFilterChainDecorator$ObservationFilter.doFilter(ObservationFilterChainDecorator.java:228) ~[spring-security-web-6.5.5.jar:6.5.5]
	at org.springframework.security.web.ObservationFilterChainDecorator$VirtualFilterChain.doFilter(ObservationFilterChainDecorator.java:138) ~[spring-security-web-6.5.5.jar:6.5.5]
	at org.springframework.security.web.session.SessionManagementFilter.doFilter(SessionManagementFilter.java:131) ~[spring-security-web-6.5.5.jar:6.5.5]
	at org.springframework.security.web.session.SessionManagementFilter.doFilter(SessionManagementFilter.java:85) ~[spring-security-web-6.5.5.jar:6.5.5]
	at org.springframework.security.web.ObservationFilterChainDecorator$ObservationFilter.wrapFilter(ObservationFilterChainDecorator.java:241) ~[spring-security-web-6.5.5.jar:6.5.5]
	at org.springframework.security.web.ObservationFilterChainDecorator$ObservationFilter.doFilter(ObservationFilterChainDecorator.java:228) ~[spring-security-web-6.5.5.jar:6.5.5]
	at org.springframework.security.web.ObservationFilterChainDecorator$VirtualFilterChain.doFilter(ObservationFilterChainDecorator.java:138) ~[spring-security-web-6.5.5.jar:6.5.5]
	at org.springframework.security.web.authentication.AnonymousAuthenticationFilter.doFilter(AnonymousAuthenticationFilter.java:100) ~[spring-security-web-6.5.5.jar:6.5.5]
	at org.springframework.security.web.ObservationFilterChainDecorator$ObservationFilter.wrapFilter(ObservationFilterChainDecorator.java:241) ~[spring-security-web-6.5.5.jar:6.5.5]
	at org.springframework.security.web.ObservationFilterChainDecorator$ObservationFilter.doFilter(ObservationFilterChainDecorator.java:228) ~[spring-security-web-6.5.5.jar:6.5.5]
	at org.springframework.security.web.ObservationFilterChainDecorator$VirtualFilterChain.doFilter(ObservationFilterChainDecorator.java:138) ~[spring-security-web-6.5.5.jar:6.5.5]
	at org.springframework.security.web.servletapi.SecurityContextHolderAwareRequestFilter.doFilter(SecurityContextHolderAwareRequestFilter.java:179) ~[spring-security-web-6.5.5.jar:6.5.5]
	at org.springframework.security.web.ObservationFilterChainDecorator$ObservationFilter.wrapFilter(ObservationFilterChainDecorator.java:241) ~[spring-security-web-6.5.5.jar:6.5.5]
	at org.springframework.security.web.ObservationFilterChainDecorator$ObservationFilter.doFilter(ObservationFilterChainDecorator.java:228) ~[spring-security-web-6.5.5.jar:6.5.5]
	at org.springframework.security.web.ObservationFilterChainDecorator$VirtualFilterChain.doFilter(ObservationFilterChainDecorator.java:138) ~[spring-security-web-6.5.5.jar:6.5.5]
	at org.springframework.security.web.savedrequest.RequestCacheAwareFilter.doFilter(RequestCacheAwareFilter.java:63) ~[spring-security-web-6.5.5.jar:6.5.5]
	at org.springframework.security.web.ObservationFilterChainDecorator$ObservationFilter.wrapFilter(ObservationFilterChainDecorator.java:241) ~[spring-security-web-6.5.5.jar:6.5.5]
	at org.springframework.security.web.ObservationFilterChainDecorator$ObservationFilter.doFilter(ObservationFilterChainDecorator.java:228) ~[spring-security-web-6.5.5.jar:6.5.5]
	at org.springframework.security.web.ObservationFilterChainDecorator$VirtualFilterChain.doFilter(ObservationFilterChainDecorator.java:138) ~[spring-security-web-6.5.5.jar:6.5.5]
	at com.uit.sociusmvcapp.security.AuthorizationFilter.doFilterInternal(AuthorizationFilter.java:72) ~[main/:?]
	at org.springframework.web.filter.OncePerRequestFilter.doFilter(OncePerRequestFilter.java:116) ~[spring-web-6.2.11.jar:6.2.11]
	at org.springframework.security.web.ObservationFilterChainDecorator$ObservationFilter.wrapFilter(ObservationFilterChainDecorator.java:241) ~[spring-security-web-6.5.5.jar:6.5.5]
	at org.springframework.security.web.ObservationFilterChainDecorator$ObservationFilter.doFilter(ObservationFilterChainDecorator.java:228) ~[spring-security-web-6.5.5.jar:6.5.5]
	at org.springframework.security.web.ObservationFilterChainDecorator$VirtualFilterChain.doFilter(ObservationFilterChainDecorator.java:138) ~[spring-security-web-6.5.5.jar:6.5.5]
	at org.springframework.security.web.authentication.logout.LogoutFilter.doFilter(LogoutFilter.java:107) ~[spring-security-web-6.5.5.jar:6.5.5]
	at org.springframework.security.web.authentication.logout.LogoutFilter.doFilter(LogoutFilter.java:93) ~[spring-security-web-6.5.5.jar:6.5.5]
	at org.springframework.security.web.ObservationFilterChainDecorator$ObservationFilter.wrapFilter(ObservationFilterChainDecorator.java:241) ~[spring-security-web-6.5.5.jar:6.5.5]
	at org.springframework.security.web.ObservationFilterChainDecorator$ObservationFilter.doFilter(ObservationFilterChainDecorator.java:228) ~[spring-security-web-6.5.5.jar:6.5.5]
	at org.springframework.security.web.ObservationFilterChainDecorator$VirtualFilterChain.doFilter(ObservationFilterChainDecorator.java:138) ~[spring-security-web-6.5.5.jar:6.5.5]
	at org.springframework.web.filter.CorsFilter.doFilterInternal(CorsFilter.java:91) ~[spring-web-6.2.11.jar:6.2.11]
	at org.springframework.web.filter.OncePerRequestFilter.doFilter(OncePerRequestFilter.java:116) ~[spring-web-6.2.11.jar:6.2.11]
	at org.springframework.security.web.ObservationFilterChainDecorator$ObservationFilter.wrapFilter(ObservationFilterChainDecorator.java:241) ~[spring-security-web-6.5.5.jar:6.5.5]
	at org.springframework.security.web.ObservationFilterChainDecorator$ObservationFilter.doFilter(ObservationFilterChainDecorator.java:228) ~[spring-security-web-6.5.5.jar:6.5.5]
	at org.springframework.security.web.ObservationFilterChainDecorator$VirtualFilterChain.doFilter(ObservationFilterChainDecorator.java:138) ~[spring-security-web-6.5.5.jar:6.5.5]
	at org.springframework.security.web.header.HeaderWriterFilter.doHeadersAfter(HeaderWriterFilter.java:90) ~[spring-security-web-6.5.5.jar:6.5.5]
	at org.springframework.security.web.header.HeaderWriterFilter.doFilterInternal(HeaderWriterFilter.java:75) ~[spring-security-web-6.5.5.jar:6.5.5]
	at org.springframework.web.filter.OncePerRequestFilter.doFilter(OncePerRequestFilter.java:116) ~[spring-web-6.2.11.jar:6.2.11]
	at org.springframework.security.web.ObservationFilterChainDecorator$ObservationFilter.wrapFilter(ObservationFilterChainDecorator.java:241) ~[spring-security-web-6.5.5.jar:6.5.5]
	at org.springframework.security.web.ObservationFilterChainDecorator$ObservationFilter.doFilter(ObservationFilterChainDecorator.java:228) ~[spring-security-web-6.5.5.jar:6.5.5]
	at org.springframework.security.web.ObservationFilterChainDecorator$VirtualFilterChain.doFilter(ObservationFilterChainDecorator.java:138) ~[spring-security-web-6.5.5.jar:6.5.5]
	at org.springframework.security.web.context.SecurityContextHolderFilter.doFilter(SecurityContextHolderFilter.java:82) ~[spring-security-web-6.5.5.jar:6.5.5]
	at org.springframework.security.web.context.SecurityContextHolderFilter.doFilter(SecurityContextHolderFilter.java:69) ~[spring-security-web-6.5.5.jar:6.5.5]
	at org.springframework.security.web.ObservationFilterChainDecorator$ObservationFilter.wrapFilter(ObservationFilterChainDecorator.java:241) ~[spring-security-web-6.5.5.jar:6.5.5]
	at org.springframework.security.web.ObservationFilterChainDecorator$ObservationFilter.doFilter(ObservationFilterChainDecorator.java:228) ~[spring-security-web-6.5.5.jar:6.5.5]
	at org.springframework.security.web.ObservationFilterChainDecorator$VirtualFilterChain.doFilter(ObservationFilterChainDecorator.java:138) ~[spring-security-web-6.5.5.jar:6.5.5]
	at org.springframework.security.web.context.request.async.WebAsyncManagerIntegrationFilter.doFilterInternal(WebAsyncManagerIntegrationFilter.java:62) ~[spring-security-web-6.5.5.jar:6.5.5]
	at org.springframework.web.filter.OncePerRequestFilter.doFilter(OncePerRequestFilter.java:116) ~[spring-web-6.2.11.jar:6.2.11]
	at org.springframework.security.web.ObservationFilterChainDecorator$ObservationFilter.wrapFilter(ObservationFilterChainDecorator.java:241) ~[spring-security-web-6.5.5.jar:6.5.5]
	at org.springframework.security.web.ObservationFilterChainDecorator$ObservationFilter.doFilter(ObservationFilterChainDecorator.java:228) ~[spring-security-web-6.5.5.jar:6.5.5]
	at org.springframework.security.web.ObservationFilterChainDecorator$VirtualFilterChain.doFilter(ObservationFilterChainDecorator.java:138) ~[spring-security-web-6.5.5.jar:6.5.5]
	at org.springframework.security.web.session.DisableEncodeUrlFilter.doFilterInternal(DisableEncodeUrlFilter.java:42) ~[spring-security-web-6.5.5.jar:6.5.5]
	at org.springframework.web.filter.OncePerRequestFilter.doFilter(OncePerRequestFilter.java:116) ~[spring-web-6.2.11.jar:6.2.11]
	at org.springframework.security.web.ObservationFilterChainDecorator$ObservationFilter.wrapFilter(ObservationFilterChainDecorator.java:241) ~[spring-security-web-6.5.5.jar:6.5.5]
	at org.springframework.security.web.ObservationFilterChainDecorator$AroundFilterObservation$SimpleAroundFilterObservation.lambda$wrap$0(ObservationFilterChainDecorator.java:334) ~[spring-security-web-6.5.5.jar:6.5.5]
	at org.springframework.security.web.ObservationFilterChainDecorator$ObservationFilter.doFilter(ObservationFilterChainDecorator.java:225) ~[spring-security-web-6.5.5.jar:6.5.5]
	at org.springframework.security.web.ObservationFilterChainDecorator$VirtualFilterChain.doFilter(ObservationFilterChainDecorator.java:138) ~[spring-security-web-6.5.5.jar:6.5.5]
	at org.springframework.security.web.FilterChainProxy.doFilterInternal(FilterChainProxy.java:233) ~[spring-security-web-6.5.5.jar:6.5.5]
	at org.springframework.security.web.FilterChainProxy.doFilter(FilterChainProxy.java:191) ~[spring-security-web-6.5.5.jar:6.5.5]
	at org.springframework.web.filter.CompositeFilter$VirtualFilterChain.doFilter(CompositeFilter.java:113) ~[spring-web-6.2.11.jar:6.2.11]
	at org.springframework.web.filter.ServletRequestPathFilter.doFilter(ServletRequestPathFilter.java:52) ~[spring-web-6.2.11.jar:6.2.11]
	at org.springframework.web.filter.CompositeFilter$VirtualFilterChain.doFilter(CompositeFilter.java:113) ~[spring-web-6.2.11.jar:6.2.11]
	at org.springframework.web.filter.CompositeFilter.doFilter(CompositeFilter.java:74) ~[spring-web-6.2.11.jar:6.2.11]
	at org.springframework.security.config.annotation.web.configuration.WebSecurityConfiguration$CompositeFilterChainProxy.doFilter(WebSecurityConfiguration.java:319) ~[spring-security-config-6.5.5.jar:6.5.5]
	at org.springframework.web.filter.CompositeFilter$VirtualFilterChain.doFilter(CompositeFilter.java:113) ~[spring-web-6.2.11.jar:6.2.11]
	at org.springframework.web.servlet.handler.HandlerMappingIntrospector.lambda$createCacheFilter$4(HandlerMappingIntrospector.java:267) ~[spring-webmvc-6.2.11.jar:6.2.11]
	at org.springframework.web.filter.CompositeFilter$VirtualFilterChain.doFilter(CompositeFilter.java:113) ~[spring-web-6.2.11.jar:6.2.11]
	at org.springframework.web.filter.CompositeFilter.doFilter(CompositeFilter.java:74) ~[spring-web-6.2.11.jar:6.2.11]
	at org.springframework.security.config.annotation.web.configuration.WebMvcSecurityConfiguration$CompositeFilterChainProxy.doFilter(WebMvcSecurityConfiguration.java:240) ~[spring-security-config-6.5.5.jar:6.5.5]
	at org.springframework.web.filter.DelegatingFilterProxy.invokeDelegate(DelegatingFilterProxy.java:362) ~[spring-web-6.2.11.jar:6.2.11]
	at org.springframework.web.filter.DelegatingFilterProxy.doFilter(DelegatingFilterProxy.java:278) ~[spring-web-6.2.11.jar:6.2.11]
	at org.apache.catalina.core.ApplicationFilterChain.internalDoFilter(ApplicationFilterChain.java:164) ~[tomcat-embed-core-10.1.46.jar:10.1.46]
	at org.apache.catalina.core.ApplicationFilterChain.doFilter(ApplicationFilterChain.java:140) ~[tomcat-embed-core-10.1.46.jar:10.1.46]
	at org.springframework.web.filter.RequestContextFilter.doFilterInternal(RequestContextFilter.java:100) ~[spring-web-6.2.11.jar:6.2.11]
	at org.springframework.web.filter.OncePerRequestFilter.doFilter(OncePerRequestFilter.java:116) ~[spring-web-6.2.11.jar:6.2.11]
	at org.apache.catalina.core.ApplicationFilterChain.internalDoFilter(ApplicationFilterChain.java:164) ~[tomcat-embed-core-10.1.46.jar:10.1.46]
	at org.apache.catalina.core.ApplicationFilterChain.doFilter(ApplicationFilterChain.java:140) ~[tomcat-embed-core-10.1.46.jar:10.1.46]
	at org.springframework.web.filter.FormContentFilter.doFilterInternal(FormContentFilter.java:93) ~[spring-web-6.2.11.jar:6.2.11]
	at org.springframework.web.filter.OncePerRequestFilter.doFilter(OncePerRequestFilter.java:116) ~[spring-web-6.2.11.jar:6.2.11]
	at org.apache.catalina.core.ApplicationFilterChain.internalDoFilter(ApplicationFilterChain.java:164) ~[tomcat-embed-core-10.1.46.jar:10.1.46]
	at org.apache.catalina.core.ApplicationFilterChain.doFilter(ApplicationFilterChain.java:140) ~[tomcat-embed-core-10.1.46.jar:10.1.46]
	at org.springframework.web.filter.ServerHttpObservationFilter.doFilterInternal(ServerHttpObservationFilter.java:110) ~[spring-web-6.2.11.jar:6.2.11]
	at org.springframework.web.filter.OncePerRequestFilter.doFilter(OncePerRequestFilter.java:116) ~[spring-web-6.2.11.jar:6.2.11]
	at org.apache.catalina.core.ApplicationFilterChain.internalDoFilter(ApplicationFilterChain.java:164) ~[tomcat-embed-core-10.1.46.jar:10.1.46]
	at org.apache.catalina.core.ApplicationFilterChain.doFilter(ApplicationFilterChain.java:140) ~[tomcat-embed-core-10.1.46.jar:10.1.46]
	at org.springframework.web.filter.CharacterEncodingFilter.doFilterInternal(CharacterEncodingFilter.java:201) ~[spring-web-6.2.11.jar:6.2.11]
	at org.springframework.web.filter.OncePerRequestFilter.doFilter(OncePerRequestFilter.java:116) ~[spring-web-6.2.11.jar:6.2.11]
	at org.apache.catalina.core.ApplicationFilterChain.internalDoFilter(ApplicationFilterChain.java:164) ~[tomcat-embed-core-10.1.46.jar:10.1.46]
	at org.apache.catalina.core.ApplicationFilterChain.doFilter(ApplicationFilterChain.java:140) ~[tomcat-embed-core-10.1.46.jar:10.1.46]
	at org.apache.catalina.core.StandardWrapperValve.invoke(StandardWrapperValve.java:167) [tomcat-embed-core-10.1.46.jar:10.1.46]
	at org.apache.catalina.core.StandardContextValve.invoke(StandardContextValve.java:90) [tomcat-embed-core-10.1.46.jar:10.1.46]
	at org.apache.catalina.authenticator.AuthenticatorBase.invoke(AuthenticatorBase.java:483) [tomcat-embed-core-10.1.46.jar:10.1.46]
	at org.apache.catalina.core.StandardHostValve.invoke(StandardHostValve.java:116) [tomcat-embed-core-10.1.46.jar:10.1.46]
	at org.apache.catalina.valves.ErrorReportValve.invoke(ErrorReportValve.java:93) [tomcat-embed-core-10.1.46.jar:10.1.46]
	at org.apache.catalina.core.StandardEngineValve.invoke(StandardEngineValve.java:74) [tomcat-embed-core-10.1.46.jar:10.1.46]
	at org.apache.catalina.connector.CoyoteAdapter.service(CoyoteAdapter.java:344) [tomcat-embed-core-10.1.46.jar:10.1.46]
	at org.apache.coyote.http11.Http11Processor.service(Http11Processor.java:398) [tomcat-embed-core-10.1.46.jar:10.1.46]
	at org.apache.coyote.AbstractProcessorLight.process(AbstractProcessorLight.java:63) [tomcat-embed-core-10.1.46.jar:10.1.46]
	at org.apache.coyote.AbstractProtocol$ConnectionHandler.process(AbstractProtocol.java:903) [tomcat-embed-core-10.1.46.jar:10.1.46]
	at org.apache.tomcat.util.net.NioEndpoint$SocketProcessor.doRun(NioEndpoint.java:1776) [tomcat-embed-core-10.1.46.jar:10.1.46]
	at org.apache.tomcat.util.net.SocketProcessorBase.run(SocketProcessorBase.java:52) [tomcat-embed-core-10.1.46.jar:10.1.46]
	at org.apache.tomcat.util.threads.ThreadPoolExecutor.runWorker(ThreadPoolExecutor.java:975) [tomcat-embed-core-10.1.46.jar:10.1.46]
	at org.apache.tomcat.util.threads.ThreadPoolExecutor$Worker.run(ThreadPoolExecutor.java:493) [tomcat-embed-core-10.1.46.jar:10.1.46]
	at org.apache.tomcat.util.threads.TaskThread$WrappingRunnable.run(TaskThread.java:63) [tomcat-embed-core-10.1.46.jar:10.1.46]
	at java.base/java.lang.Thread.run(Thread.java:842) [?:?]
2025-12-11 00:21:42.041 [http-nio-8080-exec-6] DEBUG org.springframework.web.servlet.DispatcherServlet - "ERROR" dispatch for DELETE "/api/error", parameters={}
2025-12-11 00:21:42.041 [http-nio-8080-exec-6] DEBUG org.springframework.web.servlet.mvc.method.annotation.RequestMappingHandlerMapping - Mapped to org.springframework.boot.autoconfigure.web.servlet.error.BasicErrorController#error(HttpServletRequest)
2025-12-11 00:21:42.050 [http-nio-8080-exec-6] DEBUG org.springframework.web.servlet.mvc.method.annotation.HttpEntityMethodProcessor - Using 'application/json', given [*/*] and supported [application/json, application/*+json]
2025-12-11 00:21:42.051 [http-nio-8080-exec-6] DEBUG org.springframework.web.servlet.mvc.method.annotation.HttpEntityMethodProcessor - Writing [{timestamp=Thu Dec 11 00:21:42 ICT 2025, status=500, error=Internal Server Error, trace=com.uit.soci (truncated)...]
2025-12-11 00:21:42.059 [http-nio-8080-exec-6] DEBUG org.springframework.web.servlet.DispatcherServlet - Exiting from "ERROR" dispatch, status 500
2025-12-11 00:22:22.665 [http-nio-8080-exec-8] DEBUG org.springframework.web.servlet.DispatcherServlet - GET "/api/teams/TEAM002", parameters={}
2025-12-11 00:22:22.666 [http-nio-8080-exec-8] DEBUG org.springframework.web.servlet.mvc.method.annotation.RequestMappingHandlerMapping - Mapped to com.uit.sociusmvcapp.endpoint.TeamController#getTeamByTeamCode(String)
2025-12-11 00:22:22.666 [http-nio-8080-exec-8] INFO  com.uit.sociuscoremodules.team.service.impl.TeamServiceImpl - Getting team by code: TEAM002
2025-12-11 00:22:22.968 [http-nio-8080-exec-8] INFO  com.uit.sociuscoremodules.teamemployee.service.impl.TeamEmployeeServiceImpl - Getting team lead for team TEAM002
2025-12-11 00:22:23.460 [http-nio-8080-exec-8] INFO  com.uit.sociuscoremodules.teamemployee.service.impl.TeamEmployeeServiceImpl - Getting all employees in team TEAM002
2025-12-11 00:22:23.956 [http-nio-8080-exec-8] DEBUG org.springframework.web.servlet.mvc.method.annotation.HttpEntityMethodProcessor - Using 'application/json', given [*/*] and supported [application/json, application/*+json]
2025-12-11 00:22:23.956 [http-nio-8080-exec-8] DEBUG org.springframework.web.servlet.mvc.method.annotation.HttpEntityMethodProcessor - Writing [com.uit.sociuscoremodules.shared.response.Response@701dd7a1]
2025-12-11 00:22:23.960 [http-nio-8080-exec-8] DEBUG org.springframework.web.servlet.DispatcherServlet - Completed 200 OK
2025-12-11 00:26:05.501 [http-nio-8080-exec-4] WARN  com.uit.sociuscoremodules.shared.security.TokenAuthenticator - Token expired: 2025-12-10T22:38:31.000+0700
2025-12-11 00:26:05.501 [http-nio-8080-exec-4] ERROR com.uit.sociusmvcapp.security.AuthorizationFilter - Authentication failed: TOKEN_EX
2025-12-11 00:26:18.980 [http-nio-8080-exec-5] DEBUG org.springframework.web.servlet.DispatcherServlet - PUT "/api/teams/TEAM001", parameters={}
2025-12-11 00:26:18.981 [http-nio-8080-exec-5] DEBUG org.springframework.web.servlet.mvc.method.annotation.ExceptionHandlerExceptionResolver - Using @ExceptionHandler com.uit.sociusmvcapp.exception.GlobalExceptionHandler#handleUnwantedException(Exception)
2025-12-11 00:26:18.981 [http-nio-8080-exec-5] ERROR com.uit.sociusmvcapp.exception.GlobalExceptionHandler - Unexpected error: Request method 'PUT' is not supported
org.springframework.web.HttpRequestMethodNotSupportedException: Request method 'PUT' is not supported
	at org.springframework.web.servlet.mvc.method.RequestMappingInfoHandlerMapping.handleNoMatch(RequestMappingInfoHandlerMapping.java:267) ~[spring-webmvc-6.2.11.jar:6.2.11]
	at org.springframework.web.servlet.handler.AbstractHandlerMethodMapping.lookupHandlerMethod(AbstractHandlerMethodMapping.java:441) ~[spring-webmvc-6.2.11.jar:6.2.11]
	at org.springframework.web.servlet.handler.AbstractHandlerMethodMapping.getHandlerInternal(AbstractHandlerMethodMapping.java:382) ~[spring-webmvc-6.2.11.jar:6.2.11]
	at org.springframework.web.servlet.mvc.method.RequestMappingInfoHandlerMapping.getHandlerInternal(RequestMappingInfoHandlerMapping.java:127) ~[spring-webmvc-6.2.11.jar:6.2.11]
	at org.springframework.web.servlet.mvc.method.RequestMappingInfoHandlerMapping.getHandlerInternal(RequestMappingInfoHandlerMapping.java:68) ~[spring-webmvc-6.2.11.jar:6.2.11]
	at org.springframework.web.servlet.handler.AbstractHandlerMapping.getHandler(AbstractHandlerMapping.java:509) ~[spring-webmvc-6.2.11.jar:6.2.11]
	at org.springframework.web.servlet.DispatcherServlet.getHandler(DispatcherServlet.java:1284) ~[spring-webmvc-6.2.11.jar:6.2.11]
	at org.springframework.web.servlet.DispatcherServlet.doDispatch(DispatcherServlet.java:1065) ~[spring-webmvc-6.2.11.jar:6.2.11]
	at org.springframework.web.servlet.DispatcherServlet.doService(DispatcherServlet.java:979) ~[spring-webmvc-6.2.11.jar:6.2.11]
	at org.springframework.web.servlet.FrameworkServlet.processRequest(FrameworkServlet.java:1014) ~[spring-webmvc-6.2.11.jar:6.2.11]
	at org.springframework.web.servlet.FrameworkServlet.doPut(FrameworkServlet.java:925) ~[spring-webmvc-6.2.11.jar:6.2.11]
	at jakarta.servlet.http.HttpServlet.service(HttpServlet.java:593) ~[tomcat-embed-core-10.1.46.jar:6.0]
	at org.springframework.web.servlet.FrameworkServlet.service(FrameworkServlet.java:885) ~[spring-webmvc-6.2.11.jar:6.2.11]
	at jakarta.servlet.http.HttpServlet.service(HttpServlet.java:658) ~[tomcat-embed-core-10.1.46.jar:6.0]
	at org.apache.catalina.core.ApplicationFilterChain.internalDoFilter(ApplicationFilterChain.java:195) ~[tomcat-embed-core-10.1.46.jar:10.1.46]
	at org.apache.catalina.core.ApplicationFilterChain.doFilter(ApplicationFilterChain.java:140) ~[tomcat-embed-core-10.1.46.jar:10.1.46]
	at org.apache.tomcat.websocket.server.WsFilter.doFilter(WsFilter.java:51) ~[tomcat-embed-websocket-10.1.46.jar:10.1.46]
	at org.apache.catalina.core.ApplicationFilterChain.internalDoFilter(ApplicationFilterChain.java:164) ~[tomcat-embed-core-10.1.46.jar:10.1.46]
	at org.apache.catalina.core.ApplicationFilterChain.doFilter(ApplicationFilterChain.java:140) ~[tomcat-embed-core-10.1.46.jar:10.1.46]
	at org.springframework.web.filter.CompositeFilter$VirtualFilterChain.doFilter(CompositeFilter.java:108) ~[spring-web-6.2.11.jar:6.2.11]
	at org.springframework.web.filter.CompositeFilter$VirtualFilterChain.doFilter(CompositeFilter.java:108) ~[spring-web-6.2.11.jar:6.2.11]
	at org.springframework.security.web.FilterChainProxy.lambda$doFilterInternal$3(FilterChainProxy.java:231) ~[spring-security-web-6.5.5.jar:6.5.5]
	at org.springframework.security.web.ObservationFilterChainDecorator$FilterObservation$SimpleFilterObservation.lambda$wrap$1(ObservationFilterChainDecorator.java:490) ~[spring-security-web-6.5.5.jar:6.5.5]
	at org.springframework.security.web.ObservationFilterChainDecorator$AroundFilterObservation$SimpleAroundFilterObservation.lambda$wrap$1(ObservationFilterChainDecorator.java:351) ~[spring-security-web-6.5.5.jar:6.5.5]
	at org.springframework.security.web.ObservationFilterChainDecorator.lambda$wrapSecured$0(ObservationFilterChainDecorator.java:83) ~[spring-security-web-6.5.5.jar:6.5.5]
	at org.springframework.security.web.ObservationFilterChainDecorator$VirtualFilterChain.doFilter(ObservationFilterChainDecorator.java:129) ~[spring-security-web-6.5.5.jar:6.5.5]
	at org.springframework.security.web.access.intercept.AuthorizationFilter.doFilter(AuthorizationFilter.java:101) ~[spring-security-web-6.5.5.jar:6.5.5]
	at org.springframework.security.web.ObservationFilterChainDecorator$ObservationFilter.wrapFilter(ObservationFilterChainDecorator.java:241) ~[spring-security-web-6.5.5.jar:6.5.5]
	at org.springframework.security.web.ObservationFilterChainDecorator$ObservationFilter.doFilter(ObservationFilterChainDecorator.java:228) ~[spring-security-web-6.5.5.jar:6.5.5]
	at org.springframework.security.web.ObservationFilterChainDecorator$VirtualFilterChain.doFilter(ObservationFilterChainDecorator.java:138) ~[spring-security-web-6.5.5.jar:6.5.5]
	at org.springframework.security.web.access.ExceptionTranslationFilter.doFilter(ExceptionTranslationFilter.java:125) ~[spring-security-web-6.5.5.jar:6.5.5]
	at org.springframework.security.web.access.ExceptionTranslationFilter.doFilter(ExceptionTranslationFilter.java:119) ~[spring-security-web-6.5.5.jar:6.5.5]
	at org.springframework.security.web.ObservationFilterChainDecorator$ObservationFilter.wrapFilter(ObservationFilterChainDecorator.java:241) ~[spring-security-web-6.5.5.jar:6.5.5]
	at org.springframework.security.web.ObservationFilterChainDecorator$ObservationFilter.doFilter(ObservationFilterChainDecorator.java:228) ~[spring-security-web-6.5.5.jar:6.5.5]
	at org.springframework.security.web.ObservationFilterChainDecorator$VirtualFilterChain.doFilter(ObservationFilterChainDecorator.java:138) ~[spring-security-web-6.5.5.jar:6.5.5]
	at org.springframework.security.web.session.SessionManagementFilter.doFilter(SessionManagementFilter.java:131) ~[spring-security-web-6.5.5.jar:6.5.5]
	at org.springframework.security.web.session.SessionManagementFilter.doFilter(SessionManagementFilter.java:85) ~[spring-security-web-6.5.5.jar:6.5.5]
	at org.springframework.security.web.ObservationFilterChainDecorator$ObservationFilter.wrapFilter(ObservationFilterChainDecorator.java:241) ~[spring-security-web-6.5.5.jar:6.5.5]
	at org.springframework.security.web.ObservationFilterChainDecorator$ObservationFilter.doFilter(ObservationFilterChainDecorator.java:228) ~[spring-security-web-6.5.5.jar:6.5.5]
	at org.springframework.security.web.ObservationFilterChainDecorator$VirtualFilterChain.doFilter(ObservationFilterChainDecorator.java:138) ~[spring-security-web-6.5.5.jar:6.5.5]
	at org.springframework.security.web.authentication.AnonymousAuthenticationFilter.doFilter(AnonymousAuthenticationFilter.java:100) ~[spring-security-web-6.5.5.jar:6.5.5]
	at org.springframework.security.web.ObservationFilterChainDecorator$ObservationFilter.wrapFilter(ObservationFilterChainDecorator.java:241) ~[spring-security-web-6.5.5.jar:6.5.5]
	at org.springframework.security.web.ObservationFilterChainDecorator$ObservationFilter.doFilter(ObservationFilterChainDecorator.java:228) ~[spring-security-web-6.5.5.jar:6.5.5]
	at org.springframework.security.web.ObservationFilterChainDecorator$VirtualFilterChain.doFilter(ObservationFilterChainDecorator.java:138) ~[spring-security-web-6.5.5.jar:6.5.5]
	at org.springframework.security.web.servletapi.SecurityContextHolderAwareRequestFilter.doFilter(SecurityContextHolderAwareRequestFilter.java:179) ~[spring-security-web-6.5.5.jar:6.5.5]
	at org.springframework.security.web.ObservationFilterChainDecorator$ObservationFilter.wrapFilter(ObservationFilterChainDecorator.java:241) ~[spring-security-web-6.5.5.jar:6.5.5]
	at org.springframework.security.web.ObservationFilterChainDecorator$ObservationFilter.doFilter(ObservationFilterChainDecorator.java:228) ~[spring-security-web-6.5.5.jar:6.5.5]
	at org.springframework.security.web.ObservationFilterChainDecorator$VirtualFilterChain.doFilter(ObservationFilterChainDecorator.java:138) ~[spring-security-web-6.5.5.jar:6.5.5]
	at org.springframework.security.web.savedrequest.RequestCacheAwareFilter.doFilter(RequestCacheAwareFilter.java:63) ~[spring-security-web-6.5.5.jar:6.5.5]
	at org.springframework.security.web.ObservationFilterChainDecorator$ObservationFilter.wrapFilter(ObservationFilterChainDecorator.java:241) ~[spring-security-web-6.5.5.jar:6.5.5]
	at org.springframework.security.web.ObservationFilterChainDecorator$ObservationFilter.doFilter(ObservationFilterChainDecorator.java:228) ~[spring-security-web-6.5.5.jar:6.5.5]
	at org.springframework.security.web.ObservationFilterChainDecorator$VirtualFilterChain.doFilter(ObservationFilterChainDecorator.java:138) ~[spring-security-web-6.5.5.jar:6.5.5]
	at com.uit.sociusmvcapp.security.AuthorizationFilter.doFilterInternal(AuthorizationFilter.java:72) ~[main/:?]
	at org.springframework.web.filter.OncePerRequestFilter.doFilter(OncePerRequestFilter.java:116) ~[spring-web-6.2.11.jar:6.2.11]
	at org.springframework.security.web.ObservationFilterChainDecorator$ObservationFilter.wrapFilter(ObservationFilterChainDecorator.java:241) ~[spring-security-web-6.5.5.jar:6.5.5]
	at org.springframework.security.web.ObservationFilterChainDecorator$ObservationFilter.doFilter(ObservationFilterChainDecorator.java:228) ~[spring-security-web-6.5.5.jar:6.5.5]
	at org.springframework.security.web.ObservationFilterChainDecorator$VirtualFilterChain.doFilter(ObservationFilterChainDecorator.java:138) ~[spring-security-web-6.5.5.jar:6.5.5]
	at org.springframework.security.web.authentication.logout.LogoutFilter.doFilter(LogoutFilter.java:107) ~[spring-security-web-6.5.5.jar:6.5.5]
	at org.springframework.security.web.authentication.logout.LogoutFilter.doFilter(LogoutFilter.java:93) ~[spring-security-web-6.5.5.jar:6.5.5]
	at org.springframework.security.web.ObservationFilterChainDecorator$ObservationFilter.wrapFilter(ObservationFilterChainDecorator.java:241) ~[spring-security-web-6.5.5.jar:6.5.5]
	at org.springframework.security.web.ObservationFilterChainDecorator$ObservationFilter.doFilter(ObservationFilterChainDecorator.java:228) ~[spring-security-web-6.5.5.jar:6.5.5]
	at org.springframework.security.web.ObservationFilterChainDecorator$VirtualFilterChain.doFilter(ObservationFilterChainDecorator.java:138) ~[spring-security-web-6.5.5.jar:6.5.5]
	at org.springframework.web.filter.CorsFilter.doFilterInternal(CorsFilter.java:91) ~[spring-web-6.2.11.jar:6.2.11]
	at org.springframework.web.filter.OncePerRequestFilter.doFilter(OncePerRequestFilter.java:116) ~[spring-web-6.2.11.jar:6.2.11]
	at org.springframework.security.web.ObservationFilterChainDecorator$ObservationFilter.wrapFilter(ObservationFilterChainDecorator.java:241) ~[spring-security-web-6.5.5.jar:6.5.5]
	at org.springframework.security.web.ObservationFilterChainDecorator$ObservationFilter.doFilter(ObservationFilterChainDecorator.java:228) ~[spring-security-web-6.5.5.jar:6.5.5]
	at org.springframework.security.web.ObservationFilterChainDecorator$VirtualFilterChain.doFilter(ObservationFilterChainDecorator.java:138) ~[spring-security-web-6.5.5.jar:6.5.5]
	at org.springframework.security.web.header.HeaderWriterFilter.doHeadersAfter(HeaderWriterFilter.java:90) ~[spring-security-web-6.5.5.jar:6.5.5]
	at org.springframework.security.web.header.HeaderWriterFilter.doFilterInternal(HeaderWriterFilter.java:75) ~[spring-security-web-6.5.5.jar:6.5.5]
	at org.springframework.web.filter.OncePerRequestFilter.doFilter(OncePerRequestFilter.java:116) ~[spring-web-6.2.11.jar:6.2.11]
	at org.springframework.security.web.ObservationFilterChainDecorator$ObservationFilter.wrapFilter(ObservationFilterChainDecorator.java:241) ~[spring-security-web-6.5.5.jar:6.5.5]
	at org.springframework.security.web.ObservationFilterChainDecorator$ObservationFilter.doFilter(ObservationFilterChainDecorator.java:228) ~[spring-security-web-6.5.5.jar:6.5.5]
	at org.springframework.security.web.ObservationFilterChainDecorator$VirtualFilterChain.doFilter(ObservationFilterChainDecorator.java:138) ~[spring-security-web-6.5.5.jar:6.5.5]
	at org.springframework.security.web.context.SecurityContextHolderFilter.doFilter(SecurityContextHolderFilter.java:82) ~[spring-security-web-6.5.5.jar:6.5.5]
	at org.springframework.security.web.context.SecurityContextHolderFilter.doFilter(SecurityContextHolderFilter.java:69) ~[spring-security-web-6.5.5.jar:6.5.5]
	at org.springframework.security.web.ObservationFilterChainDecorator$ObservationFilter.wrapFilter(ObservationFilterChainDecorator.java:241) ~[spring-security-web-6.5.5.jar:6.5.5]
	at org.springframework.security.web.ObservationFilterChainDecorator$ObservationFilter.doFilter(ObservationFilterChainDecorator.java:228) ~[spring-security-web-6.5.5.jar:6.5.5]
	at org.springframework.security.web.ObservationFilterChainDecorator$VirtualFilterChain.doFilter(ObservationFilterChainDecorator.java:138) ~[spring-security-web-6.5.5.jar:6.5.5]
	at org.springframework.security.web.context.request.async.WebAsyncManagerIntegrationFilter.doFilterInternal(WebAsyncManagerIntegrationFilter.java:62) ~[spring-security-web-6.5.5.jar:6.5.5]
	at org.springframework.web.filter.OncePerRequestFilter.doFilter(OncePerRequestFilter.java:116) ~[spring-web-6.2.11.jar:6.2.11]
	at org.springframework.security.web.ObservationFilterChainDecorator$ObservationFilter.wrapFilter(ObservationFilterChainDecorator.java:241) ~[spring-security-web-6.5.5.jar:6.5.5]
	at org.springframework.security.web.ObservationFilterChainDecorator$ObservationFilter.doFilter(ObservationFilterChainDecorator.java:228) ~[spring-security-web-6.5.5.jar:6.5.5]
	at org.springframework.security.web.ObservationFilterChainDecorator$VirtualFilterChain.doFilter(ObservationFilterChainDecorator.java:138) ~[spring-security-web-6.5.5.jar:6.5.5]
	at org.springframework.security.web.session.DisableEncodeUrlFilter.doFilterInternal(DisableEncodeUrlFilter.java:42) ~[spring-security-web-6.5.5.jar:6.5.5]
	at org.springframework.web.filter.OncePerRequestFilter.doFilter(OncePerRequestFilter.java:116) ~[spring-web-6.2.11.jar:6.2.11]
	at org.springframework.security.web.ObservationFilterChainDecorator$ObservationFilter.wrapFilter(ObservationFilterChainDecorator.java:241) ~[spring-security-web-6.5.5.jar:6.5.5]
	at org.springframework.security.web.ObservationFilterChainDecorator$AroundFilterObservation$SimpleAroundFilterObservation.lambda$wrap$0(ObservationFilterChainDecorator.java:334) ~[spring-security-web-6.5.5.jar:6.5.5]
	at org.springframework.security.web.ObservationFilterChainDecorator$ObservationFilter.doFilter(ObservationFilterChainDecorator.java:225) ~[spring-security-web-6.5.5.jar:6.5.5]
	at org.springframework.security.web.ObservationFilterChainDecorator$VirtualFilterChain.doFilter(ObservationFilterChainDecorator.java:138) ~[spring-security-web-6.5.5.jar:6.5.5]
	at org.springframework.security.web.FilterChainProxy.doFilterInternal(FilterChainProxy.java:233) ~[spring-security-web-6.5.5.jar:6.5.5]
	at org.springframework.security.web.FilterChainProxy.doFilter(FilterChainProxy.java:191) ~[spring-security-web-6.5.5.jar:6.5.5]
	at org.springframework.web.filter.CompositeFilter$VirtualFilterChain.doFilter(CompositeFilter.java:113) ~[spring-web-6.2.11.jar:6.2.11]
	at org.springframework.web.filter.ServletRequestPathFilter.doFilter(ServletRequestPathFilter.java:52) ~[spring-web-6.2.11.jar:6.2.11]
	at org.springframework.web.filter.CompositeFilter$VirtualFilterChain.doFilter(CompositeFilter.java:113) ~[spring-web-6.2.11.jar:6.2.11]
	at org.springframework.web.filter.CompositeFilter.doFilter(CompositeFilter.java:74) ~[spring-web-6.2.11.jar:6.2.11]
	at org.springframework.security.config.annotation.web.configuration.WebSecurityConfiguration$CompositeFilterChainProxy.doFilter(WebSecurityConfiguration.java:319) ~[spring-security-config-6.5.5.jar:6.5.5]
	at org.springframework.web.filter.CompositeFilter$VirtualFilterChain.doFilter(CompositeFilter.java:113) ~[spring-web-6.2.11.jar:6.2.11]
	at org.springframework.web.servlet.handler.HandlerMappingIntrospector.lambda$createCacheFilter$4(HandlerMappingIntrospector.java:267) ~[spring-webmvc-6.2.11.jar:6.2.11]
	at org.springframework.web.filter.CompositeFilter$VirtualFilterChain.doFilter(CompositeFilter.java:113) [spring-web-6.2.11.jar:6.2.11]
	at org.springframework.web.filter.CompositeFilter.doFilter(CompositeFilter.java:74) [spring-web-6.2.11.jar:6.2.11]
	at org.springframework.security.config.annotation.web.configuration.WebMvcSecurityConfiguration$CompositeFilterChainProxy.doFilter(WebMvcSecurityConfiguration.java:240) [spring-security-config-6.5.5.jar:6.5.5]
	at org.springframework.web.filter.DelegatingFilterProxy.invokeDelegate(DelegatingFilterProxy.java:362) [spring-web-6.2.11.jar:6.2.11]
	at org.springframework.web.filter.DelegatingFilterProxy.doFilter(DelegatingFilterProxy.java:278) [spring-web-6.2.11.jar:6.2.11]
	at org.apache.catalina.core.ApplicationFilterChain.internalDoFilter(ApplicationFilterChain.java:164) [tomcat-embed-core-10.1.46.jar:10.1.46]
	at org.apache.catalina.core.ApplicationFilterChain.doFilter(ApplicationFilterChain.java:140) [tomcat-embed-core-10.1.46.jar:10.1.46]
	at org.springframework.web.filter.RequestContextFilter.doFilterInternal(RequestContextFilter.java:100) [spring-web-6.2.11.jar:6.2.11]
	at org.springframework.web.filter.OncePerRequestFilter.doFilter(OncePerRequestFilter.java:116) [spring-web-6.2.11.jar:6.2.11]
	at org.apache.catalina.core.ApplicationFilterChain.internalDoFilter(ApplicationFilterChain.java:164) [tomcat-embed-core-10.1.46.jar:10.1.46]
	at org.apache.catalina.core.ApplicationFilterChain.doFilter(ApplicationFilterChain.java:140) [tomcat-embed-core-10.1.46.jar:10.1.46]
	at org.springframework.web.filter.FormContentFilter.doFilterInternal(FormContentFilter.java:93) [spring-web-6.2.11.jar:6.2.11]
	at org.springframework.web.filter.OncePerRequestFilter.doFilter(OncePerRequestFilter.java:116) [spring-web-6.2.11.jar:6.2.11]
	at org.apache.catalina.core.ApplicationFilterChain.internalDoFilter(ApplicationFilterChain.java:164) [tomcat-embed-core-10.1.46.jar:10.1.46]
	at org.apache.catalina.core.ApplicationFilterChain.doFilter(ApplicationFilterChain.java:140) [tomcat-embed-core-10.1.46.jar:10.1.46]
	at org.springframework.web.filter.ServerHttpObservationFilter.doFilterInternal(ServerHttpObservationFilter.java:110) [spring-web-6.2.11.jar:6.2.11]
	at org.springframework.web.filter.OncePerRequestFilter.doFilter(OncePerRequestFilter.java:116) [spring-web-6.2.11.jar:6.2.11]
	at org.apache.catalina.core.ApplicationFilterChain.internalDoFilter(ApplicationFilterChain.java:164) [tomcat-embed-core-10.1.46.jar:10.1.46]
	at org.apache.catalina.core.ApplicationFilterChain.doFilter(ApplicationFilterChain.java:140) [tomcat-embed-core-10.1.46.jar:10.1.46]
	at org.springframework.web.filter.CharacterEncodingFilter.doFilterInternal(CharacterEncodingFilter.java:201) [spring-web-6.2.11.jar:6.2.11]
	at org.springframework.web.filter.OncePerRequestFilter.doFilter(OncePerRequestFilter.java:116) [spring-web-6.2.11.jar:6.2.11]
	at org.apache.catalina.core.ApplicationFilterChain.internalDoFilter(ApplicationFilterChain.java:164) [tomcat-embed-core-10.1.46.jar:10.1.46]
	at org.apache.catalina.core.ApplicationFilterChain.doFilter(ApplicationFilterChain.java:140) [tomcat-embed-core-10.1.46.jar:10.1.46]
	at org.apache.catalina.core.StandardWrapperValve.invoke(StandardWrapperValve.java:167) [tomcat-embed-core-10.1.46.jar:10.1.46]
	at org.apache.catalina.core.StandardContextValve.invoke(StandardContextValve.java:90) [tomcat-embed-core-10.1.46.jar:10.1.46]
	at org.apache.catalina.authenticator.AuthenticatorBase.invoke(AuthenticatorBase.java:483) [tomcat-embed-core-10.1.46.jar:10.1.46]
	at org.apache.catalina.core.StandardHostValve.invoke(StandardHostValve.java:116) [tomcat-embed-core-10.1.46.jar:10.1.46]
	at org.apache.catalina.valves.ErrorReportValve.invoke(ErrorReportValve.java:93) [tomcat-embed-core-10.1.46.jar:10.1.46]
	at org.apache.catalina.core.StandardEngineValve.invoke(StandardEngineValve.java:74) [tomcat-embed-core-10.1.46.jar:10.1.46]
	at org.apache.catalina.connector.CoyoteAdapter.service(CoyoteAdapter.java:344) [tomcat-embed-core-10.1.46.jar:10.1.46]
	at org.apache.coyote.http11.Http11Processor.service(Http11Processor.java:398) [tomcat-embed-core-10.1.46.jar:10.1.46]
	at org.apache.coyote.AbstractProcessorLight.process(AbstractProcessorLight.java:63) [tomcat-embed-core-10.1.46.jar:10.1.46]
	at org.apache.coyote.AbstractProtocol$ConnectionHandler.process(AbstractProtocol.java:903) [tomcat-embed-core-10.1.46.jar:10.1.46]
	at org.apache.tomcat.util.net.NioEndpoint$SocketProcessor.doRun(NioEndpoint.java:1776) [tomcat-embed-core-10.1.46.jar:10.1.46]
	at org.apache.tomcat.util.net.SocketProcessorBase.run(SocketProcessorBase.java:52) [tomcat-embed-core-10.1.46.jar:10.1.46]
	at org.apache.tomcat.util.threads.ThreadPoolExecutor.runWorker(ThreadPoolExecutor.java:975) [tomcat-embed-core-10.1.46.jar:10.1.46]
	at org.apache.tomcat.util.threads.ThreadPoolExecutor$Worker.run(ThreadPoolExecutor.java:493) [tomcat-embed-core-10.1.46.jar:10.1.46]
	at org.apache.tomcat.util.threads.TaskThread$WrappingRunnable.run(TaskThread.java:63) [tomcat-embed-core-10.1.46.jar:10.1.46]
	at java.base/java.lang.Thread.run(Thread.java:842) [?:?]
2025-12-11 00:26:18.983 [http-nio-8080-exec-5] DEBUG org.springframework.web.servlet.mvc.method.annotation.HttpEntityMethodProcessor - Using 'application/json', given [*/*] and supported [application/json, application/*+json]
2025-12-11 00:26:18.983 [http-nio-8080-exec-5] DEBUG org.springframework.web.servlet.mvc.method.annotation.HttpEntityMethodProcessor - Writing [com.uit.sociuscoremodules.shared.response.Response@4451c5b2]
2025-12-11 00:26:18.984 [http-nio-8080-exec-5] WARN  org.springframework.web.servlet.mvc.method.annotation.ExceptionHandlerExceptionResolver - Resolved [org.springframework.web.HttpRequestMethodNotSupportedException: Request method 'PUT' is not supported]
2025-12-11 00:26:18.984 [http-nio-8080-exec-5] DEBUG org.springframework.web.servlet.DispatcherServlet - Completed 500 INTERNAL_SERVER_ERROR
2025-12-11 00:26:28.203 [http-nio-8080-exec-7] DEBUG org.springframework.web.servlet.DispatcherServlet - PATCH "/api/teams/TEAM001", parameters={}
2025-12-11 00:26:28.204 [http-nio-8080-exec-7] DEBUG org.springframework.web.servlet.mvc.method.annotation.RequestMappingHandlerMapping - Mapped to com.uit.sociusmvcapp.endpoint.TeamController#updateTeam(String, TeamUpdateRequest)
2025-12-11 00:26:28.208 [http-nio-8080-exec-7] DEBUG org.springframework.web.servlet.mvc.method.annotation.RequestResponseBodyMethodProcessor - Read "application/json;charset=UTF-8" to [com.uit.sociuscoremodules.team.request.TeamUpdateRequest@52fddfeb]
2025-12-11 00:26:28.210 [http-nio-8080-exec-7] INFO  com.uit.sociuscoremodules.team.service.impl.TeamServiceImpl - Updating team: TEAM001
2025-12-11 00:26:28.720 [http-nio-8080-exec-7] INFO  com.uit.sociuscoremodules.team.service.impl.TeamServiceImpl - Team TEAM001 updated successfully
2025-12-11 00:26:28.720 [http-nio-8080-exec-7] INFO  com.uit.sociuscoremodules.team.service.impl.TeamServiceImpl - Getting team by code: TEAM001
2025-12-11 00:26:29.029 [http-nio-8080-exec-7] INFO  com.uit.sociuscoremodules.teamemployee.service.impl.TeamEmployeeServiceImpl - Getting team lead for team TEAM001
2025-12-11 00:26:29.594 [http-nio-8080-exec-7] INFO  com.uit.sociuscoremodules.teamemployee.service.impl.TeamEmployeeServiceImpl - Getting all employees in team TEAM001
2025-12-11 00:26:30.156 [http-nio-8080-exec-7] DEBUG org.springframework.web.servlet.mvc.method.annotation.HttpEntityMethodProcessor - Using 'application/json', given [*/*] and supported [application/json, application/*+json]
2025-12-11 00:26:30.156 [http-nio-8080-exec-7] DEBUG org.springframework.web.servlet.mvc.method.annotation.HttpEntityMethodProcessor - Writing [com.uit.sociuscoremodules.shared.response.Response@7140348a]
2025-12-11 00:26:30.158 [http-nio-8080-exec-7] DEBUG org.springframework.web.servlet.DispatcherServlet - Completed 200 OK
2025-12-11 00:28:00.732 [http-nio-8080-exec-10] WARN  com.uit.sociuscoremodules.shared.security.TokenAuthenticator - Token expired: 2025-12-10T22:38:31.000+0700
2025-12-11 00:28:00.733 [http-nio-8080-exec-10] ERROR com.uit.sociusmvcapp.security.AuthorizationFilter - Authentication failed: TOKEN_EX
2025-12-11 00:28:09.592 [http-nio-8080-exec-1] DEBUG org.springframework.web.servlet.DispatcherServlet - POST "/api/teams/TEAM001/employees", parameters={}
2025-12-11 00:28:09.593 [http-nio-8080-exec-1] DEBUG org.springframework.web.servlet.mvc.method.annotation.RequestMappingHandlerMapping - Mapped to com.uit.sociusmvcapp.endpoint.TeamEmployeeController#addEmployeesToTeam(String, TeamEmployeeBatchAddRequest)
2025-12-11 00:28:09.605 [http-nio-8080-exec-1] DEBUG org.springframework.web.servlet.mvc.method.annotation.RequestResponseBodyMethodProcessor - Read "application/json;charset=UTF-8" to [com.uit.sociuscoremodules.teamemployee.request.TeamEmployeeBatchAddRequest@2c782e6f]
2025-12-11 00:28:09.644 [http-nio-8080-exec-1] DEBUG org.springframework.web.servlet.mvc.method.annotation.ExceptionHandlerExceptionResolver - Using @ExceptionHandler com.uit.sociusmvcapp.exception.GlobalExceptionHandler#handleUnwantedException(Exception)
2025-12-11 00:28:09.645 [http-nio-8080-exec-1] ERROR com.uit.sociusmvcapp.exception.GlobalExceptionHandler - Unexpected error: 400 BAD_REQUEST "Validation failure"
org.springframework.web.method.annotation.HandlerMethodValidationException: 400 BAD_REQUEST "Validation failure"
	at org.springframework.web.method.annotation.HandlerMethodValidator.applyArgumentValidation(HandlerMethodValidator.java:106) ~[spring-web-6.2.11.jar:6.2.11]
	at org.springframework.web.method.support.InvocableHandlerMethod.invokeForRequest(InvocableHandlerMethod.java:187) ~[spring-web-6.2.11.jar:6.2.11]
	at org.springframework.web.servlet.mvc.method.annotation.ServletInvocableHandlerMethod.invokeAndHandle(ServletInvocableHandlerMethod.java:118) ~[spring-webmvc-6.2.11.jar:6.2.11]
	at org.springframework.web.servlet.mvc.method.annotation.RequestMappingHandlerAdapter.invokeHandlerMethod(RequestMappingHandlerAdapter.java:991) ~[spring-webmvc-6.2.11.jar:6.2.11]
	at org.springframework.web.servlet.mvc.method.annotation.RequestMappingHandlerAdapter.handleInternal(RequestMappingHandlerAdapter.java:896) ~[spring-webmvc-6.2.11.jar:6.2.11]
	at org.springframework.web.servlet.mvc.method.AbstractHandlerMethodAdapter.handle(AbstractHandlerMethodAdapter.java:87) ~[spring-webmvc-6.2.11.jar:6.2.11]
	at org.springframework.web.servlet.DispatcherServlet.doDispatch(DispatcherServlet.java:1089) ~[spring-webmvc-6.2.11.jar:6.2.11]
	at org.springframework.web.servlet.DispatcherServlet.doService(DispatcherServlet.java:979) ~[spring-webmvc-6.2.11.jar:6.2.11]
	at org.springframework.web.servlet.FrameworkServlet.processRequest(FrameworkServlet.java:1014) ~[spring-webmvc-6.2.11.jar:6.2.11]
	at org.springframework.web.servlet.FrameworkServlet.doPost(FrameworkServlet.java:914) ~[spring-webmvc-6.2.11.jar:6.2.11]
	at jakarta.servlet.http.HttpServlet.service(HttpServlet.java:590) ~[tomcat-embed-core-10.1.46.jar:6.0]
	at org.springframework.web.servlet.FrameworkServlet.service(FrameworkServlet.java:885) ~[spring-webmvc-6.2.11.jar:6.2.11]
	at jakarta.servlet.http.HttpServlet.service(HttpServlet.java:658) ~[tomcat-embed-core-10.1.46.jar:6.0]
	at org.apache.catalina.core.ApplicationFilterChain.internalDoFilter(ApplicationFilterChain.java:195) ~[tomcat-embed-core-10.1.46.jar:10.1.46]
	at org.apache.catalina.core.ApplicationFilterChain.doFilter(ApplicationFilterChain.java:140) ~[tomcat-embed-core-10.1.46.jar:10.1.46]
	at org.apache.tomcat.websocket.server.WsFilter.doFilter(WsFilter.java:51) ~[tomcat-embed-websocket-10.1.46.jar:10.1.46]
	at org.apache.catalina.core.ApplicationFilterChain.internalDoFilter(ApplicationFilterChain.java:164) ~[tomcat-embed-core-10.1.46.jar:10.1.46]
	at org.apache.catalina.core.ApplicationFilterChain.doFilter(ApplicationFilterChain.java:140) ~[tomcat-embed-core-10.1.46.jar:10.1.46]
	at org.springframework.web.filter.CompositeFilter$VirtualFilterChain.doFilter(CompositeFilter.java:108) ~[spring-web-6.2.11.jar:6.2.11]
	at org.springframework.web.filter.CompositeFilter$VirtualFilterChain.doFilter(CompositeFilter.java:108) ~[spring-web-6.2.11.jar:6.2.11]
	at org.springframework.security.web.FilterChainProxy.lambda$doFilterInternal$3(FilterChainProxy.java:231) ~[spring-security-web-6.5.5.jar:6.5.5]
	at org.springframework.security.web.ObservationFilterChainDecorator$FilterObservation$SimpleFilterObservation.lambda$wrap$1(ObservationFilterChainDecorator.java:490) ~[spring-security-web-6.5.5.jar:6.5.5]
	at org.springframework.security.web.ObservationFilterChainDecorator$AroundFilterObservation$SimpleAroundFilterObservation.lambda$wrap$1(ObservationFilterChainDecorator.java:351) ~[spring-security-web-6.5.5.jar:6.5.5]
	at org.springframework.security.web.ObservationFilterChainDecorator.lambda$wrapSecured$0(ObservationFilterChainDecorator.java:83) ~[spring-security-web-6.5.5.jar:6.5.5]
	at org.springframework.security.web.ObservationFilterChainDecorator$VirtualFilterChain.doFilter(ObservationFilterChainDecorator.java:129) ~[spring-security-web-6.5.5.jar:6.5.5]
	at org.springframework.security.web.access.intercept.AuthorizationFilter.doFilter(AuthorizationFilter.java:101) ~[spring-security-web-6.5.5.jar:6.5.5]
	at org.springframework.security.web.ObservationFilterChainDecorator$ObservationFilter.wrapFilter(ObservationFilterChainDecorator.java:241) ~[spring-security-web-6.5.5.jar:6.5.5]
	at org.springframework.security.web.ObservationFilterChainDecorator$ObservationFilter.doFilter(ObservationFilterChainDecorator.java:228) ~[spring-security-web-6.5.5.jar:6.5.5]
	at org.springframework.security.web.ObservationFilterChainDecorator$VirtualFilterChain.doFilter(ObservationFilterChainDecorator.java:138) ~[spring-security-web-6.5.5.jar:6.5.5]
	at org.springframework.security.web.access.ExceptionTranslationFilter.doFilter(ExceptionTranslationFilter.java:125) ~[spring-security-web-6.5.5.jar:6.5.5]
	at org.springframework.security.web.access.ExceptionTranslationFilter.doFilter(ExceptionTranslationFilter.java:119) ~[spring-security-web-6.5.5.jar:6.5.5]
	at org.springframework.security.web.ObservationFilterChainDecorator$ObservationFilter.wrapFilter(ObservationFilterChainDecorator.java:241) ~[spring-security-web-6.5.5.jar:6.5.5]
	at org.springframework.security.web.ObservationFilterChainDecorator$ObservationFilter.doFilter(ObservationFilterChainDecorator.java:228) ~[spring-security-web-6.5.5.jar:6.5.5]
	at org.springframework.security.web.ObservationFilterChainDecorator$VirtualFilterChain.doFilter(ObservationFilterChainDecorator.java:138) ~[spring-security-web-6.5.5.jar:6.5.5]
	at org.springframework.security.web.session.SessionManagementFilter.doFilter(SessionManagementFilter.java:131) ~[spring-security-web-6.5.5.jar:6.5.5]
	at org.springframework.security.web.session.SessionManagementFilter.doFilter(SessionManagementFilter.java:85) ~[spring-security-web-6.5.5.jar:6.5.5]
	at org.springframework.security.web.ObservationFilterChainDecorator$ObservationFilter.wrapFilter(ObservationFilterChainDecorator.java:241) ~[spring-security-web-6.5.5.jar:6.5.5]
	at org.springframework.security.web.ObservationFilterChainDecorator$ObservationFilter.doFilter(ObservationFilterChainDecorator.java:228) ~[spring-security-web-6.5.5.jar:6.5.5]
	at org.springframework.security.web.ObservationFilterChainDecorator$VirtualFilterChain.doFilter(ObservationFilterChainDecorator.java:138) ~[spring-security-web-6.5.5.jar:6.5.5]
	at org.springframework.security.web.authentication.AnonymousAuthenticationFilter.doFilter(AnonymousAuthenticationFilter.java:100) ~[spring-security-web-6.5.5.jar:6.5.5]
	at org.springframework.security.web.ObservationFilterChainDecorator$ObservationFilter.wrapFilter(ObservationFilterChainDecorator.java:241) ~[spring-security-web-6.5.5.jar:6.5.5]
	at org.springframework.security.web.ObservationFilterChainDecorator$ObservationFilter.doFilter(ObservationFilterChainDecorator.java:228) ~[spring-security-web-6.5.5.jar:6.5.5]
	at org.springframework.security.web.ObservationFilterChainDecorator$VirtualFilterChain.doFilter(ObservationFilterChainDecorator.java:138) ~[spring-security-web-6.5.5.jar:6.5.5]
	at org.springframework.security.web.servletapi.SecurityContextHolderAwareRequestFilter.doFilter(SecurityContextHolderAwareRequestFilter.java:179) ~[spring-security-web-6.5.5.jar:6.5.5]
	at org.springframework.security.web.ObservationFilterChainDecorator$ObservationFilter.wrapFilter(ObservationFilterChainDecorator.java:241) ~[spring-security-web-6.5.5.jar:6.5.5]
	at org.springframework.security.web.ObservationFilterChainDecorator$ObservationFilter.doFilter(ObservationFilterChainDecorator.java:228) ~[spring-security-web-6.5.5.jar:6.5.5]
	at org.springframework.security.web.ObservationFilterChainDecorator$VirtualFilterChain.doFilter(ObservationFilterChainDecorator.java:138) ~[spring-security-web-6.5.5.jar:6.5.5]
	at org.springframework.security.web.savedrequest.RequestCacheAwareFilter.doFilter(RequestCacheAwareFilter.java:63) ~[spring-security-web-6.5.5.jar:6.5.5]
	at org.springframework.security.web.ObservationFilterChainDecorator$ObservationFilter.wrapFilter(ObservationFilterChainDecorator.java:241) ~[spring-security-web-6.5.5.jar:6.5.5]
	at org.springframework.security.web.ObservationFilterChainDecorator$ObservationFilter.doFilter(ObservationFilterChainDecorator.java:228) ~[spring-security-web-6.5.5.jar:6.5.5]
	at org.springframework.security.web.ObservationFilterChainDecorator$VirtualFilterChain.doFilter(ObservationFilterChainDecorator.java:138) ~[spring-security-web-6.5.5.jar:6.5.5]
	at com.uit.sociusmvcapp.security.AuthorizationFilter.doFilterInternal(AuthorizationFilter.java:72) ~[main/:?]
	at org.springframework.web.filter.OncePerRequestFilter.doFilter(OncePerRequestFilter.java:116) ~[spring-web-6.2.11.jar:6.2.11]
	at org.springframework.security.web.ObservationFilterChainDecorator$ObservationFilter.wrapFilter(ObservationFilterChainDecorator.java:241) ~[spring-security-web-6.5.5.jar:6.5.5]
	at org.springframework.security.web.ObservationFilterChainDecorator$ObservationFilter.doFilter(ObservationFilterChainDecorator.java:228) ~[spring-security-web-6.5.5.jar:6.5.5]
	at org.springframework.security.web.ObservationFilterChainDecorator$VirtualFilterChain.doFilter(ObservationFilterChainDecorator.java:138) ~[spring-security-web-6.5.5.jar:6.5.5]
	at org.springframework.security.web.authentication.logout.LogoutFilter.doFilter(LogoutFilter.java:107) ~[spring-security-web-6.5.5.jar:6.5.5]
	at org.springframework.security.web.authentication.logout.LogoutFilter.doFilter(LogoutFilter.java:93) ~[spring-security-web-6.5.5.jar:6.5.5]
	at org.springframework.security.web.ObservationFilterChainDecorator$ObservationFilter.wrapFilter(ObservationFilterChainDecorator.java:241) ~[spring-security-web-6.5.5.jar:6.5.5]
	at org.springframework.security.web.ObservationFilterChainDecorator$ObservationFilter.doFilter(ObservationFilterChainDecorator.java:228) ~[spring-security-web-6.5.5.jar:6.5.5]
	at org.springframework.security.web.ObservationFilterChainDecorator$VirtualFilterChain.doFilter(ObservationFilterChainDecorator.java:138) ~[spring-security-web-6.5.5.jar:6.5.5]
	at org.springframework.web.filter.CorsFilter.doFilterInternal(CorsFilter.java:91) ~[spring-web-6.2.11.jar:6.2.11]
	at org.springframework.web.filter.OncePerRequestFilter.doFilter(OncePerRequestFilter.java:116) ~[spring-web-6.2.11.jar:6.2.11]
	at org.springframework.security.web.ObservationFilterChainDecorator$ObservationFilter.wrapFilter(ObservationFilterChainDecorator.java:241) ~[spring-security-web-6.5.5.jar:6.5.5]
	at org.springframework.security.web.ObservationFilterChainDecorator$ObservationFilter.doFilter(ObservationFilterChainDecorator.java:228) ~[spring-security-web-6.5.5.jar:6.5.5]
	at org.springframework.security.web.ObservationFilterChainDecorator$VirtualFilterChain.doFilter(ObservationFilterChainDecorator.java:138) ~[spring-security-web-6.5.5.jar:6.5.5]
	at org.springframework.security.web.header.HeaderWriterFilter.doHeadersAfter(HeaderWriterFilter.java:90) ~[spring-security-web-6.5.5.jar:6.5.5]
	at org.springframework.security.web.header.HeaderWriterFilter.doFilterInternal(HeaderWriterFilter.java:75) ~[spring-security-web-6.5.5.jar:6.5.5]
	at org.springframework.web.filter.OncePerRequestFilter.doFilter(OncePerRequestFilter.java:116) ~[spring-web-6.2.11.jar:6.2.11]
	at org.springframework.security.web.ObservationFilterChainDecorator$ObservationFilter.wrapFilter(ObservationFilterChainDecorator.java:241) ~[spring-security-web-6.5.5.jar:6.5.5]
	at org.springframework.security.web.ObservationFilterChainDecorator$ObservationFilter.doFilter(ObservationFilterChainDecorator.java:228) ~[spring-security-web-6.5.5.jar:6.5.5]
	at org.springframework.security.web.ObservationFilterChainDecorator$VirtualFilterChain.doFilter(ObservationFilterChainDecorator.java:138) ~[spring-security-web-6.5.5.jar:6.5.5]
	at org.springframework.security.web.context.SecurityContextHolderFilter.doFilter(SecurityContextHolderFilter.java:82) ~[spring-security-web-6.5.5.jar:6.5.5]
	at org.springframework.security.web.context.SecurityContextHolderFilter.doFilter(SecurityContextHolderFilter.java:69) ~[spring-security-web-6.5.5.jar:6.5.5]
	at org.springframework.security.web.ObservationFilterChainDecorator$ObservationFilter.wrapFilter(ObservationFilterChainDecorator.java:241) ~[spring-security-web-6.5.5.jar:6.5.5]
	at org.springframework.security.web.ObservationFilterChainDecorator$ObservationFilter.doFilter(ObservationFilterChainDecorator.java:228) ~[spring-security-web-6.5.5.jar:6.5.5]
	at org.springframework.security.web.ObservationFilterChainDecorator$VirtualFilterChain.doFilter(ObservationFilterChainDecorator.java:138) ~[spring-security-web-6.5.5.jar:6.5.5]
	at org.springframework.security.web.context.request.async.WebAsyncManagerIntegrationFilter.doFilterInternal(WebAsyncManagerIntegrationFilter.java:62) ~[spring-security-web-6.5.5.jar:6.5.5]
	at org.springframework.web.filter.OncePerRequestFilter.doFilter(OncePerRequestFilter.java:116) ~[spring-web-6.2.11.jar:6.2.11]
	at org.springframework.security.web.ObservationFilterChainDecorator$ObservationFilter.wrapFilter(ObservationFilterChainDecorator.java:241) ~[spring-security-web-6.5.5.jar:6.5.5]
	at org.springframework.security.web.ObservationFilterChainDecorator$ObservationFilter.doFilter(ObservationFilterChainDecorator.java:228) ~[spring-security-web-6.5.5.jar:6.5.5]
	at org.springframework.security.web.ObservationFilterChainDecorator$VirtualFilterChain.doFilter(ObservationFilterChainDecorator.java:138) ~[spring-security-web-6.5.5.jar:6.5.5]
	at org.springframework.security.web.session.DisableEncodeUrlFilter.doFilterInternal(DisableEncodeUrlFilter.java:42) ~[spring-security-web-6.5.5.jar:6.5.5]
	at org.springframework.web.filter.OncePerRequestFilter.doFilter(OncePerRequestFilter.java:116) ~[spring-web-6.2.11.jar:6.2.11]
	at org.springframework.security.web.ObservationFilterChainDecorator$ObservationFilter.wrapFilter(ObservationFilterChainDecorator.java:241) ~[spring-security-web-6.5.5.jar:6.5.5]
	at org.springframework.security.web.ObservationFilterChainDecorator$AroundFilterObservation$SimpleAroundFilterObservation.lambda$wrap$0(ObservationFilterChainDecorator.java:334) ~[spring-security-web-6.5.5.jar:6.5.5]
	at org.springframework.security.web.ObservationFilterChainDecorator$ObservationFilter.doFilter(ObservationFilterChainDecorator.java:225) ~[spring-security-web-6.5.5.jar:6.5.5]
	at org.springframework.security.web.ObservationFilterChainDecorator$VirtualFilterChain.doFilter(ObservationFilterChainDecorator.java:138) ~[spring-security-web-6.5.5.jar:6.5.5]
	at org.springframework.security.web.FilterChainProxy.doFilterInternal(FilterChainProxy.java:233) ~[spring-security-web-6.5.5.jar:6.5.5]
	at org.springframework.security.web.FilterChainProxy.doFilter(FilterChainProxy.java:191) ~[spring-security-web-6.5.5.jar:6.5.5]
	at org.springframework.web.filter.CompositeFilter$VirtualFilterChain.doFilter(CompositeFilter.java:113) ~[spring-web-6.2.11.jar:6.2.11]
	at org.springframework.web.filter.ServletRequestPathFilter.doFilter(ServletRequestPathFilter.java:52) ~[spring-web-6.2.11.jar:6.2.11]
	at org.springframework.web.filter.CompositeFilter$VirtualFilterChain.doFilter(CompositeFilter.java:113) ~[spring-web-6.2.11.jar:6.2.11]
	at org.springframework.web.filter.CompositeFilter.doFilter(CompositeFilter.java:74) ~[spring-web-6.2.11.jar:6.2.11]
	at org.springframework.security.config.annotation.web.configuration.WebSecurityConfiguration$CompositeFilterChainProxy.doFilter(WebSecurityConfiguration.java:319) ~[spring-security-config-6.5.5.jar:6.5.5]
	at org.springframework.web.filter.CompositeFilter$VirtualFilterChain.doFilter(CompositeFilter.java:113) ~[spring-web-6.2.11.jar:6.2.11]
	at org.springframework.web.servlet.handler.HandlerMappingIntrospector.lambda$createCacheFilter$4(HandlerMappingIntrospector.java:267) ~[spring-webmvc-6.2.11.jar:6.2.11]
	at org.springframework.web.filter.CompositeFilter$VirtualFilterChain.doFilter(CompositeFilter.java:113) [spring-web-6.2.11.jar:6.2.11]
	at org.springframework.web.filter.CompositeFilter.doFilter(CompositeFilter.java:74) [spring-web-6.2.11.jar:6.2.11]
	at org.springframework.security.config.annotation.web.configuration.WebMvcSecurityConfiguration$CompositeFilterChainProxy.doFilter(WebMvcSecurityConfiguration.java:240) [spring-security-config-6.5.5.jar:6.5.5]
	at org.springframework.web.filter.DelegatingFilterProxy.invokeDelegate(DelegatingFilterProxy.java:362) [spring-web-6.2.11.jar:6.2.11]
	at org.springframework.web.filter.DelegatingFilterProxy.doFilter(DelegatingFilterProxy.java:278) [spring-web-6.2.11.jar:6.2.11]
	at org.apache.catalina.core.ApplicationFilterChain.internalDoFilter(ApplicationFilterChain.java:164) [tomcat-embed-core-10.1.46.jar:10.1.46]
	at org.apache.catalina.core.ApplicationFilterChain.doFilter(ApplicationFilterChain.java:140) [tomcat-embed-core-10.1.46.jar:10.1.46]
	at org.springframework.web.filter.RequestContextFilter.doFilterInternal(RequestContextFilter.java:100) [spring-web-6.2.11.jar:6.2.11]
	at org.springframework.web.filter.OncePerRequestFilter.doFilter(OncePerRequestFilter.java:116) [spring-web-6.2.11.jar:6.2.11]
	at org.apache.catalina.core.ApplicationFilterChain.internalDoFilter(ApplicationFilterChain.java:164) [tomcat-embed-core-10.1.46.jar:10.1.46]
	at org.apache.catalina.core.ApplicationFilterChain.doFilter(ApplicationFilterChain.java:140) [tomcat-embed-core-10.1.46.jar:10.1.46]
	at org.springframework.web.filter.FormContentFilter.doFilterInternal(FormContentFilter.java:93) [spring-web-6.2.11.jar:6.2.11]
	at org.springframework.web.filter.OncePerRequestFilter.doFilter(OncePerRequestFilter.java:116) [spring-web-6.2.11.jar:6.2.11]
	at org.apache.catalina.core.ApplicationFilterChain.internalDoFilter(ApplicationFilterChain.java:164) [tomcat-embed-core-10.1.46.jar:10.1.46]
	at org.apache.catalina.core.ApplicationFilterChain.doFilter(ApplicationFilterChain.java:140) [tomcat-embed-core-10.1.46.jar:10.1.46]
	at org.springframework.web.filter.ServerHttpObservationFilter.doFilterInternal(ServerHttpObservationFilter.java:110) [spring-web-6.2.11.jar:6.2.11]
	at org.springframework.web.filter.OncePerRequestFilter.doFilter(OncePerRequestFilter.java:116) [spring-web-6.2.11.jar:6.2.11]
	at org.apache.catalina.core.ApplicationFilterChain.internalDoFilter(ApplicationFilterChain.java:164) [tomcat-embed-core-10.1.46.jar:10.1.46]
	at org.apache.catalina.core.ApplicationFilterChain.doFilter(ApplicationFilterChain.java:140) [tomcat-embed-core-10.1.46.jar:10.1.46]
	at org.springframework.web.filter.CharacterEncodingFilter.doFilterInternal(CharacterEncodingFilter.java:201) [spring-web-6.2.11.jar:6.2.11]
	at org.springframework.web.filter.OncePerRequestFilter.doFilter(OncePerRequestFilter.java:116) [spring-web-6.2.11.jar:6.2.11]
	at org.apache.catalina.core.ApplicationFilterChain.internalDoFilter(ApplicationFilterChain.java:164) [tomcat-embed-core-10.1.46.jar:10.1.46]
	at org.apache.catalina.core.ApplicationFilterChain.doFilter(ApplicationFilterChain.java:140) [tomcat-embed-core-10.1.46.jar:10.1.46]
	at org.apache.catalina.core.StandardWrapperValve.invoke(StandardWrapperValve.java:167) [tomcat-embed-core-10.1.46.jar:10.1.46]
	at org.apache.catalina.core.StandardContextValve.invoke(StandardContextValve.java:90) [tomcat-embed-core-10.1.46.jar:10.1.46]
	at org.apache.catalina.authenticator.AuthenticatorBase.invoke(AuthenticatorBase.java:483) [tomcat-embed-core-10.1.46.jar:10.1.46]
	at org.apache.catalina.core.StandardHostValve.invoke(StandardHostValve.java:116) [tomcat-embed-core-10.1.46.jar:10.1.46]
	at org.apache.catalina.valves.ErrorReportValve.invoke(ErrorReportValve.java:93) [tomcat-embed-core-10.1.46.jar:10.1.46]
	at org.apache.catalina.core.StandardEngineValve.invoke(StandardEngineValve.java:74) [tomcat-embed-core-10.1.46.jar:10.1.46]
	at org.apache.catalina.connector.CoyoteAdapter.service(CoyoteAdapter.java:344) [tomcat-embed-core-10.1.46.jar:10.1.46]
	at org.apache.coyote.http11.Http11Processor.service(Http11Processor.java:398) [tomcat-embed-core-10.1.46.jar:10.1.46]
	at org.apache.coyote.AbstractProcessorLight.process(AbstractProcessorLight.java:63) [tomcat-embed-core-10.1.46.jar:10.1.46]
	at org.apache.coyote.AbstractProtocol$ConnectionHandler.process(AbstractProtocol.java:903) [tomcat-embed-core-10.1.46.jar:10.1.46]
	at org.apache.tomcat.util.net.NioEndpoint$SocketProcessor.doRun(NioEndpoint.java:1776) [tomcat-embed-core-10.1.46.jar:10.1.46]
	at org.apache.tomcat.util.net.SocketProcessorBase.run(SocketProcessorBase.java:52) [tomcat-embed-core-10.1.46.jar:10.1.46]
	at org.apache.tomcat.util.threads.ThreadPoolExecutor.runWorker(ThreadPoolExecutor.java:975) [tomcat-embed-core-10.1.46.jar:10.1.46]
	at org.apache.tomcat.util.threads.ThreadPoolExecutor$Worker.run(ThreadPoolExecutor.java:493) [tomcat-embed-core-10.1.46.jar:10.1.46]
	at org.apache.tomcat.util.threads.TaskThread$WrappingRunnable.run(TaskThread.java:63) [tomcat-embed-core-10.1.46.jar:10.1.46]
	at java.base/java.lang.Thread.run(Thread.java:842) [?:?]
2025-12-11 00:28:09.646 [http-nio-8080-exec-1] DEBUG org.springframework.web.servlet.mvc.method.annotation.HttpEntityMethodProcessor - Using 'application/json', given [*/*] and supported [application/json, application/*+json]
2025-12-11 00:28:09.646 [http-nio-8080-exec-1] DEBUG org.springframework.web.servlet.mvc.method.annotation.HttpEntityMethodProcessor - Writing [com.uit.sociuscoremodules.shared.response.Response@13647586]
2025-12-11 00:28:09.647 [http-nio-8080-exec-1] WARN  org.springframework.web.servlet.mvc.method.annotation.ExceptionHandlerExceptionResolver - Resolved [org.springframework.web.method.annotation.HandlerMethodValidationException: 400 BAD_REQUEST "Validation failure"]
2025-12-11 00:28:09.648 [http-nio-8080-exec-1] DEBUG org.springframework.web.servlet.DispatcherServlet - Completed 500 INTERNAL_SERVER_ERROR
2025-12-11 00:28:25.866 [http-nio-8080-exec-3] DEBUG org.springframework.web.servlet.DispatcherServlet - POST "/api/teams/TEAM001/employees", parameters={}
2025-12-11 00:28:25.868 [http-nio-8080-exec-3] DEBUG org.springframework.web.servlet.mvc.method.annotation.RequestMappingHandlerMapping - Mapped to com.uit.sociusmvcapp.endpoint.TeamEmployeeController#addEmployeesToTeam(String, TeamEmployeeBatchAddRequest)
2025-12-11 00:28:25.869 [http-nio-8080-exec-3] DEBUG org.springframework.web.servlet.mvc.method.annotation.RequestResponseBodyMethodProcessor - Read "application/json;charset=UTF-8" to [com.uit.sociuscoremodules.teamemployee.request.TeamEmployeeBatchAddRequest@494f29d3]
2025-12-11 00:28:25.870 [http-nio-8080-exec-3] DEBUG org.springframework.web.servlet.mvc.method.annotation.ExceptionHandlerExceptionResolver - Using @ExceptionHandler com.uit.sociusmvcapp.exception.GlobalExceptionHandler#handleUnwantedException(Exception)
2025-12-11 00:28:25.870 [http-nio-8080-exec-3] ERROR com.uit.sociusmvcapp.exception.GlobalExceptionHandler - Unexpected error: 400 BAD_REQUEST "Validation failure"
org.springframework.web.method.annotation.HandlerMethodValidationException: 400 BAD_REQUEST "Validation failure"
	at org.springframework.web.method.annotation.HandlerMethodValidator.applyArgumentValidation(HandlerMethodValidator.java:106) ~[spring-web-6.2.11.jar:6.2.11]
	at org.springframework.web.method.support.InvocableHandlerMethod.invokeForRequest(InvocableHandlerMethod.java:187) ~[spring-web-6.2.11.jar:6.2.11]
	at org.springframework.web.servlet.mvc.method.annotation.ServletInvocableHandlerMethod.invokeAndHandle(ServletInvocableHandlerMethod.java:118) ~[spring-webmvc-6.2.11.jar:6.2.11]
	at org.springframework.web.servlet.mvc.method.annotation.RequestMappingHandlerAdapter.invokeHandlerMethod(RequestMappingHandlerAdapter.java:991) ~[spring-webmvc-6.2.11.jar:6.2.11]
	at org.springframework.web.servlet.mvc.method.annotation.RequestMappingHandlerAdapter.handleInternal(RequestMappingHandlerAdapter.java:896) ~[spring-webmvc-6.2.11.jar:6.2.11]
	at org.springframework.web.servlet.mvc.method.AbstractHandlerMethodAdapter.handle(AbstractHandlerMethodAdapter.java:87) ~[spring-webmvc-6.2.11.jar:6.2.11]
	at org.springframework.web.servlet.DispatcherServlet.doDispatch(DispatcherServlet.java:1089) ~[spring-webmvc-6.2.11.jar:6.2.11]
	at org.springframework.web.servlet.DispatcherServlet.doService(DispatcherServlet.java:979) ~[spring-webmvc-6.2.11.jar:6.2.11]
	at org.springframework.web.servlet.FrameworkServlet.processRequest(FrameworkServlet.java:1014) ~[spring-webmvc-6.2.11.jar:6.2.11]
	at org.springframework.web.servlet.FrameworkServlet.doPost(FrameworkServlet.java:914) ~[spring-webmvc-6.2.11.jar:6.2.11]
	at jakarta.servlet.http.HttpServlet.service(HttpServlet.java:590) ~[tomcat-embed-core-10.1.46.jar:6.0]
	at org.springframework.web.servlet.FrameworkServlet.service(FrameworkServlet.java:885) ~[spring-webmvc-6.2.11.jar:6.2.11]
	at jakarta.servlet.http.HttpServlet.service(HttpServlet.java:658) ~[tomcat-embed-core-10.1.46.jar:6.0]
	at org.apache.catalina.core.ApplicationFilterChain.internalDoFilter(ApplicationFilterChain.java:195) ~[tomcat-embed-core-10.1.46.jar:10.1.46]
	at org.apache.catalina.core.ApplicationFilterChain.doFilter(ApplicationFilterChain.java:140) ~[tomcat-embed-core-10.1.46.jar:10.1.46]
	at org.apache.tomcat.websocket.server.WsFilter.doFilter(WsFilter.java:51) ~[tomcat-embed-websocket-10.1.46.jar:10.1.46]
	at org.apache.catalina.core.ApplicationFilterChain.internalDoFilter(ApplicationFilterChain.java:164) ~[tomcat-embed-core-10.1.46.jar:10.1.46]
	at org.apache.catalina.core.ApplicationFilterChain.doFilter(ApplicationFilterChain.java:140) ~[tomcat-embed-core-10.1.46.jar:10.1.46]
	at org.springframework.web.filter.CompositeFilter$VirtualFilterChain.doFilter(CompositeFilter.java:108) ~[spring-web-6.2.11.jar:6.2.11]
	at org.springframework.web.filter.CompositeFilter$VirtualFilterChain.doFilter(CompositeFilter.java:108) ~[spring-web-6.2.11.jar:6.2.11]
	at org.springframework.security.web.FilterChainProxy.lambda$doFilterInternal$3(FilterChainProxy.java:231) ~[spring-security-web-6.5.5.jar:6.5.5]
	at org.springframework.security.web.ObservationFilterChainDecorator$FilterObservation$SimpleFilterObservation.lambda$wrap$1(ObservationFilterChainDecorator.java:490) ~[spring-security-web-6.5.5.jar:6.5.5]
	at org.springframework.security.web.ObservationFilterChainDecorator$AroundFilterObservation$SimpleAroundFilterObservation.lambda$wrap$1(ObservationFilterChainDecorator.java:351) ~[spring-security-web-6.5.5.jar:6.5.5]
	at org.springframework.security.web.ObservationFilterChainDecorator.lambda$wrapSecured$0(ObservationFilterChainDecorator.java:83) ~[spring-security-web-6.5.5.jar:6.5.5]
	at org.springframework.security.web.ObservationFilterChainDecorator$VirtualFilterChain.doFilter(ObservationFilterChainDecorator.java:129) ~[spring-security-web-6.5.5.jar:6.5.5]
	at org.springframework.security.web.access.intercept.AuthorizationFilter.doFilter(AuthorizationFilter.java:101) ~[spring-security-web-6.5.5.jar:6.5.5]
	at org.springframework.security.web.ObservationFilterChainDecorator$ObservationFilter.wrapFilter(ObservationFilterChainDecorator.java:241) ~[spring-security-web-6.5.5.jar:6.5.5]
	at org.springframework.security.web.ObservationFilterChainDecorator$ObservationFilter.doFilter(ObservationFilterChainDecorator.java:228) ~[spring-security-web-6.5.5.jar:6.5.5]
	at org.springframework.security.web.ObservationFilterChainDecorator$VirtualFilterChain.doFilter(ObservationFilterChainDecorator.java:138) ~[spring-security-web-6.5.5.jar:6.5.5]
	at org.springframework.security.web.access.ExceptionTranslationFilter.doFilter(ExceptionTranslationFilter.java:125) ~[spring-security-web-6.5.5.jar:6.5.5]
	at org.springframework.security.web.access.ExceptionTranslationFilter.doFilter(ExceptionTranslationFilter.java:119) ~[spring-security-web-6.5.5.jar:6.5.5]
	at org.springframework.security.web.ObservationFilterChainDecorator$ObservationFilter.wrapFilter(ObservationFilterChainDecorator.java:241) ~[spring-security-web-6.5.5.jar:6.5.5]
	at org.springframework.security.web.ObservationFilterChainDecorator$ObservationFilter.doFilter(ObservationFilterChainDecorator.java:228) ~[spring-security-web-6.5.5.jar:6.5.5]
	at org.springframework.security.web.ObservationFilterChainDecorator$VirtualFilterChain.doFilter(ObservationFilterChainDecorator.java:138) ~[spring-security-web-6.5.5.jar:6.5.5]
	at org.springframework.security.web.session.SessionManagementFilter.doFilter(SessionManagementFilter.java:131) ~[spring-security-web-6.5.5.jar:6.5.5]
	at org.springframework.security.web.session.SessionManagementFilter.doFilter(SessionManagementFilter.java:85) ~[spring-security-web-6.5.5.jar:6.5.5]
	at org.springframework.security.web.ObservationFilterChainDecorator$ObservationFilter.wrapFilter(ObservationFilterChainDecorator.java:241) ~[spring-security-web-6.5.5.jar:6.5.5]
	at org.springframework.security.web.ObservationFilterChainDecorator$ObservationFilter.doFilter(ObservationFilterChainDecorator.java:228) ~[spring-security-web-6.5.5.jar:6.5.5]
	at org.springframework.security.web.ObservationFilterChainDecorator$VirtualFilterChain.doFilter(ObservationFilterChainDecorator.java:138) ~[spring-security-web-6.5.5.jar:6.5.5]
	at org.springframework.security.web.authentication.AnonymousAuthenticationFilter.doFilter(AnonymousAuthenticationFilter.java:100) ~[spring-security-web-6.5.5.jar:6.5.5]
	at org.springframework.security.web.ObservationFilterChainDecorator$ObservationFilter.wrapFilter(ObservationFilterChainDecorator.java:241) ~[spring-security-web-6.5.5.jar:6.5.5]
	at org.springframework.security.web.ObservationFilterChainDecorator$ObservationFilter.doFilter(ObservationFilterChainDecorator.java:228) ~[spring-security-web-6.5.5.jar:6.5.5]
	at org.springframework.security.web.ObservationFilterChainDecorator$VirtualFilterChain.doFilter(ObservationFilterChainDecorator.java:138) ~[spring-security-web-6.5.5.jar:6.5.5]
	at org.springframework.security.web.servletapi.SecurityContextHolderAwareRequestFilter.doFilter(SecurityContextHolderAwareRequestFilter.java:179) ~[spring-security-web-6.5.5.jar:6.5.5]
	at org.springframework.security.web.ObservationFilterChainDecorator$ObservationFilter.wrapFilter(ObservationFilterChainDecorator.java:241) ~[spring-security-web-6.5.5.jar:6.5.5]
	at org.springframework.security.web.ObservationFilterChainDecorator$ObservationFilter.doFilter(ObservationFilterChainDecorator.java:228) ~[spring-security-web-6.5.5.jar:6.5.5]
	at org.springframework.security.web.ObservationFilterChainDecorator$VirtualFilterChain.doFilter(ObservationFilterChainDecorator.java:138) ~[spring-security-web-6.5.5.jar:6.5.5]
	at org.springframework.security.web.savedrequest.RequestCacheAwareFilter.doFilter(RequestCacheAwareFilter.java:63) ~[spring-security-web-6.5.5.jar:6.5.5]
	at org.springframework.security.web.ObservationFilterChainDecorator$ObservationFilter.wrapFilter(ObservationFilterChainDecorator.java:241) ~[spring-security-web-6.5.5.jar:6.5.5]
	at org.springframework.security.web.ObservationFilterChainDecorator$ObservationFilter.doFilter(ObservationFilterChainDecorator.java:228) ~[spring-security-web-6.5.5.jar:6.5.5]
	at org.springframework.security.web.ObservationFilterChainDecorator$VirtualFilterChain.doFilter(ObservationFilterChainDecorator.java:138) ~[spring-security-web-6.5.5.jar:6.5.5]
	at com.uit.sociusmvcapp.security.AuthorizationFilter.doFilterInternal(AuthorizationFilter.java:72) ~[main/:?]
	at org.springframework.web.filter.OncePerRequestFilter.doFilter(OncePerRequestFilter.java:116) ~[spring-web-6.2.11.jar:6.2.11]
	at org.springframework.security.web.ObservationFilterChainDecorator$ObservationFilter.wrapFilter(ObservationFilterChainDecorator.java:241) ~[spring-security-web-6.5.5.jar:6.5.5]
	at org.springframework.security.web.ObservationFilterChainDecorator$ObservationFilter.doFilter(ObservationFilterChainDecorator.java:228) ~[spring-security-web-6.5.5.jar:6.5.5]
	at org.springframework.security.web.ObservationFilterChainDecorator$VirtualFilterChain.doFilter(ObservationFilterChainDecorator.java:138) ~[spring-security-web-6.5.5.jar:6.5.5]
	at org.springframework.security.web.authentication.logout.LogoutFilter.doFilter(LogoutFilter.java:107) ~[spring-security-web-6.5.5.jar:6.5.5]
	at org.springframework.security.web.authentication.logout.LogoutFilter.doFilter(LogoutFilter.java:93) ~[spring-security-web-6.5.5.jar:6.5.5]
	at org.springframework.security.web.ObservationFilterChainDecorator$ObservationFilter.wrapFilter(ObservationFilterChainDecorator.java:241) ~[spring-security-web-6.5.5.jar:6.5.5]
	at org.springframework.security.web.ObservationFilterChainDecorator$ObservationFilter.doFilter(ObservationFilterChainDecorator.java:228) ~[spring-security-web-6.5.5.jar:6.5.5]
	at org.springframework.security.web.ObservationFilterChainDecorator$VirtualFilterChain.doFilter(ObservationFilterChainDecorator.java:138) ~[spring-security-web-6.5.5.jar:6.5.5]
	at org.springframework.web.filter.CorsFilter.doFilterInternal(CorsFilter.java:91) ~[spring-web-6.2.11.jar:6.2.11]
	at org.springframework.web.filter.OncePerRequestFilter.doFilter(OncePerRequestFilter.java:116) ~[spring-web-6.2.11.jar:6.2.11]
	at org.springframework.security.web.ObservationFilterChainDecorator$ObservationFilter.wrapFilter(ObservationFilterChainDecorator.java:241) ~[spring-security-web-6.5.5.jar:6.5.5]
	at org.springframework.security.web.ObservationFilterChainDecorator$ObservationFilter.doFilter(ObservationFilterChainDecorator.java:228) ~[spring-security-web-6.5.5.jar:6.5.5]
	at org.springframework.security.web.ObservationFilterChainDecorator$VirtualFilterChain.doFilter(ObservationFilterChainDecorator.java:138) ~[spring-security-web-6.5.5.jar:6.5.5]
	at org.springframework.security.web.header.HeaderWriterFilter.doHeadersAfter(HeaderWriterFilter.java:90) ~[spring-security-web-6.5.5.jar:6.5.5]
	at org.springframework.security.web.header.HeaderWriterFilter.doFilterInternal(HeaderWriterFilter.java:75) ~[spring-security-web-6.5.5.jar:6.5.5]
	at org.springframework.web.filter.OncePerRequestFilter.doFilter(OncePerRequestFilter.java:116) ~[spring-web-6.2.11.jar:6.2.11]
	at org.springframework.security.web.ObservationFilterChainDecorator$ObservationFilter.wrapFilter(ObservationFilterChainDecorator.java:241) ~[spring-security-web-6.5.5.jar:6.5.5]
	at org.springframework.security.web.ObservationFilterChainDecorator$ObservationFilter.doFilter(ObservationFilterChainDecorator.java:228) ~[spring-security-web-6.5.5.jar:6.5.5]
	at org.springframework.security.web.ObservationFilterChainDecorator$VirtualFilterChain.doFilter(ObservationFilterChainDecorator.java:138) ~[spring-security-web-6.5.5.jar:6.5.5]
	at org.springframework.security.web.context.SecurityContextHolderFilter.doFilter(SecurityContextHolderFilter.java:82) ~[spring-security-web-6.5.5.jar:6.5.5]
	at org.springframework.security.web.context.SecurityContextHolderFilter.doFilter(SecurityContextHolderFilter.java:69) ~[spring-security-web-6.5.5.jar:6.5.5]
	at org.springframework.security.web.ObservationFilterChainDecorator$ObservationFilter.wrapFilter(ObservationFilterChainDecorator.java:241) ~[spring-security-web-6.5.5.jar:6.5.5]
	at org.springframework.security.web.ObservationFilterChainDecorator$ObservationFilter.doFilter(ObservationFilterChainDecorator.java:228) ~[spring-security-web-6.5.5.jar:6.5.5]
	at org.springframework.security.web.ObservationFilterChainDecorator$VirtualFilterChain.doFilter(ObservationFilterChainDecorator.java:138) ~[spring-security-web-6.5.5.jar:6.5.5]
	at org.springframework.security.web.context.request.async.WebAsyncManagerIntegrationFilter.doFilterInternal(WebAsyncManagerIntegrationFilter.java:62) ~[spring-security-web-6.5.5.jar:6.5.5]
	at org.springframework.web.filter.OncePerRequestFilter.doFilter(OncePerRequestFilter.java:116) ~[spring-web-6.2.11.jar:6.2.11]
	at org.springframework.security.web.ObservationFilterChainDecorator$ObservationFilter.wrapFilter(ObservationFilterChainDecorator.java:241) ~[spring-security-web-6.5.5.jar:6.5.5]
	at org.springframework.security.web.ObservationFilterChainDecorator$ObservationFilter.doFilter(ObservationFilterChainDecorator.java:228) ~[spring-security-web-6.5.5.jar:6.5.5]
	at org.springframework.security.web.ObservationFilterChainDecorator$VirtualFilterChain.doFilter(ObservationFilterChainDecorator.java:138) ~[spring-security-web-6.5.5.jar:6.5.5]
	at org.springframework.security.web.session.DisableEncodeUrlFilter.doFilterInternal(DisableEncodeUrlFilter.java:42) ~[spring-security-web-6.5.5.jar:6.5.5]
	at org.springframework.web.filter.OncePerRequestFilter.doFilter(OncePerRequestFilter.java:116) ~[spring-web-6.2.11.jar:6.2.11]
	at org.springframework.security.web.ObservationFilterChainDecorator$ObservationFilter.wrapFilter(ObservationFilterChainDecorator.java:241) ~[spring-security-web-6.5.5.jar:6.5.5]
	at org.springframework.security.web.ObservationFilterChainDecorator$AroundFilterObservation$SimpleAroundFilterObservation.lambda$wrap$0(ObservationFilterChainDecorator.java:334) ~[spring-security-web-6.5.5.jar:6.5.5]
	at org.springframework.security.web.ObservationFilterChainDecorator$ObservationFilter.doFilter(ObservationFilterChainDecorator.java:225) ~[spring-security-web-6.5.5.jar:6.5.5]
	at org.springframework.security.web.ObservationFilterChainDecorator$VirtualFilterChain.doFilter(ObservationFilterChainDecorator.java:138) ~[spring-security-web-6.5.5.jar:6.5.5]
	at org.springframework.security.web.FilterChainProxy.doFilterInternal(FilterChainProxy.java:233) ~[spring-security-web-6.5.5.jar:6.5.5]
	at org.springframework.security.web.FilterChainProxy.doFilter(FilterChainProxy.java:191) ~[spring-security-web-6.5.5.jar:6.5.5]
	at org.springframework.web.filter.CompositeFilter$VirtualFilterChain.doFilter(CompositeFilter.java:113) ~[spring-web-6.2.11.jar:6.2.11]
	at org.springframework.web.filter.ServletRequestPathFilter.doFilter(ServletRequestPathFilter.java:52) ~[spring-web-6.2.11.jar:6.2.11]
	at org.springframework.web.filter.CompositeFilter$VirtualFilterChain.doFilter(CompositeFilter.java:113) ~[spring-web-6.2.11.jar:6.2.11]
	at org.springframework.web.filter.CompositeFilter.doFilter(CompositeFilter.java:74) ~[spring-web-6.2.11.jar:6.2.11]
	at org.springframework.security.config.annotation.web.configuration.WebSecurityConfiguration$CompositeFilterChainProxy.doFilter(WebSecurityConfiguration.java:319) ~[spring-security-config-6.5.5.jar:6.5.5]
	at org.springframework.web.filter.CompositeFilter$VirtualFilterChain.doFilter(CompositeFilter.java:113) ~[spring-web-6.2.11.jar:6.2.11]
	at org.springframework.web.servlet.handler.HandlerMappingIntrospector.lambda$createCacheFilter$4(HandlerMappingIntrospector.java:267) ~[spring-webmvc-6.2.11.jar:6.2.11]
	at org.springframework.web.filter.CompositeFilter$VirtualFilterChain.doFilter(CompositeFilter.java:113) [spring-web-6.2.11.jar:6.2.11]
	at org.springframework.web.filter.CompositeFilter.doFilter(CompositeFilter.java:74) [spring-web-6.2.11.jar:6.2.11]
	at org.springframework.security.config.annotation.web.configuration.WebMvcSecurityConfiguration$CompositeFilterChainProxy.doFilter(WebMvcSecurityConfiguration.java:240) [spring-security-config-6.5.5.jar:6.5.5]
	at org.springframework.web.filter.DelegatingFilterProxy.invokeDelegate(DelegatingFilterProxy.java:362) [spring-web-6.2.11.jar:6.2.11]
	at org.springframework.web.filter.DelegatingFilterProxy.doFilter(DelegatingFilterProxy.java:278) [spring-web-6.2.11.jar:6.2.11]
	at org.apache.catalina.core.ApplicationFilterChain.internalDoFilter(ApplicationFilterChain.java:164) [tomcat-embed-core-10.1.46.jar:10.1.46]
	at org.apache.catalina.core.ApplicationFilterChain.doFilter(ApplicationFilterChain.java:140) [tomcat-embed-core-10.1.46.jar:10.1.46]
	at org.springframework.web.filter.RequestContextFilter.doFilterInternal(RequestContextFilter.java:100) [spring-web-6.2.11.jar:6.2.11]
	at org.springframework.web.filter.OncePerRequestFilter.doFilter(OncePerRequestFilter.java:116) [spring-web-6.2.11.jar:6.2.11]
	at org.apache.catalina.core.ApplicationFilterChain.internalDoFilter(ApplicationFilterChain.java:164) [tomcat-embed-core-10.1.46.jar:10.1.46]
	at org.apache.catalina.core.ApplicationFilterChain.doFilter(ApplicationFilterChain.java:140) [tomcat-embed-core-10.1.46.jar:10.1.46]
	at org.springframework.web.filter.FormContentFilter.doFilterInternal(FormContentFilter.java:93) [spring-web-6.2.11.jar:6.2.11]
	at org.springframework.web.filter.OncePerRequestFilter.doFilter(OncePerRequestFilter.java:116) [spring-web-6.2.11.jar:6.2.11]
	at org.apache.catalina.core.ApplicationFilterChain.internalDoFilter(ApplicationFilterChain.java:164) [tomcat-embed-core-10.1.46.jar:10.1.46]
	at org.apache.catalina.core.ApplicationFilterChain.doFilter(ApplicationFilterChain.java:140) [tomcat-embed-core-10.1.46.jar:10.1.46]
	at org.springframework.web.filter.ServerHttpObservationFilter.doFilterInternal(ServerHttpObservationFilter.java:110) [spring-web-6.2.11.jar:6.2.11]
	at org.springframework.web.filter.OncePerRequestFilter.doFilter(OncePerRequestFilter.java:116) [spring-web-6.2.11.jar:6.2.11]
	at org.apache.catalina.core.ApplicationFilterChain.internalDoFilter(ApplicationFilterChain.java:164) [tomcat-embed-core-10.1.46.jar:10.1.46]
	at org.apache.catalina.core.ApplicationFilterChain.doFilter(ApplicationFilterChain.java:140) [tomcat-embed-core-10.1.46.jar:10.1.46]
	at org.springframework.web.filter.CharacterEncodingFilter.doFilterInternal(CharacterEncodingFilter.java:201) [spring-web-6.2.11.jar:6.2.11]
	at org.springframework.web.filter.OncePerRequestFilter.doFilter(OncePerRequestFilter.java:116) [spring-web-6.2.11.jar:6.2.11]
	at org.apache.catalina.core.ApplicationFilterChain.internalDoFilter(ApplicationFilterChain.java:164) [tomcat-embed-core-10.1.46.jar:10.1.46]
	at org.apache.catalina.core.ApplicationFilterChain.doFilter(ApplicationFilterChain.java:140) [tomcat-embed-core-10.1.46.jar:10.1.46]
	at org.apache.catalina.core.StandardWrapperValve.invoke(StandardWrapperValve.java:167) [tomcat-embed-core-10.1.46.jar:10.1.46]
	at org.apache.catalina.core.StandardContextValve.invoke(StandardContextValve.java:90) [tomcat-embed-core-10.1.46.jar:10.1.46]
	at org.apache.catalina.authenticator.AuthenticatorBase.invoke(AuthenticatorBase.java:483) [tomcat-embed-core-10.1.46.jar:10.1.46]
	at org.apache.catalina.core.StandardHostValve.invoke(StandardHostValve.java:116) [tomcat-embed-core-10.1.46.jar:10.1.46]
	at org.apache.catalina.valves.ErrorReportValve.invoke(ErrorReportValve.java:93) [tomcat-embed-core-10.1.46.jar:10.1.46]
	at org.apache.catalina.core.StandardEngineValve.invoke(StandardEngineValve.java:74) [tomcat-embed-core-10.1.46.jar:10.1.46]
	at org.apache.catalina.connector.CoyoteAdapter.service(CoyoteAdapter.java:344) [tomcat-embed-core-10.1.46.jar:10.1.46]
	at org.apache.coyote.http11.Http11Processor.service(Http11Processor.java:398) [tomcat-embed-core-10.1.46.jar:10.1.46]
	at org.apache.coyote.AbstractProcessorLight.process(AbstractProcessorLight.java:63) [tomcat-embed-core-10.1.46.jar:10.1.46]
	at org.apache.coyote.AbstractProtocol$ConnectionHandler.process(AbstractProtocol.java:903) [tomcat-embed-core-10.1.46.jar:10.1.46]
	at org.apache.tomcat.util.net.NioEndpoint$SocketProcessor.doRun(NioEndpoint.java:1776) [tomcat-embed-core-10.1.46.jar:10.1.46]
	at org.apache.tomcat.util.net.SocketProcessorBase.run(SocketProcessorBase.java:52) [tomcat-embed-core-10.1.46.jar:10.1.46]
	at org.apache.tomcat.util.threads.ThreadPoolExecutor.runWorker(ThreadPoolExecutor.java:975) [tomcat-embed-core-10.1.46.jar:10.1.46]
	at org.apache.tomcat.util.threads.ThreadPoolExecutor$Worker.run(ThreadPoolExecutor.java:493) [tomcat-embed-core-10.1.46.jar:10.1.46]
	at org.apache.tomcat.util.threads.TaskThread$WrappingRunnable.run(TaskThread.java:63) [tomcat-embed-core-10.1.46.jar:10.1.46]
	at java.base/java.lang.Thread.run(Thread.java:842) [?:?]
2025-12-11 00:28:25.873 [http-nio-8080-exec-3] DEBUG org.springframework.web.servlet.mvc.method.annotation.HttpEntityMethodProcessor - Using 'application/json', given [*/*] and supported [application/json, application/*+json]
2025-12-11 00:28:25.873 [http-nio-8080-exec-3] DEBUG org.springframework.web.servlet.mvc.method.annotation.HttpEntityMethodProcessor - Writing [com.uit.sociuscoremodules.shared.response.Response@871c9b4]
2025-12-11 00:28:25.874 [http-nio-8080-exec-3] WARN  org.springframework.web.servlet.mvc.method.annotation.ExceptionHandlerExceptionResolver - Resolved [org.springframework.web.method.annotation.HandlerMethodValidationException: 400 BAD_REQUEST "Validation failure"]
2025-12-11 00:28:25.874 [http-nio-8080-exec-3] DEBUG org.springframework.web.servlet.DispatcherServlet - Completed 500 INTERNAL_SERVER_ERROR
2025-12-11 00:59:51.491 [Test worker] INFO  org.springframework.test.context.support.AnnotationConfigContextLoaderUtils - Could not detect default configuration classes for test class [com.uit.sociusmvcapp.SociusMvcAppApplicationTests]: SociusMvcAppApplicationTests does not declare any static, non-private, non-final, nested classes annotated with @Configuration.
2025-12-11 00:59:51.656 [Test worker] INFO  org.springframework.boot.test.context.SpringBootTestContextBootstrapper - Found @SpringBootConfiguration com.uit.sociusmvcapp.SociusMvcAppApplication for test class com.uit.sociusmvcapp.SociusMvcAppApplicationTests
2025-12-11 00:59:52.602 [background-preinit] INFO  org.hibernate.validator.internal.util.Version - HV000001: Hibernate Validator 8.0.3.Final
2025-12-11 00:59:52.675 [Test worker] INFO  com.uit.sociusmvcapp.SociusMvcAppApplicationTests - Starting SociusMvcAppApplicationTests using Java 17.0.12 with PID 8020 (started by dotha in D:\Study_space\Cong_nghe_web_ung_dung\Socius\socius-mvc-app)
2025-12-11 00:59:52.685 [Test worker] DEBUG com.uit.sociusmvcapp.SociusMvcAppApplicationTests - Running with Spring Boot v3.5.6, Spring v6.2.11
2025-12-11 00:59:52.687 [Test worker] INFO  com.uit.sociusmvcapp.SociusMvcAppApplicationTests - The following 1 profile is active: "test"
2025-12-11 00:59:52.806 [Test worker] DEBUG org.springframework.web.context.support.GenericWebApplicationContext - Refreshing org.springframework.web.context.support.GenericWebApplicationContext@446626a7
2025-12-11 00:59:56.827 [Test worker] INFO  com.zaxxer.hikari.HikariDataSource - HikariPool-1 - Starting...
2025-12-11 00:59:59.820 [Test worker] INFO  com.zaxxer.hikari.pool.HikariPool - HikariPool-1 - Added connection org.postgresql.jdbc.PgConnection@6eadd342
2025-12-11 00:59:59.822 [Test worker] INFO  com.zaxxer.hikari.HikariDataSource - HikariPool-1 - Start completed.
2025-12-11 01:00:01.380 [Test worker] DEBUG org.springframework.web.servlet.mvc.method.annotation.RequestMappingHandlerMapping - 20 mappings in 'requestMappingHandlerMapping'
2025-12-11 01:00:01.426 [Test worker] DEBUG org.springframework.web.servlet.handler.SimpleUrlHandlerMapping - Patterns [/webjars/**, /**] in 'resourceHandlerMapping'
2025-12-11 01:00:01.619 [Test worker] INFO  org.springframework.boot.actuate.endpoint.web.EndpointLinksResolver - Exposing 1 endpoint beneath base path '/actuator'
2025-12-11 01:00:02.058 [Test worker] DEBUG org.springframework.web.servlet.mvc.method.annotation.RequestMappingHandlerAdapter - ControllerAdvice beans: 0 @ModelAttribute, 0 @InitBinder, 1 RequestBodyAdvice, 1 ResponseBodyAdvice
2025-12-11 01:00:02.135 [Test worker] DEBUG org.springframework.web.servlet.mvc.method.annotation.ExceptionHandlerExceptionResolver - ControllerAdvice beans: 1 @ExceptionHandler, 1 ResponseBodyAdvice
2025-12-11 01:00:02.942 [Test worker] INFO  org.springframework.scheduling.config.TaskSchedulerRouter - No TaskScheduler/ScheduledExecutorService bean found for scheduled processing
2025-12-11 01:00:02.951 [Test worker] INFO  com.uit.sociusmvcapp.SociusMvcAppApplicationTests - Started SociusMvcAppApplicationTests in 11.085 seconds (process running for 14.066)
2025-12-11 01:00:04.050 [SpringApplicationShutdownHook] DEBUG org.springframework.web.context.support.GenericWebApplicationContext - Closing org.springframework.web.context.support.GenericWebApplicationContext@446626a7, started on Thu Dec 11 00:59:52 ICT 2025
2025-12-11 01:00:04.100 [SpringApplicationShutdownHook] INFO  com.zaxxer.hikari.HikariDataSource - HikariPool-1 - Shutdown initiated...
2025-12-11 01:00:04.842 [SpringApplicationShutdownHook] INFO  com.zaxxer.hikari.HikariDataSource - HikariPool-1 - Shutdown completed.
2025-12-11 01:01:19.806 [Test worker] INFO  org.springframework.test.context.support.AnnotationConfigContextLoaderUtils - Could not detect default configuration classes for test class [com.uit.sociusmvcapp.SociusMvcAppApplicationTests]: SociusMvcAppApplicationTests does not declare any static, non-private, non-final, nested classes annotated with @Configuration.
2025-12-11 01:01:20.321 [Test worker] INFO  org.springframework.boot.test.context.SpringBootTestContextBootstrapper - Found @SpringBootConfiguration com.uit.sociusmvcapp.SociusMvcAppApplication for test class com.uit.sociusmvcapp.SociusMvcAppApplicationTests
2025-12-11 01:01:22.840 [background-preinit] INFO  org.hibernate.validator.internal.util.Version - HV000001: Hibernate Validator 8.0.3.Final
2025-12-11 01:01:22.978 [Test worker] INFO  com.uit.sociusmvcapp.SociusMvcAppApplicationTests - Starting SociusMvcAppApplicationTests using Java 17.0.12 with PID 10392 (started by dotha in D:\Study_space\Cong_nghe_web_ung_dung\Socius\socius-mvc-app)
2025-12-11 01:01:22.987 [Test worker] DEBUG com.uit.sociusmvcapp.SociusMvcAppApplicationTests - Running with Spring Boot v3.5.6, Spring v6.2.11
2025-12-11 01:01:22.990 [Test worker] INFO  com.uit.sociusmvcapp.SociusMvcAppApplicationTests - The following 1 profile is active: "test"
2025-12-11 01:01:23.408 [Test worker] DEBUG org.springframework.web.context.support.GenericWebApplicationContext - Refreshing org.springframework.web.context.support.GenericWebApplicationContext@446626a7
2025-12-11 01:01:29.974 [Test worker] INFO  com.zaxxer.hikari.HikariDataSource - HikariPool-1 - Starting...
2025-12-11 01:01:33.160 [Test worker] INFO  com.zaxxer.hikari.pool.HikariPool - HikariPool-1 - Added connection org.postgresql.jdbc.PgConnection@1fa58a48
2025-12-11 01:01:33.161 [Test worker] INFO  com.zaxxer.hikari.HikariDataSource - HikariPool-1 - Start completed.
2025-12-11 01:01:35.466 [Test worker] DEBUG org.springframework.web.servlet.mvc.method.annotation.RequestMappingHandlerMapping - 20 mappings in 'requestMappingHandlerMapping'
2025-12-11 01:01:35.514 [Test worker] DEBUG org.springframework.web.servlet.handler.SimpleUrlHandlerMapping - Patterns [/webjars/**, /**] in 'resourceHandlerMapping'
2025-12-11 01:01:35.723 [Test worker] INFO  org.springframework.boot.actuate.endpoint.web.EndpointLinksResolver - Exposing 1 endpoint beneath base path '/actuator'
2025-12-11 01:01:36.269 [Test worker] DEBUG org.springframework.web.servlet.mvc.method.annotation.RequestMappingHandlerAdapter - ControllerAdvice beans: 0 @ModelAttribute, 0 @InitBinder, 1 RequestBodyAdvice, 1 ResponseBodyAdvice
2025-12-11 01:01:36.353 [Test worker] DEBUG org.springframework.web.servlet.mvc.method.annotation.ExceptionHandlerExceptionResolver - ControllerAdvice beans: 1 @ExceptionHandler, 1 ResponseBodyAdvice
2025-12-11 01:01:37.370 [Test worker] INFO  org.springframework.scheduling.config.TaskSchedulerRouter - No TaskScheduler/ScheduledExecutorService bean found for scheduled processing
2025-12-11 01:01:37.381 [Test worker] INFO  com.uit.sociusmvcapp.SociusMvcAppApplicationTests - Started SociusMvcAppApplicationTests in 16.357 seconds (process running for 20.836)
2025-12-11 01:01:38.432 [SpringApplicationShutdownHook] DEBUG org.springframework.web.context.support.GenericWebApplicationContext - Closing org.springframework.web.context.support.GenericWebApplicationContext@446626a7, started on Thu Dec 11 01:01:23 ICT 2025
2025-12-11 01:01:38.480 [SpringApplicationShutdownHook] INFO  com.zaxxer.hikari.HikariDataSource - HikariPool-1 - Shutdown initiated...
2025-12-11 01:01:39.874 [SpringApplicationShutdownHook] INFO  com.zaxxer.hikari.HikariDataSource - HikariPool-1 - Shutdown completed.
2025-12-11 01:02:17.119 [background-preinit] INFO  org.hibernate.validator.internal.util.Version - HV000001: Hibernate Validator 8.0.3.Final
2025-12-11 01:02:17.152 [restartedMain] INFO  com.uit.sociusmvcapp.SociusMvcAppApplication - Starting SociusMvcAppApplication using Java 17.0.12 with PID 27080 (D:\Study_space\Cong_nghe_web_ung_dung\Socius\socius-mvc-app\build\classes\java\main started by dotha in D:\Study_space\Cong_nghe_web_ung_dung\Socius\socius-mvc-app)
2025-12-11 01:02:17.155 [restartedMain] DEBUG com.uit.sociusmvcapp.SociusMvcAppApplication - Running with Spring Boot v3.5.6, Spring v6.2.11
2025-12-11 01:02:17.156 [restartedMain] INFO  com.uit.sociusmvcapp.SociusMvcAppApplication - No active profile set, falling back to 1 default profile: "default"
2025-12-11 01:02:17.188 [restartedMain] INFO  org.springframework.boot.devtools.env.DevToolsPropertyDefaultsPostProcessor - Devtools property defaults active! Set 'spring.devtools.add-properties' to 'false' to disable
2025-12-11 01:02:17.189 [restartedMain] INFO  org.springframework.boot.devtools.env.DevToolsPropertyDefaultsPostProcessor - For additional web related logging consider setting the 'logging.level.web' property to 'DEBUG'
2025-12-11 01:02:19.060 [restartedMain] INFO  org.springframework.boot.web.embedded.tomcat.TomcatWebServer - Tomcat initialized with port 8080 (http)
2025-12-11 01:02:19.162 [restartedMain] INFO  org.springframework.boot.web.servlet.context.ServletWebServerApplicationContext - Root WebApplicationContext: initialization completed in 1971 ms
2025-12-11 01:02:19.286 [restartedMain] DEBUG org.springframework.web.filter.ServerHttpObservationFilter - Filter 'webMvcObservationFilter' configured for use
2025-12-11 01:02:19.518 [restartedMain] INFO  com.zaxxer.hikari.HikariDataSource - HikariPool-1 - Starting...
2025-12-11 01:02:22.292 [restartedMain] INFO  com.zaxxer.hikari.pool.HikariPool - HikariPool-1 - Added connection org.postgresql.jdbc.PgConnection@27ed4191
2025-12-11 01:02:22.295 [restartedMain] INFO  com.zaxxer.hikari.HikariDataSource - HikariPool-1 - Start completed.
2025-12-11 01:02:23.022 [restartedMain] DEBUG org.springframework.web.servlet.mvc.method.annotation.RequestMappingHandlerMapping - 20 mappings in 'requestMappingHandlerMapping'
2025-12-11 01:02:23.044 [restartedMain] DEBUG org.springframework.web.servlet.handler.SimpleUrlHandlerMapping - Patterns [/webjars/**, /**] in 'resourceHandlerMapping'
2025-12-11 01:02:23.131 [restartedMain] INFO  org.springframework.boot.actuate.endpoint.web.EndpointLinksResolver - Exposing 1 endpoint beneath base path '/actuator'
2025-12-11 01:02:23.293 [restartedMain] DEBUG org.springframework.web.servlet.mvc.method.annotation.RequestMappingHandlerAdapter - ControllerAdvice beans: 0 @ModelAttribute, 0 @InitBinder, 1 RequestBodyAdvice, 1 ResponseBodyAdvice
2025-12-11 01:02:23.333 [restartedMain] DEBUG org.springframework.web.servlet.mvc.method.annotation.ExceptionHandlerExceptionResolver - ControllerAdvice beans: 1 @ExceptionHandler, 1 ResponseBodyAdvice
2025-12-11 01:02:23.639 [restartedMain] INFO  org.springframework.boot.devtools.autoconfigure.OptionalLiveReloadServer - LiveReload server is running on port 35729
2025-12-11 01:02:23.738 [restartedMain] INFO  org.springframework.boot.web.embedded.tomcat.TomcatWebServer - Tomcat started on port 8080 (http) with context path '/api'
2025-12-11 01:02:23.756 [restartedMain] INFO  org.springframework.scheduling.config.TaskSchedulerRouter - No TaskScheduler/ScheduledExecutorService bean found for scheduled processing
2025-12-11 01:02:23.761 [restartedMain] INFO  com.uit.sociusmvcapp.SociusMvcAppApplication - Started SociusMvcAppApplication in 7.011 seconds (process running for 7.947)
2025-12-11 01:03:04.176 [http-nio-8080-exec-2] INFO  org.springframework.web.servlet.DispatcherServlet - Initializing Servlet 'dispatcherServlet'
2025-12-11 01:03:04.178 [http-nio-8080-exec-2] DEBUG org.springframework.web.servlet.DispatcherServlet - Detected StandardServletMultipartResolver
2025-12-11 01:03:04.179 [http-nio-8080-exec-2] DEBUG org.springframework.web.servlet.DispatcherServlet - Detected AcceptHeaderLocaleResolver
2025-12-11 01:03:04.179 [http-nio-8080-exec-2] DEBUG org.springframework.web.servlet.DispatcherServlet - Detected FixedThemeResolver
2025-12-11 01:03:04.181 [http-nio-8080-exec-2] DEBUG org.springframework.web.servlet.DispatcherServlet - Detected org.springframework.web.servlet.view.DefaultRequestToViewNameTranslator@5b0c21c4
2025-12-11 01:03:04.182 [http-nio-8080-exec-2] DEBUG org.springframework.web.servlet.DispatcherServlet - Detected org.springframework.web.servlet.support.SessionFlashMapManager@18fb6734
2025-12-11 01:03:04.183 [http-nio-8080-exec-2] DEBUG org.springframework.web.servlet.DispatcherServlet - enableLoggingRequestDetails='false': request parameters and headers will be masked to prevent unsafe logging of potentially sensitive data
2025-12-11 01:03:04.183 [http-nio-8080-exec-2] INFO  org.springframework.web.servlet.DispatcherServlet - Completed initialization in 5 ms
2025-12-11 01:03:05.449 [http-nio-8080-exec-2] WARN  com.uit.sociuscoremodules.shared.security.TokenAuthenticator - Token expired: 2025-12-11T00:41:00.000+0700
2025-12-11 01:03:05.450 [http-nio-8080-exec-2] ERROR com.uit.sociusmvcapp.security.AuthorizationFilter - Authentication failed: TOKEN_EX
2025-12-11 01:03:38.182 [http-nio-8080-exec-3] DEBUG org.springframework.web.servlet.DispatcherServlet - POST "/api/teams", parameters={}
2025-12-11 01:03:38.185 [http-nio-8080-exec-3] DEBUG org.springframework.web.servlet.mvc.method.annotation.RequestMappingHandlerMapping - Mapped to com.uit.sociusmvcapp.endpoint.TeamController#createTeam(TeamCreateRequest)
2025-12-11 01:03:38.303 [http-nio-8080-exec-3] DEBUG org.springframework.web.servlet.mvc.method.annotation.RequestResponseBodyMethodProcessor - Read "application/json;charset=UTF-8" to [com.uit.sociuscoremodules.team.request.TeamCreateRequest@8799af6]
2025-12-11 01:03:38.396 [http-nio-8080-exec-3] INFO  com.uit.sociuscoremodules.team.service.impl.TeamServiceImpl - Creating team with code: TEAM005
2025-12-11 01:03:38.644 [http-nio-8080-exec-3] ERROR com.uit.sociuscoremodules.team.service.impl.TeamServiceImpl - Team with code TEAM005 already exists
2025-12-11 01:03:38.649 [http-nio-8080-exec-3] DEBUG org.springframework.web.servlet.mvc.method.annotation.ExceptionHandlerExceptionResolver - Using @ExceptionHandler com.uit.sociusmvcapp.exception.GlobalExceptionHandler#handleBusinessException(BusinessException)
2025-12-11 01:03:38.651 [http-nio-8080-exec-3] WARN  com.uit.sociusmvcapp.exception.GlobalExceptionHandler - Business Exception Handled: status=400, code=team.already.exists, message=Team with this code already exists.
2025-12-11 01:03:38.676 [http-nio-8080-exec-3] DEBUG org.springframework.web.servlet.mvc.method.annotation.HttpEntityMethodProcessor - Using 'application/json', given [*/*] and supported [application/json, application/*+json]
2025-12-11 01:03:38.677 [http-nio-8080-exec-3] DEBUG org.springframework.web.servlet.mvc.method.annotation.HttpEntityMethodProcessor - Writing [com.uit.sociuscoremodules.shared.response.Response@3ac2f0a4]
2025-12-11 01:03:38.690 [http-nio-8080-exec-3] WARN  org.springframework.web.servlet.mvc.method.annotation.ExceptionHandlerExceptionResolver - Resolved [com.uit.sociuscoremodules.shared.exception.BusinessException: team.already.exists]
2025-12-11 01:03:38.691 [http-nio-8080-exec-3] DEBUG org.springframework.web.servlet.DispatcherServlet - Completed 400 BAD_REQUEST
2025-12-11 01:03:52.226 [http-nio-8080-exec-5] DEBUG org.springframework.web.servlet.DispatcherServlet - POST "/api/teams", parameters={}
2025-12-11 01:03:52.227 [http-nio-8080-exec-5] DEBUG org.springframework.web.servlet.mvc.method.annotation.RequestMappingHandlerMapping - Mapped to com.uit.sociusmvcapp.endpoint.TeamController#createTeam(TeamCreateRequest)
2025-12-11 01:03:52.228 [http-nio-8080-exec-5] DEBUG org.springframework.web.servlet.mvc.method.annotation.RequestResponseBodyMethodProcessor - Read "application/json;charset=UTF-8" to [com.uit.sociuscoremodules.team.request.TeamCreateRequest@1cdcedd3]
2025-12-11 01:03:52.228 [http-nio-8080-exec-5] INFO  com.uit.sociuscoremodules.team.service.impl.TeamServiceImpl - Creating team with code: TEAM006
2025-12-11 01:03:52.977 [http-nio-8080-exec-5] INFO  com.uit.sociuscoremodules.team.service.impl.TeamServiceImpl - Team TEAM006 created successfully
2025-12-11 01:03:52.978 [http-nio-8080-exec-5] INFO  com.uit.sociuscoremodules.teamemployee.service.impl.TeamEmployeeServiceImpl - Adding employee 6309fa4c-994d-4ffe-bdd1-2e3459aaa964 to team TEAM006 with role TEAM_LEAD and leadership status true
2025-12-11 01:03:54.219 [http-nio-8080-exec-5] INFO  com.uit.sociuscoremodules.teamemployee.service.impl.TeamEmployeeServiceImpl - Successfully added employee 6309fa4c-994d-4ffe-bdd1-2e3459aaa964 to team TEAM006
2025-12-11 01:03:54.219 [http-nio-8080-exec-5] INFO  com.uit.sociuscoremodules.team.service.impl.TeamServiceImpl - Team lead 6309fa4c-994d-4ffe-bdd1-2e3459aaa964 added to team TEAM006
2025-12-11 01:03:54.220 [http-nio-8080-exec-5] INFO  com.uit.sociuscoremodules.team.service.impl.TeamServiceImpl - Getting team by code: TEAM006
2025-12-11 01:03:54.468 [http-nio-8080-exec-5] INFO  com.uit.sociuscoremodules.teamemployee.service.impl.TeamEmployeeServiceImpl - Getting team lead for team TEAM006
2025-12-11 01:03:54.969 [http-nio-8080-exec-5] INFO  com.uit.sociuscoremodules.teamemployee.service.impl.TeamEmployeeServiceImpl - Getting all employees in team TEAM006
2025-12-11 01:03:55.469 [http-nio-8080-exec-5] DEBUG org.springframework.web.servlet.mvc.method.annotation.HttpEntityMethodProcessor - Using 'application/json', given [*/*] and supported [application/json, application/*+json]
2025-12-11 01:03:55.470 [http-nio-8080-exec-5] DEBUG org.springframework.web.servlet.mvc.method.annotation.HttpEntityMethodProcessor - Writing [com.uit.sociuscoremodules.shared.response.Response@32a73858]
2025-12-11 01:03:55.483 [http-nio-8080-exec-5] DEBUG org.springframework.web.servlet.DispatcherServlet - Completed 201 CREATED
2025-12-11 01:04:18.650 [http-nio-8080-exec-6] WARN  com.uit.sociuscoremodules.shared.security.TokenAuthenticator - Token expired: 2025-12-11T00:41:00.000+0700
2025-12-11 01:04:18.651 [http-nio-8080-exec-6] ERROR com.uit.sociusmvcapp.security.AuthorizationFilter - Authentication failed: TOKEN_EX
2025-12-11 01:04:28.491 [http-nio-8080-exec-8] DEBUG org.springframework.web.servlet.DispatcherServlet - GET "/api/teams/TEAM002", parameters={}
2025-12-11 01:04:28.491 [http-nio-8080-exec-8] DEBUG org.springframework.web.servlet.mvc.method.annotation.RequestMappingHandlerMapping - Mapped to com.uit.sociusmvcapp.endpoint.TeamController#getTeamByTeamCode(String)
2025-12-11 01:04:28.492 [http-nio-8080-exec-8] INFO  com.uit.sociuscoremodules.team.service.impl.TeamServiceImpl - Getting team by code: TEAM002
2025-12-11 01:04:28.740 [http-nio-8080-exec-8] INFO  com.uit.sociuscoremodules.teamemployee.service.impl.TeamEmployeeServiceImpl - Getting team lead for team TEAM002
2025-12-11 01:04:29.233 [http-nio-8080-exec-8] INFO  com.uit.sociuscoremodules.teamemployee.service.impl.TeamEmployeeServiceImpl - Getting all employees in team TEAM002
2025-12-11 01:04:29.734 [http-nio-8080-exec-8] DEBUG org.springframework.web.servlet.mvc.method.annotation.HttpEntityMethodProcessor - Using 'application/json', given [*/*] and supported [application/json, application/*+json]
2025-12-11 01:04:29.735 [http-nio-8080-exec-8] DEBUG org.springframework.web.servlet.mvc.method.annotation.HttpEntityMethodProcessor - Writing [com.uit.sociuscoremodules.shared.response.Response@2c22e5fd]
2025-12-11 01:04:29.737 [http-nio-8080-exec-8] DEBUG org.springframework.web.servlet.DispatcherServlet - Completed 200 OK
2025-12-11 01:06:39.807 [http-nio-8080-exec-10] DEBUG org.springframework.web.servlet.DispatcherServlet - PUT "/api/teams/TEAM001", parameters={}
2025-12-11 01:06:39.808 [http-nio-8080-exec-10] DEBUG org.springframework.web.servlet.mvc.method.annotation.ExceptionHandlerExceptionResolver - Using @ExceptionHandler com.uit.sociusmvcapp.exception.GlobalExceptionHandler#handleUnwantedException(Exception)
2025-12-11 01:06:39.808 [http-nio-8080-exec-10] ERROR com.uit.sociusmvcapp.exception.GlobalExceptionHandler - Unexpected error: Request method 'PUT' is not supported
org.springframework.web.HttpRequestMethodNotSupportedException: Request method 'PUT' is not supported
	at org.springframework.web.servlet.mvc.method.RequestMappingInfoHandlerMapping.handleNoMatch(RequestMappingInfoHandlerMapping.java:267) ~[spring-webmvc-6.2.11.jar:6.2.11]
	at org.springframework.web.servlet.handler.AbstractHandlerMethodMapping.lookupHandlerMethod(AbstractHandlerMethodMapping.java:441) ~[spring-webmvc-6.2.11.jar:6.2.11]
	at org.springframework.web.servlet.handler.AbstractHandlerMethodMapping.getHandlerInternal(AbstractHandlerMethodMapping.java:382) ~[spring-webmvc-6.2.11.jar:6.2.11]
	at org.springframework.web.servlet.mvc.method.RequestMappingInfoHandlerMapping.getHandlerInternal(RequestMappingInfoHandlerMapping.java:127) ~[spring-webmvc-6.2.11.jar:6.2.11]
	at org.springframework.web.servlet.mvc.method.RequestMappingInfoHandlerMapping.getHandlerInternal(RequestMappingInfoHandlerMapping.java:68) ~[spring-webmvc-6.2.11.jar:6.2.11]
	at org.springframework.web.servlet.handler.AbstractHandlerMapping.getHandler(AbstractHandlerMapping.java:509) ~[spring-webmvc-6.2.11.jar:6.2.11]
	at org.springframework.web.servlet.DispatcherServlet.getHandler(DispatcherServlet.java:1284) ~[spring-webmvc-6.2.11.jar:6.2.11]
	at org.springframework.web.servlet.DispatcherServlet.doDispatch(DispatcherServlet.java:1065) ~[spring-webmvc-6.2.11.jar:6.2.11]
	at org.springframework.web.servlet.DispatcherServlet.doService(DispatcherServlet.java:979) ~[spring-webmvc-6.2.11.jar:6.2.11]
	at org.springframework.web.servlet.FrameworkServlet.processRequest(FrameworkServlet.java:1014) ~[spring-webmvc-6.2.11.jar:6.2.11]
	at org.springframework.web.servlet.FrameworkServlet.doPut(FrameworkServlet.java:925) ~[spring-webmvc-6.2.11.jar:6.2.11]
	at jakarta.servlet.http.HttpServlet.service(HttpServlet.java:593) ~[tomcat-embed-core-10.1.46.jar:6.0]
	at org.springframework.web.servlet.FrameworkServlet.service(FrameworkServlet.java:885) ~[spring-webmvc-6.2.11.jar:6.2.11]
	at jakarta.servlet.http.HttpServlet.service(HttpServlet.java:658) ~[tomcat-embed-core-10.1.46.jar:6.0]
	at org.apache.catalina.core.ApplicationFilterChain.internalDoFilter(ApplicationFilterChain.java:195) ~[tomcat-embed-core-10.1.46.jar:10.1.46]
	at org.apache.catalina.core.ApplicationFilterChain.doFilter(ApplicationFilterChain.java:140) ~[tomcat-embed-core-10.1.46.jar:10.1.46]
	at org.apache.tomcat.websocket.server.WsFilter.doFilter(WsFilter.java:51) ~[tomcat-embed-websocket-10.1.46.jar:10.1.46]
	at org.apache.catalina.core.ApplicationFilterChain.internalDoFilter(ApplicationFilterChain.java:164) ~[tomcat-embed-core-10.1.46.jar:10.1.46]
	at org.apache.catalina.core.ApplicationFilterChain.doFilter(ApplicationFilterChain.java:140) ~[tomcat-embed-core-10.1.46.jar:10.1.46]
	at org.springframework.web.filter.CompositeFilter$VirtualFilterChain.doFilter(CompositeFilter.java:108) ~[spring-web-6.2.11.jar:6.2.11]
	at org.springframework.web.filter.CompositeFilter$VirtualFilterChain.doFilter(CompositeFilter.java:108) ~[spring-web-6.2.11.jar:6.2.11]
	at org.springframework.security.web.FilterChainProxy.lambda$doFilterInternal$3(FilterChainProxy.java:231) ~[spring-security-web-6.5.5.jar:6.5.5]
	at org.springframework.security.web.ObservationFilterChainDecorator$FilterObservation$SimpleFilterObservation.lambda$wrap$1(ObservationFilterChainDecorator.java:490) ~[spring-security-web-6.5.5.jar:6.5.5]
	at org.springframework.security.web.ObservationFilterChainDecorator$AroundFilterObservation$SimpleAroundFilterObservation.lambda$wrap$1(ObservationFilterChainDecorator.java:351) ~[spring-security-web-6.5.5.jar:6.5.5]
	at org.springframework.security.web.ObservationFilterChainDecorator.lambda$wrapSecured$0(ObservationFilterChainDecorator.java:83) ~[spring-security-web-6.5.5.jar:6.5.5]
	at org.springframework.security.web.ObservationFilterChainDecorator$VirtualFilterChain.doFilter(ObservationFilterChainDecorator.java:129) ~[spring-security-web-6.5.5.jar:6.5.5]
	at org.springframework.security.web.access.intercept.AuthorizationFilter.doFilter(AuthorizationFilter.java:101) ~[spring-security-web-6.5.5.jar:6.5.5]
	at org.springframework.security.web.ObservationFilterChainDecorator$ObservationFilter.wrapFilter(ObservationFilterChainDecorator.java:241) ~[spring-security-web-6.5.5.jar:6.5.5]
	at org.springframework.security.web.ObservationFilterChainDecorator$ObservationFilter.doFilter(ObservationFilterChainDecorator.java:228) ~[spring-security-web-6.5.5.jar:6.5.5]
	at org.springframework.security.web.ObservationFilterChainDecorator$VirtualFilterChain.doFilter(ObservationFilterChainDecorator.java:138) ~[spring-security-web-6.5.5.jar:6.5.5]
	at org.springframework.security.web.access.ExceptionTranslationFilter.doFilter(ExceptionTranslationFilter.java:125) ~[spring-security-web-6.5.5.jar:6.5.5]
	at org.springframework.security.web.access.ExceptionTranslationFilter.doFilter(ExceptionTranslationFilter.java:119) ~[spring-security-web-6.5.5.jar:6.5.5]
	at org.springframework.security.web.ObservationFilterChainDecorator$ObservationFilter.wrapFilter(ObservationFilterChainDecorator.java:241) ~[spring-security-web-6.5.5.jar:6.5.5]
	at org.springframework.security.web.ObservationFilterChainDecorator$ObservationFilter.doFilter(ObservationFilterChainDecorator.java:228) ~[spring-security-web-6.5.5.jar:6.5.5]
	at org.springframework.security.web.ObservationFilterChainDecorator$VirtualFilterChain.doFilter(ObservationFilterChainDecorator.java:138) ~[spring-security-web-6.5.5.jar:6.5.5]
	at org.springframework.security.web.session.SessionManagementFilter.doFilter(SessionManagementFilter.java:131) ~[spring-security-web-6.5.5.jar:6.5.5]
	at org.springframework.security.web.session.SessionManagementFilter.doFilter(SessionManagementFilter.java:85) ~[spring-security-web-6.5.5.jar:6.5.5]
	at org.springframework.security.web.ObservationFilterChainDecorator$ObservationFilter.wrapFilter(ObservationFilterChainDecorator.java:241) ~[spring-security-web-6.5.5.jar:6.5.5]
	at org.springframework.security.web.ObservationFilterChainDecorator$ObservationFilter.doFilter(ObservationFilterChainDecorator.java:228) ~[spring-security-web-6.5.5.jar:6.5.5]
	at org.springframework.security.web.ObservationFilterChainDecorator$VirtualFilterChain.doFilter(ObservationFilterChainDecorator.java:138) ~[spring-security-web-6.5.5.jar:6.5.5]
	at org.springframework.security.web.authentication.AnonymousAuthenticationFilter.doFilter(AnonymousAuthenticationFilter.java:100) ~[spring-security-web-6.5.5.jar:6.5.5]
	at org.springframework.security.web.ObservationFilterChainDecorator$ObservationFilter.wrapFilter(ObservationFilterChainDecorator.java:241) ~[spring-security-web-6.5.5.jar:6.5.5]
	at org.springframework.security.web.ObservationFilterChainDecorator$ObservationFilter.doFilter(ObservationFilterChainDecorator.java:228) ~[spring-security-web-6.5.5.jar:6.5.5]
	at org.springframework.security.web.ObservationFilterChainDecorator$VirtualFilterChain.doFilter(ObservationFilterChainDecorator.java:138) ~[spring-security-web-6.5.5.jar:6.5.5]
	at org.springframework.security.web.servletapi.SecurityContextHolderAwareRequestFilter.doFilter(SecurityContextHolderAwareRequestFilter.java:179) ~[spring-security-web-6.5.5.jar:6.5.5]
	at org.springframework.security.web.ObservationFilterChainDecorator$ObservationFilter.wrapFilter(ObservationFilterChainDecorator.java:241) ~[spring-security-web-6.5.5.jar:6.5.5]
	at org.springframework.security.web.ObservationFilterChainDecorator$ObservationFilter.doFilter(ObservationFilterChainDecorator.java:228) ~[spring-security-web-6.5.5.jar:6.5.5]
	at org.springframework.security.web.ObservationFilterChainDecorator$VirtualFilterChain.doFilter(ObservationFilterChainDecorator.java:138) ~[spring-security-web-6.5.5.jar:6.5.5]
	at org.springframework.security.web.savedrequest.RequestCacheAwareFilter.doFilter(RequestCacheAwareFilter.java:63) ~[spring-security-web-6.5.5.jar:6.5.5]
	at org.springframework.security.web.ObservationFilterChainDecorator$ObservationFilter.wrapFilter(ObservationFilterChainDecorator.java:241) ~[spring-security-web-6.5.5.jar:6.5.5]
	at org.springframework.security.web.ObservationFilterChainDecorator$ObservationFilter.doFilter(ObservationFilterChainDecorator.java:228) ~[spring-security-web-6.5.5.jar:6.5.5]
	at org.springframework.security.web.ObservationFilterChainDecorator$VirtualFilterChain.doFilter(ObservationFilterChainDecorator.java:138) ~[spring-security-web-6.5.5.jar:6.5.5]
	at com.uit.sociusmvcapp.security.AuthorizationFilter.doFilterInternal(AuthorizationFilter.java:72) ~[main/:?]
	at org.springframework.web.filter.OncePerRequestFilter.doFilter(OncePerRequestFilter.java:116) ~[spring-web-6.2.11.jar:6.2.11]
	at org.springframework.security.web.ObservationFilterChainDecorator$ObservationFilter.wrapFilter(ObservationFilterChainDecorator.java:241) ~[spring-security-web-6.5.5.jar:6.5.5]
	at org.springframework.security.web.ObservationFilterChainDecorator$ObservationFilter.doFilter(ObservationFilterChainDecorator.java:228) ~[spring-security-web-6.5.5.jar:6.5.5]
	at org.springframework.security.web.ObservationFilterChainDecorator$VirtualFilterChain.doFilter(ObservationFilterChainDecorator.java:138) ~[spring-security-web-6.5.5.jar:6.5.5]
	at org.springframework.security.web.authentication.logout.LogoutFilter.doFilter(LogoutFilter.java:107) ~[spring-security-web-6.5.5.jar:6.5.5]
	at org.springframework.security.web.authentication.logout.LogoutFilter.doFilter(LogoutFilter.java:93) ~[spring-security-web-6.5.5.jar:6.5.5]
	at org.springframework.security.web.ObservationFilterChainDecorator$ObservationFilter.wrapFilter(ObservationFilterChainDecorator.java:241) ~[spring-security-web-6.5.5.jar:6.5.5]
	at org.springframework.security.web.ObservationFilterChainDecorator$ObservationFilter.doFilter(ObservationFilterChainDecorator.java:228) ~[spring-security-web-6.5.5.jar:6.5.5]
	at org.springframework.security.web.ObservationFilterChainDecorator$VirtualFilterChain.doFilter(ObservationFilterChainDecorator.java:138) ~[spring-security-web-6.5.5.jar:6.5.5]
	at org.springframework.web.filter.CorsFilter.doFilterInternal(CorsFilter.java:91) ~[spring-web-6.2.11.jar:6.2.11]
	at org.springframework.web.filter.OncePerRequestFilter.doFilter(OncePerRequestFilter.java:116) ~[spring-web-6.2.11.jar:6.2.11]
	at org.springframework.security.web.ObservationFilterChainDecorator$ObservationFilter.wrapFilter(ObservationFilterChainDecorator.java:241) ~[spring-security-web-6.5.5.jar:6.5.5]
	at org.springframework.security.web.ObservationFilterChainDecorator$ObservationFilter.doFilter(ObservationFilterChainDecorator.java:228) ~[spring-security-web-6.5.5.jar:6.5.5]
	at org.springframework.security.web.ObservationFilterChainDecorator$VirtualFilterChain.doFilter(ObservationFilterChainDecorator.java:138) ~[spring-security-web-6.5.5.jar:6.5.5]
	at org.springframework.security.web.header.HeaderWriterFilter.doHeadersAfter(HeaderWriterFilter.java:90) ~[spring-security-web-6.5.5.jar:6.5.5]
	at org.springframework.security.web.header.HeaderWriterFilter.doFilterInternal(HeaderWriterFilter.java:75) ~[spring-security-web-6.5.5.jar:6.5.5]
	at org.springframework.web.filter.OncePerRequestFilter.doFilter(OncePerRequestFilter.java:116) ~[spring-web-6.2.11.jar:6.2.11]
	at org.springframework.security.web.ObservationFilterChainDecorator$ObservationFilter.wrapFilter(ObservationFilterChainDecorator.java:241) ~[spring-security-web-6.5.5.jar:6.5.5]
	at org.springframework.security.web.ObservationFilterChainDecorator$ObservationFilter.doFilter(ObservationFilterChainDecorator.java:228) ~[spring-security-web-6.5.5.jar:6.5.5]
	at org.springframework.security.web.ObservationFilterChainDecorator$VirtualFilterChain.doFilter(ObservationFilterChainDecorator.java:138) ~[spring-security-web-6.5.5.jar:6.5.5]
	at org.springframework.security.web.context.SecurityContextHolderFilter.doFilter(SecurityContextHolderFilter.java:82) ~[spring-security-web-6.5.5.jar:6.5.5]
	at org.springframework.security.web.context.SecurityContextHolderFilter.doFilter(SecurityContextHolderFilter.java:69) ~[spring-security-web-6.5.5.jar:6.5.5]
	at org.springframework.security.web.ObservationFilterChainDecorator$ObservationFilter.wrapFilter(ObservationFilterChainDecorator.java:241) ~[spring-security-web-6.5.5.jar:6.5.5]
	at org.springframework.security.web.ObservationFilterChainDecorator$ObservationFilter.doFilter(ObservationFilterChainDecorator.java:228) ~[spring-security-web-6.5.5.jar:6.5.5]
	at org.springframework.security.web.ObservationFilterChainDecorator$VirtualFilterChain.doFilter(ObservationFilterChainDecorator.java:138) ~[spring-security-web-6.5.5.jar:6.5.5]
	at org.springframework.security.web.context.request.async.WebAsyncManagerIntegrationFilter.doFilterInternal(WebAsyncManagerIntegrationFilter.java:62) ~[spring-security-web-6.5.5.jar:6.5.5]
	at org.springframework.web.filter.OncePerRequestFilter.doFilter(OncePerRequestFilter.java:116) ~[spring-web-6.2.11.jar:6.2.11]
	at org.springframework.security.web.ObservationFilterChainDecorator$ObservationFilter.wrapFilter(ObservationFilterChainDecorator.java:241) ~[spring-security-web-6.5.5.jar:6.5.5]
	at org.springframework.security.web.ObservationFilterChainDecorator$ObservationFilter.doFilter(ObservationFilterChainDecorator.java:228) ~[spring-security-web-6.5.5.jar:6.5.5]
	at org.springframework.security.web.ObservationFilterChainDecorator$VirtualFilterChain.doFilter(ObservationFilterChainDecorator.java:138) ~[spring-security-web-6.5.5.jar:6.5.5]
	at org.springframework.security.web.session.DisableEncodeUrlFilter.doFilterInternal(DisableEncodeUrlFilter.java:42) ~[spring-security-web-6.5.5.jar:6.5.5]
	at org.springframework.web.filter.OncePerRequestFilter.doFilter(OncePerRequestFilter.java:116) ~[spring-web-6.2.11.jar:6.2.11]
	at org.springframework.security.web.ObservationFilterChainDecorator$ObservationFilter.wrapFilter(ObservationFilterChainDecorator.java:241) ~[spring-security-web-6.5.5.jar:6.5.5]
	at org.springframework.security.web.ObservationFilterChainDecorator$AroundFilterObservation$SimpleAroundFilterObservation.lambda$wrap$0(ObservationFilterChainDecorator.java:334) ~[spring-security-web-6.5.5.jar:6.5.5]
	at org.springframework.security.web.ObservationFilterChainDecorator$ObservationFilter.doFilter(ObservationFilterChainDecorator.java:225) ~[spring-security-web-6.5.5.jar:6.5.5]
	at org.springframework.security.web.ObservationFilterChainDecorator$VirtualFilterChain.doFilter(ObservationFilterChainDecorator.java:138) ~[spring-security-web-6.5.5.jar:6.5.5]
	at org.springframework.security.web.FilterChainProxy.doFilterInternal(FilterChainProxy.java:233) ~[spring-security-web-6.5.5.jar:6.5.5]
	at org.springframework.security.web.FilterChainProxy.doFilter(FilterChainProxy.java:191) ~[spring-security-web-6.5.5.jar:6.5.5]
	at org.springframework.web.filter.CompositeFilter$VirtualFilterChain.doFilter(CompositeFilter.java:113) ~[spring-web-6.2.11.jar:6.2.11]
	at org.springframework.web.filter.ServletRequestPathFilter.doFilter(ServletRequestPathFilter.java:52) ~[spring-web-6.2.11.jar:6.2.11]
	at org.springframework.web.filter.CompositeFilter$VirtualFilterChain.doFilter(CompositeFilter.java:113) ~[spring-web-6.2.11.jar:6.2.11]
	at org.springframework.web.filter.CompositeFilter.doFilter(CompositeFilter.java:74) ~[spring-web-6.2.11.jar:6.2.11]
	at org.springframework.security.config.annotation.web.configuration.WebSecurityConfiguration$CompositeFilterChainProxy.doFilter(WebSecurityConfiguration.java:319) ~[spring-security-config-6.5.5.jar:6.5.5]
	at org.springframework.web.filter.CompositeFilter$VirtualFilterChain.doFilter(CompositeFilter.java:113) ~[spring-web-6.2.11.jar:6.2.11]
	at org.springframework.web.servlet.handler.HandlerMappingIntrospector.lambda$createCacheFilter$4(HandlerMappingIntrospector.java:267) ~[spring-webmvc-6.2.11.jar:6.2.11]
	at org.springframework.web.filter.CompositeFilter$VirtualFilterChain.doFilter(CompositeFilter.java:113) [spring-web-6.2.11.jar:6.2.11]
	at org.springframework.web.filter.CompositeFilter.doFilter(CompositeFilter.java:74) [spring-web-6.2.11.jar:6.2.11]
	at org.springframework.security.config.annotation.web.configuration.WebMvcSecurityConfiguration$CompositeFilterChainProxy.doFilter(WebMvcSecurityConfiguration.java:240) [spring-security-config-6.5.5.jar:6.5.5]
	at org.springframework.web.filter.DelegatingFilterProxy.invokeDelegate(DelegatingFilterProxy.java:362) [spring-web-6.2.11.jar:6.2.11]
	at org.springframework.web.filter.DelegatingFilterProxy.doFilter(DelegatingFilterProxy.java:278) [spring-web-6.2.11.jar:6.2.11]
	at org.apache.catalina.core.ApplicationFilterChain.internalDoFilter(ApplicationFilterChain.java:164) [tomcat-embed-core-10.1.46.jar:10.1.46]
	at org.apache.catalina.core.ApplicationFilterChain.doFilter(ApplicationFilterChain.java:140) [tomcat-embed-core-10.1.46.jar:10.1.46]
	at org.springframework.web.filter.RequestContextFilter.doFilterInternal(RequestContextFilter.java:100) [spring-web-6.2.11.jar:6.2.11]
	at org.springframework.web.filter.OncePerRequestFilter.doFilter(OncePerRequestFilter.java:116) [spring-web-6.2.11.jar:6.2.11]
	at org.apache.catalina.core.ApplicationFilterChain.internalDoFilter(ApplicationFilterChain.java:164) [tomcat-embed-core-10.1.46.jar:10.1.46]
	at org.apache.catalina.core.ApplicationFilterChain.doFilter(ApplicationFilterChain.java:140) [tomcat-embed-core-10.1.46.jar:10.1.46]
	at org.springframework.web.filter.FormContentFilter.doFilterInternal(FormContentFilter.java:93) [spring-web-6.2.11.jar:6.2.11]
	at org.springframework.web.filter.OncePerRequestFilter.doFilter(OncePerRequestFilter.java:116) [spring-web-6.2.11.jar:6.2.11]
	at org.apache.catalina.core.ApplicationFilterChain.internalDoFilter(ApplicationFilterChain.java:164) [tomcat-embed-core-10.1.46.jar:10.1.46]
	at org.apache.catalina.core.ApplicationFilterChain.doFilter(ApplicationFilterChain.java:140) [tomcat-embed-core-10.1.46.jar:10.1.46]
	at org.springframework.web.filter.ServerHttpObservationFilter.doFilterInternal(ServerHttpObservationFilter.java:110) [spring-web-6.2.11.jar:6.2.11]
	at org.springframework.web.filter.OncePerRequestFilter.doFilter(OncePerRequestFilter.java:116) [spring-web-6.2.11.jar:6.2.11]
	at org.apache.catalina.core.ApplicationFilterChain.internalDoFilter(ApplicationFilterChain.java:164) [tomcat-embed-core-10.1.46.jar:10.1.46]
	at org.apache.catalina.core.ApplicationFilterChain.doFilter(ApplicationFilterChain.java:140) [tomcat-embed-core-10.1.46.jar:10.1.46]
	at org.springframework.web.filter.CharacterEncodingFilter.doFilterInternal(CharacterEncodingFilter.java:201) [spring-web-6.2.11.jar:6.2.11]
	at org.springframework.web.filter.OncePerRequestFilter.doFilter(OncePerRequestFilter.java:116) [spring-web-6.2.11.jar:6.2.11]
	at org.apache.catalina.core.ApplicationFilterChain.internalDoFilter(ApplicationFilterChain.java:164) [tomcat-embed-core-10.1.46.jar:10.1.46]
	at org.apache.catalina.core.ApplicationFilterChain.doFilter(ApplicationFilterChain.java:140) [tomcat-embed-core-10.1.46.jar:10.1.46]
	at org.apache.catalina.core.StandardWrapperValve.invoke(StandardWrapperValve.java:167) [tomcat-embed-core-10.1.46.jar:10.1.46]
	at org.apache.catalina.core.StandardContextValve.invoke(StandardContextValve.java:90) [tomcat-embed-core-10.1.46.jar:10.1.46]
	at org.apache.catalina.authenticator.AuthenticatorBase.invoke(AuthenticatorBase.java:483) [tomcat-embed-core-10.1.46.jar:10.1.46]
	at org.apache.catalina.core.StandardHostValve.invoke(StandardHostValve.java:116) [tomcat-embed-core-10.1.46.jar:10.1.46]
	at org.apache.catalina.valves.ErrorReportValve.invoke(ErrorReportValve.java:93) [tomcat-embed-core-10.1.46.jar:10.1.46]
	at org.apache.catalina.core.StandardEngineValve.invoke(StandardEngineValve.java:74) [tomcat-embed-core-10.1.46.jar:10.1.46]
	at org.apache.catalina.connector.CoyoteAdapter.service(CoyoteAdapter.java:344) [tomcat-embed-core-10.1.46.jar:10.1.46]
	at org.apache.coyote.http11.Http11Processor.service(Http11Processor.java:398) [tomcat-embed-core-10.1.46.jar:10.1.46]
	at org.apache.coyote.AbstractProcessorLight.process(AbstractProcessorLight.java:63) [tomcat-embed-core-10.1.46.jar:10.1.46]
	at org.apache.coyote.AbstractProtocol$ConnectionHandler.process(AbstractProtocol.java:903) [tomcat-embed-core-10.1.46.jar:10.1.46]
	at org.apache.tomcat.util.net.NioEndpoint$SocketProcessor.doRun(NioEndpoint.java:1776) [tomcat-embed-core-10.1.46.jar:10.1.46]
	at org.apache.tomcat.util.net.SocketProcessorBase.run(SocketProcessorBase.java:52) [tomcat-embed-core-10.1.46.jar:10.1.46]
	at org.apache.tomcat.util.threads.ThreadPoolExecutor.runWorker(ThreadPoolExecutor.java:975) [tomcat-embed-core-10.1.46.jar:10.1.46]
	at org.apache.tomcat.util.threads.ThreadPoolExecutor$Worker.run(ThreadPoolExecutor.java:493) [tomcat-embed-core-10.1.46.jar:10.1.46]
	at org.apache.tomcat.util.threads.TaskThread$WrappingRunnable.run(TaskThread.java:63) [tomcat-embed-core-10.1.46.jar:10.1.46]
	at java.base/java.lang.Thread.run(Thread.java:842) [?:?]
2025-12-11 01:06:39.821 [http-nio-8080-exec-10] DEBUG org.springframework.web.servlet.mvc.method.annotation.HttpEntityMethodProcessor - Using 'application/json', given [*/*] and supported [application/json, application/*+json]
2025-12-11 01:06:39.822 [http-nio-8080-exec-10] DEBUG org.springframework.web.servlet.mvc.method.annotation.HttpEntityMethodProcessor - Writing [com.uit.sociuscoremodules.shared.response.Response@1c78f107]
2025-12-11 01:06:39.822 [http-nio-8080-exec-10] WARN  org.springframework.web.servlet.mvc.method.annotation.ExceptionHandlerExceptionResolver - Resolved [org.springframework.web.HttpRequestMethodNotSupportedException: Request method 'PUT' is not supported]
2025-12-11 01:06:39.823 [http-nio-8080-exec-10] DEBUG org.springframework.web.servlet.DispatcherServlet - Completed 500 INTERNAL_SERVER_ERROR
2025-12-11 01:06:52.385 [http-nio-8080-exec-1] DEBUG org.springframework.web.servlet.DispatcherServlet - PATCH "/api/teams/TEAM001", parameters={}
2025-12-11 01:06:52.385 [http-nio-8080-exec-1] DEBUG org.springframework.web.servlet.mvc.method.annotation.RequestMappingHandlerMapping - Mapped to com.uit.sociusmvcapp.endpoint.TeamController#updateTeam(String, TeamUpdateRequest)
2025-12-11 01:06:52.388 [http-nio-8080-exec-1] DEBUG org.springframework.web.servlet.mvc.method.annotation.RequestResponseBodyMethodProcessor - Read "application/json;charset=UTF-8" to [com.uit.sociuscoremodules.team.request.TeamUpdateRequest@ca34e67]
2025-12-11 01:06:52.390 [http-nio-8080-exec-1] INFO  com.uit.sociuscoremodules.team.service.impl.TeamServiceImpl - Updating team: TEAM001
2025-12-11 01:06:52.903 [http-nio-8080-exec-1] INFO  com.uit.sociuscoremodules.team.service.impl.TeamServiceImpl - Team TEAM001 updated successfully
2025-12-11 01:06:52.904 [http-nio-8080-exec-1] INFO  com.uit.sociuscoremodules.team.service.impl.TeamServiceImpl - Getting team by code: TEAM001
2025-12-11 01:06:53.151 [http-nio-8080-exec-1] INFO  com.uit.sociuscoremodules.teamemployee.service.impl.TeamEmployeeServiceImpl - Getting team lead for team TEAM001
2025-12-11 01:06:53.668 [http-nio-8080-exec-1] INFO  com.uit.sociuscoremodules.teamemployee.service.impl.TeamEmployeeServiceImpl - Getting all employees in team TEAM001
2025-12-11 01:06:54.159 [http-nio-8080-exec-1] DEBUG org.springframework.web.servlet.mvc.method.annotation.HttpEntityMethodProcessor - Using 'application/json', given [*/*] and supported [application/json, application/*+json]
2025-12-11 01:06:54.160 [http-nio-8080-exec-1] DEBUG org.springframework.web.servlet.mvc.method.annotation.HttpEntityMethodProcessor - Writing [com.uit.sociuscoremodules.shared.response.Response@3eb9e367]
2025-12-11 01:06:54.161 [http-nio-8080-exec-1] DEBUG org.springframework.web.servlet.DispatcherServlet - Completed 200 OK
2025-12-11 01:09:07.654 [http-nio-8080-exec-5] DEBUG org.springframework.web.servlet.DispatcherServlet - DELETE "/api/teams/TEAM005", parameters={}
2025-12-11 01:09:07.655 [http-nio-8080-exec-5] DEBUG org.springframework.web.servlet.mvc.method.annotation.RequestMappingHandlerMapping - Mapped to com.uit.sociusmvcapp.endpoint.TeamController#deleteTeam(String)
2025-12-11 01:09:07.656 [http-nio-8080-exec-5] INFO  com.uit.sociuscoremodules.team.service.impl.TeamServiceImpl - Deleting team: TEAM005
2025-12-11 01:09:07.916 [http-nio-8080-exec-5] INFO  com.uit.sociuscoremodules.teamemployee.service.impl.TeamEmployeeServiceImpl - Getting all employees in team TEAM005
2025-12-11 01:09:08.441 [http-nio-8080-exec-5] ERROR com.uit.sociuscoremodules.team.service.impl.TeamServiceImpl - Cannot delete team TEAM005 with 1 employee(s)
2025-12-11 01:09:08.444 [http-nio-8080-exec-5] DEBUG org.springframework.web.servlet.mvc.method.annotation.ExceptionHandlerExceptionResolver - Using @ExceptionHandler com.uit.sociusmvcapp.exception.GlobalExceptionHandler#handleBusinessException(BusinessException)
2025-12-11 01:09:08.445 [http-nio-8080-exec-5] WARN  com.uit.sociusmvcapp.exception.GlobalExceptionHandler - Business Exception Handled: status=400, code=team.cannot.delete.with.employees, message=Cannot delete team that has employees. Remove all employees first.
2025-12-11 01:09:08.445 [http-nio-8080-exec-5] DEBUG org.springframework.web.servlet.mvc.method.annotation.HttpEntityMethodProcessor - Using 'application/json', given [*/*] and supported [application/json, application/*+json]
2025-12-11 01:09:08.446 [http-nio-8080-exec-5] DEBUG org.springframework.web.servlet.mvc.method.annotation.HttpEntityMethodProcessor - Writing [com.uit.sociuscoremodules.shared.response.Response@7aecc5e7]
2025-12-11 01:09:08.448 [http-nio-8080-exec-5] WARN  org.springframework.web.servlet.mvc.method.annotation.ExceptionHandlerExceptionResolver - Resolved [com.uit.sociuscoremodules.shared.exception.BusinessException: team.cannot.delete.with.employees]
2025-12-11 01:09:08.448 [http-nio-8080-exec-5] DEBUG org.springframework.web.servlet.DispatcherServlet - Completed 400 BAD_REQUEST
2025-12-11 01:14:29.221 [Test worker] INFO  org.springframework.test.context.support.AnnotationConfigContextLoaderUtils - Could not detect default configuration classes for test class [com.uit.sociusmvcapp.SociusMvcAppApplicationTests]: SociusMvcAppApplicationTests does not declare any static, non-private, non-final, nested classes annotated with @Configuration.
2025-12-11 01:14:29.530 [Test worker] INFO  org.springframework.boot.test.context.SpringBootTestContextBootstrapper - Found @SpringBootConfiguration com.uit.sociusmvcapp.SociusMvcAppApplication for test class com.uit.sociusmvcapp.SociusMvcAppApplicationTests
2025-12-11 01:14:31.269 [background-preinit] INFO  org.hibernate.validator.internal.util.Version - HV000001: Hibernate Validator 8.0.3.Final
2025-12-11 01:14:31.432 [Test worker] INFO  com.uit.sociusmvcapp.SociusMvcAppApplicationTests - Starting SociusMvcAppApplicationTests using Java 17.0.12 with PID 20756 (started by dotha in D:\Study_space\Cong_nghe_web_ung_dung\Socius\socius-mvc-app)
2025-12-11 01:14:31.451 [Test worker] DEBUG com.uit.sociusmvcapp.SociusMvcAppApplicationTests - Running with Spring Boot v3.5.6, Spring v6.2.11
2025-12-11 01:14:31.455 [Test worker] INFO  com.uit.sociusmvcapp.SociusMvcAppApplicationTests - The following 1 profile is active: "test"
2025-12-11 01:14:31.680 [Test worker] DEBUG org.springframework.web.context.support.GenericWebApplicationContext - Refreshing org.springframework.web.context.support.GenericWebApplicationContext@446626a7
2025-12-11 01:14:37.117 [Test worker] INFO  com.zaxxer.hikari.HikariDataSource - HikariPool-1 - Starting...
2025-12-11 01:14:40.391 [Test worker] INFO  com.zaxxer.hikari.pool.HikariPool - HikariPool-1 - Added connection org.postgresql.jdbc.PgConnection@4a18e0f1
2025-12-11 01:14:40.395 [Test worker] INFO  com.zaxxer.hikari.HikariDataSource - HikariPool-1 - Start completed.
2025-12-11 01:14:42.468 [Test worker] DEBUG org.springframework.web.servlet.mvc.method.annotation.RequestMappingHandlerMapping - 20 mappings in 'requestMappingHandlerMapping'
2025-12-11 01:14:42.518 [Test worker] DEBUG org.springframework.web.servlet.handler.SimpleUrlHandlerMapping - Patterns [/webjars/**, /**] in 'resourceHandlerMapping'
2025-12-11 01:14:42.762 [Test worker] INFO  org.springframework.boot.actuate.endpoint.web.EndpointLinksResolver - Exposing 1 endpoint beneath base path '/actuator'
2025-12-11 01:14:43.298 [Test worker] DEBUG org.springframework.web.servlet.mvc.method.annotation.RequestMappingHandlerAdapter - ControllerAdvice beans: 0 @ModelAttribute, 0 @InitBinder, 1 RequestBodyAdvice, 1 ResponseBodyAdvice
2025-12-11 01:14:43.393 [Test worker] DEBUG org.springframework.web.servlet.mvc.method.annotation.ExceptionHandlerExceptionResolver - ControllerAdvice beans: 1 @ExceptionHandler, 1 ResponseBodyAdvice
2025-12-11 01:14:44.286 [Test worker] INFO  org.springframework.scheduling.config.TaskSchedulerRouter - No TaskScheduler/ScheduledExecutorService bean found for scheduled processing
2025-12-11 01:14:44.297 [Test worker] INFO  com.uit.sociusmvcapp.SociusMvcAppApplicationTests - Started SociusMvcAppApplicationTests in 14.314 seconds (process running for 19.759)
2025-12-11 01:14:45.494 [SpringApplicationShutdownHook] DEBUG org.springframework.web.context.support.GenericWebApplicationContext - Closing org.springframework.web.context.support.GenericWebApplicationContext@446626a7, started on Thu Dec 11 01:14:31 ICT 2025
2025-12-11 01:14:45.549 [SpringApplicationShutdownHook] INFO  com.zaxxer.hikari.HikariDataSource - HikariPool-1 - Shutdown initiated...
2025-12-11 01:14:47.679 [SpringApplicationShutdownHook] INFO  com.zaxxer.hikari.HikariDataSource - HikariPool-1 - Shutdown completed.
2025-12-11 01:16:18.148 [background-preinit] INFO  org.hibernate.validator.internal.util.Version - HV000001: Hibernate Validator 8.0.3.Final
2025-12-11 01:16:18.184 [restartedMain] INFO  com.uit.sociusmvcapp.SociusMvcAppApplication - Starting SociusMvcAppApplication using Java 17.0.12 with PID 26044 (D:\Study_space\Cong_nghe_web_ung_dung\Socius\socius-mvc-app\build\classes\java\main started by dotha in D:\Study_space\Cong_nghe_web_ung_dung\Socius\socius-mvc-app)
2025-12-11 01:16:18.186 [restartedMain] DEBUG com.uit.sociusmvcapp.SociusMvcAppApplication - Running with Spring Boot v3.5.6, Spring v6.2.11
2025-12-11 01:16:18.189 [restartedMain] INFO  com.uit.sociusmvcapp.SociusMvcAppApplication - No active profile set, falling back to 1 default profile: "default"
2025-12-11 01:16:18.234 [restartedMain] INFO  org.springframework.boot.devtools.env.DevToolsPropertyDefaultsPostProcessor - Devtools property defaults active! Set 'spring.devtools.add-properties' to 'false' to disable
2025-12-11 01:16:18.234 [restartedMain] INFO  org.springframework.boot.devtools.env.DevToolsPropertyDefaultsPostProcessor - For additional web related logging consider setting the 'logging.level.web' property to 'DEBUG'
2025-12-11 01:16:20.044 [restartedMain] INFO  org.springframework.boot.web.embedded.tomcat.TomcatWebServer - Tomcat initialized with port 8080 (http)
2025-12-11 01:16:20.117 [restartedMain] INFO  org.springframework.boot.web.servlet.context.ServletWebServerApplicationContext - Root WebApplicationContext: initialization completed in 1881 ms
2025-12-11 01:16:20.265 [restartedMain] DEBUG org.springframework.web.filter.ServerHttpObservationFilter - Filter 'webMvcObservationFilter' configured for use
2025-12-11 01:16:20.487 [restartedMain] INFO  com.zaxxer.hikari.HikariDataSource - HikariPool-1 - Starting...
2025-12-11 01:16:23.405 [restartedMain] INFO  com.zaxxer.hikari.pool.HikariPool - HikariPool-1 - Added connection org.postgresql.jdbc.PgConnection@283745b2
2025-12-11 01:16:23.408 [restartedMain] INFO  com.zaxxer.hikari.HikariDataSource - HikariPool-1 - Start completed.
2025-12-11 01:16:24.169 [restartedMain] DEBUG org.springframework.web.servlet.mvc.method.annotation.RequestMappingHandlerMapping - 20 mappings in 'requestMappingHandlerMapping'
2025-12-11 01:16:24.192 [restartedMain] DEBUG org.springframework.web.servlet.handler.SimpleUrlHandlerMapping - Patterns [/webjars/**, /**] in 'resourceHandlerMapping'
2025-12-11 01:16:24.280 [restartedMain] INFO  org.springframework.boot.actuate.endpoint.web.EndpointLinksResolver - Exposing 1 endpoint beneath base path '/actuator'
2025-12-11 01:16:24.452 [restartedMain] DEBUG org.springframework.web.servlet.mvc.method.annotation.RequestMappingHandlerAdapter - ControllerAdvice beans: 0 @ModelAttribute, 0 @InitBinder, 1 RequestBodyAdvice, 1 ResponseBodyAdvice
2025-12-11 01:16:24.493 [restartedMain] DEBUG org.springframework.web.servlet.mvc.method.annotation.ExceptionHandlerExceptionResolver - ControllerAdvice beans: 1 @ExceptionHandler, 1 ResponseBodyAdvice
2025-12-11 01:16:24.782 [restartedMain] INFO  org.springframework.boot.devtools.autoconfigure.OptionalLiveReloadServer - LiveReload server is running on port 35729
2025-12-11 01:16:24.864 [restartedMain] INFO  org.springframework.boot.web.embedded.tomcat.TomcatWebServer - Tomcat started on port 8080 (http) with context path '/api'
2025-12-11 01:16:24.881 [restartedMain] INFO  org.springframework.scheduling.config.TaskSchedulerRouter - No TaskScheduler/ScheduledExecutorService bean found for scheduled processing
2025-12-11 01:16:24.886 [restartedMain] INFO  com.uit.sociusmvcapp.SociusMvcAppApplication - Started SociusMvcAppApplication in 7.109 seconds (process running for 8.018)
2025-12-11 01:16:42.617 [http-nio-8080-exec-1] INFO  org.springframework.web.servlet.DispatcherServlet - Initializing Servlet 'dispatcherServlet'
2025-12-11 01:16:42.618 [http-nio-8080-exec-1] DEBUG org.springframework.web.servlet.DispatcherServlet - Detected StandardServletMultipartResolver
2025-12-11 01:16:42.618 [http-nio-8080-exec-1] DEBUG org.springframework.web.servlet.DispatcherServlet - Detected AcceptHeaderLocaleResolver
2025-12-11 01:16:42.618 [http-nio-8080-exec-1] DEBUG org.springframework.web.servlet.DispatcherServlet - Detected FixedThemeResolver
2025-12-11 01:16:42.621 [http-nio-8080-exec-1] DEBUG org.springframework.web.servlet.DispatcherServlet - Detected org.springframework.web.servlet.view.DefaultRequestToViewNameTranslator@8235d92
2025-12-11 01:16:42.621 [http-nio-8080-exec-1] DEBUG org.springframework.web.servlet.DispatcherServlet - Detected org.springframework.web.servlet.support.SessionFlashMapManager@3d563f94
2025-12-11 01:16:42.622 [http-nio-8080-exec-1] DEBUG org.springframework.web.servlet.DispatcherServlet - enableLoggingRequestDetails='false': request parameters and headers will be masked to prevent unsafe logging of potentially sensitive data
2025-12-11 01:16:42.622 [http-nio-8080-exec-1] INFO  org.springframework.web.servlet.DispatcherServlet - Completed initialization in 5 ms
2025-12-11 01:16:43.746 [http-nio-8080-exec-1] WARN  com.uit.sociuscoremodules.shared.security.TokenAuthenticator - Token expired: 2025-12-11T00:41:00.000+0700
2025-12-11 01:16:43.748 [http-nio-8080-exec-1] ERROR com.uit.sociusmvcapp.security.AuthorizationFilter - Authentication failed: TOKEN_EX
2025-12-11 01:16:55.705 [http-nio-8080-exec-6] DEBUG org.springframework.web.servlet.DispatcherServlet - GET "/api/teams", parameters={}
2025-12-11 01:16:55.709 [http-nio-8080-exec-6] DEBUG org.springframework.web.servlet.mvc.method.annotation.RequestMappingHandlerMapping - Mapped to com.uit.sociusmvcapp.endpoint.TeamController#searchTeams(PaginationSearchRequest, String, String, String, Integer, Integer, String, String)
2025-12-11 01:16:55.842 [http-nio-8080-exec-6] DEBUG org.springframework.web.servlet.mvc.method.annotation.RequestResponseBodyMethodProcessor - Read "application/json;charset=UTF-8" to [com.uit.sociuscoremodules.shared.request.PaginationSearchRequest@1e5cf45b]
2025-12-11 01:16:55.855 [http-nio-8080-exec-6] INFO  com.uit.sociuscoremodules.team.service.impl.TeamServiceImpl - Searching teams with request: com.uit.sociuscoremodules.shared.request.PaginationSearchRequest@1e5cf45b
2025-12-11 01:16:56.398 [http-nio-8080-exec-6] DEBUG org.springframework.web.servlet.mvc.method.annotation.HttpEntityMethodProcessor - Using 'application/json', given [*/*] and supported [application/json, application/*+json]
2025-12-11 01:16:56.400 [http-nio-8080-exec-6] DEBUG org.springframework.web.servlet.mvc.method.annotation.HttpEntityMethodProcessor - Writing [com.uit.sociuscoremodules.shared.response.Response@2ead28c6]
2025-12-11 01:16:56.423 [http-nio-8080-exec-6] DEBUG org.springframework.web.servlet.DispatcherServlet - Completed 200 OK
2025-12-11 01:17:37.643 [http-nio-8080-exec-10] DEBUG org.springframework.web.servlet.DispatcherServlet - GET "/api/teams", parameters={}
2025-12-11 01:17:37.644 [http-nio-8080-exec-10] DEBUG org.springframework.web.servlet.mvc.method.annotation.RequestMappingHandlerMapping - Mapped to com.uit.sociusmvcapp.endpoint.TeamController#searchTeams(PaginationSearchRequest, String, String, String, Integer, Integer, String, String)
2025-12-11 01:17:37.646 [http-nio-8080-exec-10] DEBUG org.springframework.web.servlet.mvc.method.annotation.RequestResponseBodyMethodProcessor - Read "application/json;charset=UTF-8" to [com.uit.sociuscoremodules.shared.request.PaginationSearchRequest@64f73ba5]
2025-12-11 01:17:37.647 [http-nio-8080-exec-10] INFO  com.uit.sociuscoremodules.team.service.impl.TeamServiceImpl - Searching teams with request: com.uit.sociuscoremodules.shared.request.PaginationSearchRequest@64f73ba5
2025-12-11 01:17:38.147 [http-nio-8080-exec-10] DEBUG org.springframework.web.servlet.mvc.method.annotation.HttpEntityMethodProcessor - Using 'application/json', given [*/*] and supported [application/json, application/*+json]
2025-12-11 01:17:38.148 [http-nio-8080-exec-10] DEBUG org.springframework.web.servlet.mvc.method.annotation.HttpEntityMethodProcessor - Writing [com.uit.sociuscoremodules.shared.response.Response@6f3b9425]
2025-12-11 01:17:38.149 [http-nio-8080-exec-10] DEBUG org.springframework.web.servlet.DispatcherServlet - Completed 200 OK
2025-12-11 01:18:00.461 [http-nio-8080-exec-3] DEBUG org.springframework.web.servlet.DispatcherServlet - GET "/api/teams", parameters={}
2025-12-11 01:18:00.462 [http-nio-8080-exec-3] DEBUG org.springframework.web.servlet.mvc.method.annotation.RequestMappingHandlerMapping - Mapped to com.uit.sociusmvcapp.endpoint.TeamController#searchTeams(PaginationSearchRequest, String, String, String, Integer, Integer, String, String)
2025-12-11 01:18:00.463 [http-nio-8080-exec-3] DEBUG org.springframework.web.servlet.mvc.method.annotation.RequestResponseBodyMethodProcessor - Read "application/json;charset=UTF-8" to [com.uit.sociuscoremodules.shared.request.PaginationSearchRequest@21bfaf3d]
2025-12-11 01:18:00.464 [http-nio-8080-exec-3] INFO  com.uit.sociuscoremodules.team.service.impl.TeamServiceImpl - Searching teams with request: com.uit.sociuscoremodules.shared.request.PaginationSearchRequest@21bfaf3d
2025-12-11 01:18:00.967 [http-nio-8080-exec-3] DEBUG org.springframework.web.servlet.mvc.method.annotation.HttpEntityMethodProcessor - Using 'application/json', given [*/*] and supported [application/json, application/*+json]
2025-12-11 01:18:00.968 [http-nio-8080-exec-3] DEBUG org.springframework.web.servlet.mvc.method.annotation.HttpEntityMethodProcessor - Writing [com.uit.sociuscoremodules.shared.response.Response@2d0b83cd]
2025-12-11 01:18:00.970 [http-nio-8080-exec-3] DEBUG org.springframework.web.servlet.DispatcherServlet - Completed 200 OK
2025-12-11 01:18:16.116 [http-nio-8080-exec-5] DEBUG org.springframework.web.servlet.DispatcherServlet - GET "/api/teams", parameters={}
2025-12-11 01:18:16.117 [http-nio-8080-exec-5] DEBUG org.springframework.web.servlet.mvc.method.annotation.RequestMappingHandlerMapping - Mapped to com.uit.sociusmvcapp.endpoint.TeamController#searchTeams(PaginationSearchRequest, String, String, String, Integer, Integer, String, String)
2025-12-11 01:18:16.118 [http-nio-8080-exec-5] DEBUG org.springframework.web.servlet.mvc.method.annotation.RequestResponseBodyMethodProcessor - Read "application/json;charset=UTF-8" to [com.uit.sociuscoremodules.shared.request.PaginationSearchRequest@18a079a6]
2025-12-11 01:18:16.119 [http-nio-8080-exec-5] INFO  com.uit.sociuscoremodules.team.service.impl.TeamServiceImpl - Searching teams with request: com.uit.sociuscoremodules.shared.request.PaginationSearchRequest@18a079a6
2025-12-11 01:18:16.614 [http-nio-8080-exec-5] DEBUG org.springframework.web.servlet.mvc.method.annotation.HttpEntityMethodProcessor - Using 'application/json', given [*/*] and supported [application/json, application/*+json]
2025-12-11 01:18:16.614 [http-nio-8080-exec-5] DEBUG org.springframework.web.servlet.mvc.method.annotation.HttpEntityMethodProcessor - Writing [com.uit.sociuscoremodules.shared.response.Response@17bcff46]
2025-12-11 01:18:16.623 [http-nio-8080-exec-5] DEBUG org.springframework.web.servlet.DispatcherServlet - Completed 200 OK
2025-12-11 01:18:25.598 [http-nio-8080-exec-7] DEBUG org.springframework.web.servlet.DispatcherServlet - GET "/api/teams", parameters={}
2025-12-11 01:18:25.598 [http-nio-8080-exec-7] DEBUG org.springframework.web.servlet.mvc.method.annotation.RequestMappingHandlerMapping - Mapped to com.uit.sociusmvcapp.endpoint.TeamController#searchTeams(PaginationSearchRequest, String, String, String, Integer, Integer, String, String)
2025-12-11 01:18:25.601 [http-nio-8080-exec-7] DEBUG org.springframework.web.servlet.mvc.method.annotation.RequestResponseBodyMethodProcessor - Read "application/json;charset=UTF-8" to [com.uit.sociuscoremodules.shared.request.PaginationSearchRequest@1f34ee62]
2025-12-11 01:18:25.602 [http-nio-8080-exec-7] INFO  com.uit.sociuscoremodules.team.service.impl.TeamServiceImpl - Searching teams with request: com.uit.sociuscoremodules.shared.request.PaginationSearchRequest@1f34ee62
2025-12-11 01:18:26.122 [http-nio-8080-exec-7] DEBUG org.springframework.web.servlet.mvc.method.annotation.HttpEntityMethodProcessor - Using 'application/json', given [*/*] and supported [application/json, application/*+json]
2025-12-11 01:18:26.123 [http-nio-8080-exec-7] DEBUG org.springframework.web.servlet.mvc.method.annotation.HttpEntityMethodProcessor - Writing [com.uit.sociuscoremodules.shared.response.Response@227b6bec]
2025-12-11 01:18:26.124 [http-nio-8080-exec-7] DEBUG org.springframework.web.servlet.DispatcherServlet - Completed 200 OK
2025-12-11 01:19:08.636 [http-nio-8080-exec-8] DEBUG org.springframework.web.servlet.DispatcherServlet - GET "/api/teams", parameters={}
2025-12-11 01:19:08.638 [http-nio-8080-exec-8] DEBUG org.springframework.web.servlet.mvc.method.annotation.RequestMappingHandlerMapping - Mapped to com.uit.sociusmvcapp.endpoint.TeamController#searchTeams(PaginationSearchRequest, String, String, String, Integer, Integer, String, String)
2025-12-11 01:19:08.639 [http-nio-8080-exec-8] DEBUG org.springframework.web.servlet.mvc.method.annotation.RequestResponseBodyMethodProcessor - Read "application/json;charset=UTF-8" to [com.uit.sociuscoremodules.shared.request.PaginationSearchRequest@7229525]
2025-12-11 01:19:08.641 [http-nio-8080-exec-8] INFO  com.uit.sociuscoremodules.team.service.impl.TeamServiceImpl - Searching teams with request: com.uit.sociuscoremodules.shared.request.PaginationSearchRequest@7229525
2025-12-11 01:19:09.146 [http-nio-8080-exec-8] DEBUG org.springframework.web.servlet.mvc.method.annotation.HttpEntityMethodProcessor - Using 'application/json', given [*/*] and supported [application/json, application/*+json]
2025-12-11 01:19:09.146 [http-nio-8080-exec-8] DEBUG org.springframework.web.servlet.mvc.method.annotation.HttpEntityMethodProcessor - Writing [com.uit.sociuscoremodules.shared.response.Response@488a42b5]
2025-12-11 01:19:09.148 [http-nio-8080-exec-8] DEBUG org.springframework.web.servlet.DispatcherServlet - Completed 200 OK
2025-12-11 01:21:38.712 [http-nio-8080-exec-2] WARN  com.uit.sociuscoremodules.shared.security.TokenAuthenticator - Token expired: 2025-12-11T00:41:00.000+0700
2025-12-11 01:21:38.712 [http-nio-8080-exec-2] ERROR com.uit.sociusmvcapp.security.AuthorizationFilter - Authentication failed: TOKEN_EX
2025-12-11 01:21:48.628 [http-nio-8080-exec-1] DEBUG org.springframework.web.servlet.DispatcherServlet - POST "/api/teams/TEAM001/employees", parameters={}
2025-12-11 01:21:48.629 [http-nio-8080-exec-1] DEBUG org.springframework.web.servlet.mvc.method.annotation.RequestMappingHandlerMapping - Mapped to com.uit.sociusmvcapp.endpoint.TeamEmployeeController#addEmployeesToTeam(String, TeamEmployeeBatchAddRequest)
2025-12-11 01:21:48.638 [http-nio-8080-exec-1] DEBUG org.springframework.web.servlet.mvc.method.annotation.RequestResponseBodyMethodProcessor - Read "application/json;charset=UTF-8" to [com.uit.sociuscoremodules.teamemployee.request.TeamEmployeeBatchAddRequest@7f6cb450]
2025-12-11 01:21:48.805 [http-nio-8080-exec-1] INFO  com.uit.sociusmvcapp.endpoint.TeamEmployeeController - Adding 1 employee(s) to team: TEAM001
2025-12-11 01:21:48.805 [http-nio-8080-exec-1] INFO  com.uit.sociuscoremodules.teamemployee.service.impl.TeamEmployeeServiceImpl - Adding batch of 1 employees to team TEAM001
2025-12-11 01:21:48.805 [http-nio-8080-exec-1] INFO  com.uit.sociuscoremodules.teamemployee.service.impl.TeamEmployeeServiceImpl - Adding employee to team TEAM001 with request: com.uit.sociuscoremodules.teamemployee.request.TeamEmployeeAddRequest@68e5141a
2025-12-11 01:21:48.807 [http-nio-8080-exec-1] INFO  com.uit.sociuscoremodules.teamemployee.service.impl.TeamEmployeeServiceImpl - Adding employee 6309fa4c-994d-4ffe-bdd1-2e3459aaa964 to team TEAM001 with role TEAM_MEM and leadership status false
2025-12-11 01:21:49.804 [http-nio-8080-exec-1] INFO  com.uit.sociuscoremodules.teamemployee.service.impl.TeamEmployeeServiceImpl - Successfully added employee 6309fa4c-994d-4ffe-bdd1-2e3459aaa964 to team TEAM001
2025-12-11 01:21:50.051 [http-nio-8080-exec-1] INFO  com.uit.sociuscoremodules.teamemployee.service.impl.TeamEmployeeServiceImpl - Successfully added employee 6309fa4c-994d-4ffe-bdd1-2e3459aaa964 to team TEAM001
2025-12-11 01:21:50.051 [http-nio-8080-exec-1] INFO  com.uit.sociuscoremodules.teamemployee.service.impl.TeamEmployeeServiceImpl - Batch add completed: 1 successful, 0 failed
2025-12-11 01:21:50.053 [http-nio-8080-exec-1] DEBUG org.springframework.web.servlet.mvc.method.annotation.HttpEntityMethodProcessor - Using 'application/json', given [*/*] and supported [application/json, application/*+json]
2025-12-11 01:21:50.053 [http-nio-8080-exec-1] DEBUG org.springframework.web.servlet.mvc.method.annotation.HttpEntityMethodProcessor - Writing [com.uit.sociuscoremodules.shared.response.Response@7d9f648c]
2025-12-11 01:21:50.054 [http-nio-8080-exec-1] DEBUG org.springframework.web.servlet.DispatcherServlet - Completed 201 CREATED
2025-12-11 01:21:58.022 [http-nio-8080-exec-6] DEBUG org.springframework.web.servlet.DispatcherServlet - POST "/api/teams/TEAM001/employees", parameters={}
2025-12-11 01:21:58.022 [http-nio-8080-exec-6] DEBUG org.springframework.web.servlet.mvc.method.annotation.RequestMappingHandlerMapping - Mapped to com.uit.sociusmvcapp.endpoint.TeamEmployeeController#addEmployeesToTeam(String, TeamEmployeeBatchAddRequest)
2025-12-11 01:21:58.024 [http-nio-8080-exec-6] DEBUG org.springframework.web.servlet.mvc.method.annotation.RequestResponseBodyMethodProcessor - Read "application/json;charset=UTF-8" to [com.uit.sociuscoremodules.teamemployee.request.TeamEmployeeBatchAddRequest@77d2c118]
2025-12-11 01:21:58.025 [http-nio-8080-exec-6] INFO  com.uit.sociusmvcapp.endpoint.TeamEmployeeController - Adding 1 employee(s) to team: TEAM001
2025-12-11 01:21:58.025 [http-nio-8080-exec-6] INFO  com.uit.sociuscoremodules.teamemployee.service.impl.TeamEmployeeServiceImpl - Adding batch of 1 employees to team TEAM001
2025-12-11 01:21:58.025 [http-nio-8080-exec-6] INFO  com.uit.sociuscoremodules.teamemployee.service.impl.TeamEmployeeServiceImpl - Adding employee to team TEAM001 with request: com.uit.sociuscoremodules.teamemployee.request.TeamEmployeeAddRequest@39d4b198
2025-12-11 01:21:58.025 [http-nio-8080-exec-6] INFO  com.uit.sociuscoremodules.teamemployee.service.impl.TeamEmployeeServiceImpl - Adding employee 6309fa4c-994d-4ffe-bdd1-2e3459aaa964 to team TEAM001 with role TEAM_MEM and leadership status false
2025-12-11 01:21:58.771 [http-nio-8080-exec-6] ERROR com.uit.sociuscoremodules.teamemployee.service.impl.TeamEmployeeServiceImpl - Employee 6309fa4c-994d-4ffe-bdd1-2e3459aaa964 is already in team TEAM001
2025-12-11 01:21:58.771 [http-nio-8080-exec-6] ERROR com.uit.sociuscoremodules.teamemployee.service.impl.TeamEmployeeServiceImpl - Failed to add employee 6309fa4c-994d-4ffe-bdd1-2e3459aaa964 to team TEAM001: employee.already.in.team
2025-12-11 01:21:58.773 [http-nio-8080-exec-6] INFO  com.uit.sociuscoremodules.teamemployee.service.impl.TeamEmployeeServiceImpl - Batch add completed: 0 successful, 1 failed
2025-12-11 01:21:58.775 [http-nio-8080-exec-6] DEBUG org.springframework.web.servlet.mvc.method.annotation.HttpEntityMethodProcessor - Using 'application/json', given [*/*] and supported [application/json, application/*+json]
2025-12-11 01:21:58.775 [http-nio-8080-exec-6] DEBUG org.springframework.web.servlet.mvc.method.annotation.HttpEntityMethodProcessor - Writing [com.uit.sociuscoremodules.shared.response.Response@7323a0c1]
2025-12-11 01:21:58.779 [http-nio-8080-exec-6] DEBUG org.springframework.web.servlet.DispatcherServlet - Completed 200 OK
2025-12-11 01:24:27.741 [http-nio-8080-exec-5] WARN  com.uit.sociuscoremodules.shared.security.TokenAuthenticator - Token expired: 2025-12-11T00:41:00.000+0700
2025-12-11 01:24:27.741 [http-nio-8080-exec-5] ERROR com.uit.sociusmvcapp.security.AuthorizationFilter - Authentication failed: TOKEN_EX
2025-12-11 01:24:37.155 [http-nio-8080-exec-7] DEBUG org.springframework.web.servlet.DispatcherServlet - GET "/api/teams/%7BteamCode%7D/employees", parameters={}
2025-12-11 01:24:37.155 [http-nio-8080-exec-7] DEBUG org.springframework.web.servlet.mvc.method.annotation.RequestMappingHandlerMapping - Mapped to com.uit.sociusmvcapp.endpoint.TeamEmployeeController#searchEmployeesInTeam(String, PaginationSearchRequest, String, String, String, String, Integer, Integer, String, String)
2025-12-11 01:24:37.161 [http-nio-8080-exec-7] DEBUG org.springframework.web.servlet.mvc.method.annotation.RequestResponseBodyMethodProcessor - Read "application/json;charset=UTF-8" to [com.uit.sociuscoremodules.shared.request.PaginationSearchRequest@4ad580a1]
2025-12-11 01:24:37.162 [http-nio-8080-exec-7] INFO  com.uit.sociusmvcapp.endpoint.TeamEmployeeController - Searching employees in team: {teamCode}
2025-12-11 01:24:37.163 [http-nio-8080-exec-7] INFO  com.uit.sociuscoremodules.teamemployee.service.impl.TeamEmployeeServiceImpl - Searching employees in team {teamCode} with request: com.uit.sociuscoremodules.shared.request.PaginationSearchRequest@4ad580a1
2025-12-11 01:24:37.414 [http-nio-8080-exec-7] ERROR com.uit.sociuscoremodules.teamemployee.service.impl.TeamEmployeeServiceImpl - Team not found with code: {teamCode}
2025-12-11 01:24:37.421 [http-nio-8080-exec-7] DEBUG org.springframework.web.servlet.mvc.method.annotation.ExceptionHandlerExceptionResolver - Using @ExceptionHandler com.uit.sociusmvcapp.exception.GlobalExceptionHandler#handleBusinessException(BusinessException)
2025-12-11 01:24:37.421 [http-nio-8080-exec-7] WARN  com.uit.sociusmvcapp.exception.GlobalExceptionHandler - Business Exception Handled: status=404, code=team.not.found, message=Team not found.
2025-12-11 01:24:37.422 [http-nio-8080-exec-7] DEBUG org.springframework.web.servlet.mvc.method.annotation.HttpEntityMethodProcessor - Using 'application/json', given [*/*] and supported [application/json, application/*+json]
2025-12-11 01:24:37.422 [http-nio-8080-exec-7] DEBUG org.springframework.web.servlet.mvc.method.annotation.HttpEntityMethodProcessor - Writing [com.uit.sociuscoremodules.shared.response.Response@79632835]
2025-12-11 01:24:37.424 [http-nio-8080-exec-7] WARN  org.springframework.web.servlet.mvc.method.annotation.ExceptionHandlerExceptionResolver - Resolved [com.uit.sociuscoremodules.shared.exception.BusinessException: team.not.found]
2025-12-11 01:24:37.425 [http-nio-8080-exec-7] DEBUG org.springframework.web.servlet.DispatcherServlet - Completed 404 NOT_FOUND
2025-12-11 01:25:00.376 [http-nio-8080-exec-8] DEBUG org.springframework.web.servlet.DispatcherServlet - GET "/api/teams/%7BteamCode%7D/employees", parameters={}
2025-12-11 01:25:00.377 [http-nio-8080-exec-8] DEBUG org.springframework.web.servlet.mvc.method.annotation.RequestMappingHandlerMapping - Mapped to com.uit.sociusmvcapp.endpoint.TeamEmployeeController#searchEmployeesInTeam(String, PaginationSearchRequest, String, String, String, String, Integer, Integer, String, String)
2025-12-11 01:25:00.378 [http-nio-8080-exec-8] DEBUG org.springframework.web.servlet.mvc.method.annotation.RequestResponseBodyMethodProcessor - Read "application/json;charset=UTF-8" to [com.uit.sociuscoremodules.shared.request.PaginationSearchRequest@659848f4]
2025-12-11 01:25:00.378 [http-nio-8080-exec-8] INFO  com.uit.sociusmvcapp.endpoint.TeamEmployeeController - Searching employees in team: {teamCode}
2025-12-11 01:25:00.379 [http-nio-8080-exec-8] INFO  com.uit.sociuscoremodules.teamemployee.service.impl.TeamEmployeeServiceImpl - Searching employees in team {teamCode} with request: com.uit.sociuscoremodules.shared.request.PaginationSearchRequest@659848f4
2025-12-11 01:25:00.625 [http-nio-8080-exec-8] ERROR com.uit.sociuscoremodules.teamemployee.service.impl.TeamEmployeeServiceImpl - Team not found with code: {teamCode}
2025-12-11 01:25:00.626 [http-nio-8080-exec-8] DEBUG org.springframework.web.servlet.mvc.method.annotation.ExceptionHandlerExceptionResolver - Using @ExceptionHandler com.uit.sociusmvcapp.exception.GlobalExceptionHandler#handleBusinessException(BusinessException)
2025-12-11 01:25:00.626 [http-nio-8080-exec-8] WARN  com.uit.sociusmvcapp.exception.GlobalExceptionHandler - Business Exception Handled: status=404, code=team.not.found, message=Team not found.
2025-12-11 01:25:00.627 [http-nio-8080-exec-8] DEBUG org.springframework.web.servlet.mvc.method.annotation.HttpEntityMethodProcessor - Using 'application/json', given [*/*] and supported [application/json, application/*+json]
2025-12-11 01:25:00.627 [http-nio-8080-exec-8] DEBUG org.springframework.web.servlet.mvc.method.annotation.HttpEntityMethodProcessor - Writing [com.uit.sociuscoremodules.shared.response.Response@62853b76]
2025-12-11 01:25:00.628 [http-nio-8080-exec-8] WARN  org.springframework.web.servlet.mvc.method.annotation.ExceptionHandlerExceptionResolver - Resolved [com.uit.sociuscoremodules.shared.exception.BusinessException: team.not.found]
2025-12-11 01:25:00.628 [http-nio-8080-exec-8] DEBUG org.springframework.web.servlet.DispatcherServlet - Completed 404 NOT_FOUND
2025-12-11 01:25:40.731 [http-nio-8080-exec-9] DEBUG org.springframework.web.servlet.DispatcherServlet - GET "/api/teams/TEAM002/employees", parameters={}
2025-12-11 01:25:40.732 [http-nio-8080-exec-9] DEBUG org.springframework.web.servlet.mvc.method.annotation.RequestMappingHandlerMapping - Mapped to com.uit.sociusmvcapp.endpoint.TeamEmployeeController#searchEmployeesInTeam(String, PaginationSearchRequest, String, String, String, String, Integer, Integer, String, String)
2025-12-11 01:25:40.734 [http-nio-8080-exec-9] DEBUG org.springframework.web.servlet.mvc.method.annotation.RequestResponseBodyMethodProcessor - Read "application/json;charset=UTF-8" to [com.uit.sociuscoremodules.shared.request.PaginationSearchRequest@4129d1ef]
2025-12-11 01:25:40.734 [http-nio-8080-exec-9] INFO  com.uit.sociusmvcapp.endpoint.TeamEmployeeController - Searching employees in team: TEAM002
2025-12-11 01:25:40.734 [http-nio-8080-exec-9] INFO  com.uit.sociuscoremodules.teamemployee.service.impl.TeamEmployeeServiceImpl - Searching employees in team TEAM002 with request: com.uit.sociuscoremodules.shared.request.PaginationSearchRequest@4129d1ef
2025-12-11 01:25:41.477 [http-nio-8080-exec-9] DEBUG org.springframework.web.servlet.mvc.method.annotation.HttpEntityMethodProcessor - Using 'application/json', given [*/*] and supported [application/json, application/*+json]
2025-12-11 01:25:41.477 [http-nio-8080-exec-9] DEBUG org.springframework.web.servlet.mvc.method.annotation.HttpEntityMethodProcessor - Writing [com.uit.sociuscoremodules.shared.response.Response@287c6c08]
2025-12-11 01:25:41.479 [http-nio-8080-exec-9] DEBUG org.springframework.web.servlet.DispatcherServlet - Completed 200 OK
2025-12-11 01:27:37.052 [http-nio-8080-exec-1] DEBUG org.springframework.web.servlet.DispatcherServlet - POST "/api/teams/TEAM001/employees", parameters={}
2025-12-11 01:27:37.053 [http-nio-8080-exec-1] DEBUG org.springframework.web.servlet.mvc.method.annotation.RequestMappingHandlerMapping - Mapped to com.uit.sociusmvcapp.endpoint.TeamEmployeeController#addEmployeesToTeam(String, TeamEmployeeBatchAddRequest)
2025-12-11 01:27:37.055 [http-nio-8080-exec-1] DEBUG org.springframework.web.servlet.mvc.method.annotation.RequestResponseBodyMethodProcessor - Read "application/json;charset=UTF-8" to [com.uit.sociuscoremodules.teamemployee.request.TeamEmployeeBatchAddRequest@6fa348db]
2025-12-11 01:27:37.056 [http-nio-8080-exec-1] INFO  com.uit.sociusmvcapp.endpoint.TeamEmployeeController - Adding 3 employee(s) to team: TEAM001
2025-12-11 01:27:37.056 [http-nio-8080-exec-1] INFO  com.uit.sociuscoremodules.teamemployee.service.impl.TeamEmployeeServiceImpl - Adding batch of 3 employees to team TEAM001
2025-12-11 01:27:37.056 [http-nio-8080-exec-1] INFO  com.uit.sociuscoremodules.teamemployee.service.impl.TeamEmployeeServiceImpl - Adding employee to team TEAM001 with request: com.uit.sociuscoremodules.teamemployee.request.TeamEmployeeAddRequest@40bb72d4
2025-12-11 01:27:37.056 [http-nio-8080-exec-1] INFO  com.uit.sociuscoremodules.teamemployee.service.impl.TeamEmployeeServiceImpl - Adding employee 6309fa4c-994d-4ffe-bdd1-2e3459aaa964 to team TEAM001 with role TEAM_MEM and leadership status false
2025-12-11 01:27:37.833 [http-nio-8080-exec-1] ERROR com.uit.sociuscoremodules.teamemployee.service.impl.TeamEmployeeServiceImpl - Employee 6309fa4c-994d-4ffe-bdd1-2e3459aaa964 is already in team TEAM001
2025-12-11 01:27:37.833 [http-nio-8080-exec-1] ERROR com.uit.sociuscoremodules.teamemployee.service.impl.TeamEmployeeServiceImpl - Failed to add employee 6309fa4c-994d-4ffe-bdd1-2e3459aaa964 to team TEAM001: employee.already.in.team
2025-12-11 01:27:37.834 [http-nio-8080-exec-1] INFO  com.uit.sociuscoremodules.teamemployee.service.impl.TeamEmployeeServiceImpl - Adding employee to team TEAM001 with request: com.uit.sociuscoremodules.teamemployee.request.TeamEmployeeAddRequest@5f83654
2025-12-11 01:27:37.834 [http-nio-8080-exec-1] INFO  com.uit.sociuscoremodules.teamemployee.service.impl.TeamEmployeeServiceImpl - Adding employee dcc0c4e0-9482-4975-a02f-15b5e55c4e4a to team TEAM001 with role TEAM_MEM and leadership status false
2025-12-11 01:27:38.851 [http-nio-8080-exec-1] INFO  com.uit.sociuscoremodules.teamemployee.service.impl.TeamEmployeeServiceImpl - Successfully added employee dcc0c4e0-9482-4975-a02f-15b5e55c4e4a to team TEAM001
2025-12-11 01:27:39.097 [http-nio-8080-exec-1] INFO  com.uit.sociuscoremodules.teamemployee.service.impl.TeamEmployeeServiceImpl - Successfully added employee dcc0c4e0-9482-4975-a02f-15b5e55c4e4a to team TEAM001
2025-12-11 01:27:39.097 [http-nio-8080-exec-1] INFO  com.uit.sociuscoremodules.teamemployee.service.impl.TeamEmployeeServiceImpl - Adding employee to team TEAM001 with request: com.uit.sociuscoremodules.teamemployee.request.TeamEmployeeAddRequest@70e853a0
2025-12-11 01:27:39.097 [http-nio-8080-exec-1] INFO  com.uit.sociuscoremodules.teamemployee.service.impl.TeamEmployeeServiceImpl - Adding employee 43cf2aa0-680b-4160-8f9b-1166fc1fdf25 to team TEAM001 with role TEAM_MEM and leadership status false
2025-12-11 01:27:40.142 [http-nio-8080-exec-1] INFO  com.uit.sociuscoremodules.teamemployee.service.impl.TeamEmployeeServiceImpl - Successfully added employee 43cf2aa0-680b-4160-8f9b-1166fc1fdf25 to team TEAM001
2025-12-11 01:27:40.387 [http-nio-8080-exec-1] INFO  com.uit.sociuscoremodules.teamemployee.service.impl.TeamEmployeeServiceImpl - Successfully added employee 43cf2aa0-680b-4160-8f9b-1166fc1fdf25 to team TEAM001
2025-12-11 01:27:40.387 [http-nio-8080-exec-1] INFO  com.uit.sociuscoremodules.teamemployee.service.impl.TeamEmployeeServiceImpl - Batch add completed: 2 successful, 1 failed
2025-12-11 01:27:40.388 [http-nio-8080-exec-1] DEBUG org.springframework.web.servlet.mvc.method.annotation.HttpEntityMethodProcessor - Using 'application/json', given [*/*] and supported [application/json, application/*+json]
2025-12-11 01:27:40.388 [http-nio-8080-exec-1] DEBUG org.springframework.web.servlet.mvc.method.annotation.HttpEntityMethodProcessor - Writing [com.uit.sociuscoremodules.shared.response.Response@1fee0b52]
2025-12-11 01:27:40.390 [http-nio-8080-exec-1] DEBUG org.springframework.web.servlet.DispatcherServlet - Completed 200 OK
2025-12-11 01:38:36.780 [background-preinit] INFO  org.hibernate.validator.internal.util.Version - HV000001: Hibernate Validator 8.0.3.Final
2025-12-11 01:38:36.843 [restartedMain] INFO  com.uit.sociusmvcapp.SociusMvcAppApplication - Starting SociusMvcAppApplication using Java 17.0.12 with PID 3764 (D:\Study_space\Cong_nghe_web_ung_dung\Socius\socius-mvc-app\build\classes\java\main started by dotha in D:\Study_space\Cong_nghe_web_ung_dung\Socius\socius-mvc-app)
2025-12-11 01:38:36.846 [restartedMain] DEBUG com.uit.sociusmvcapp.SociusMvcAppApplication - Running with Spring Boot v3.5.6, Spring v6.2.11
2025-12-11 01:38:36.848 [restartedMain] INFO  com.uit.sociusmvcapp.SociusMvcAppApplication - No active profile set, falling back to 1 default profile: "default"
2025-12-11 01:38:36.907 [restartedMain] INFO  org.springframework.boot.devtools.env.DevToolsPropertyDefaultsPostProcessor - Devtools property defaults active! Set 'spring.devtools.add-properties' to 'false' to disable
2025-12-11 01:38:36.907 [restartedMain] INFO  org.springframework.boot.devtools.env.DevToolsPropertyDefaultsPostProcessor - For additional web related logging consider setting the 'logging.level.web' property to 'DEBUG'
2025-12-11 01:38:39.658 [restartedMain] INFO  org.springframework.boot.web.embedded.tomcat.TomcatWebServer - Tomcat initialized with port 8080 (http)
2025-12-11 01:40:23.353 [background-preinit] INFO  org.hibernate.validator.internal.util.Version - HV000001: Hibernate Validator 8.0.3.Final
2025-12-11 01:40:23.414 [restartedMain] INFO  com.uit.sociusmvcapp.SociusMvcAppApplication - Starting SociusMvcAppApplication using Java 17.0.12 with PID 27640 (D:\Study_space\Cong_nghe_web_ung_dung\Socius\socius-mvc-app\build\classes\java\main started by dotha in D:\Study_space\Cong_nghe_web_ung_dung\Socius\socius-mvc-app)
2025-12-11 01:40:23.416 [restartedMain] DEBUG com.uit.sociusmvcapp.SociusMvcAppApplication - Running with Spring Boot v3.5.6, Spring v6.2.11
2025-12-11 01:40:23.418 [restartedMain] INFO  com.uit.sociusmvcapp.SociusMvcAppApplication - No active profile set, falling back to 1 default profile: "default"
2025-12-11 01:40:23.459 [restartedMain] INFO  org.springframework.boot.devtools.env.DevToolsPropertyDefaultsPostProcessor - Devtools property defaults active! Set 'spring.devtools.add-properties' to 'false' to disable
2025-12-11 01:40:23.459 [restartedMain] INFO  org.springframework.boot.devtools.env.DevToolsPropertyDefaultsPostProcessor - For additional web related logging consider setting the 'logging.level.web' property to 'DEBUG'
2025-12-11 01:40:25.774 [restartedMain] INFO  org.springframework.boot.web.embedded.tomcat.TomcatWebServer - Tomcat initialized with port 8080 (http)
2025-12-11 01:40:25.867 [restartedMain] INFO  org.springframework.boot.web.servlet.context.ServletWebServerApplicationContext - Root WebApplicationContext: initialization completed in 2405 ms
2025-12-11 01:40:26.012 [restartedMain] DEBUG org.springframework.web.filter.ServerHttpObservationFilter - Filter 'webMvcObservationFilter' configured for use
2025-12-11 01:40:26.300 [restartedMain] INFO  com.zaxxer.hikari.HikariDataSource - HikariPool-1 - Starting...
2025-12-11 01:40:29.405 [restartedMain] INFO  com.zaxxer.hikari.pool.HikariPool - HikariPool-1 - Added connection org.postgresql.jdbc.PgConnection@6791d83f
2025-12-11 01:40:29.407 [restartedMain] INFO  com.zaxxer.hikari.HikariDataSource - HikariPool-1 - Start completed.
2025-12-11 01:40:30.292 [restartedMain] DEBUG org.springframework.web.servlet.mvc.method.annotation.RequestMappingHandlerMapping - 20 mappings in 'requestMappingHandlerMapping'
2025-12-11 01:40:30.321 [restartedMain] DEBUG org.springframework.web.servlet.handler.SimpleUrlHandlerMapping - Patterns [/webjars/**, /**] in 'resourceHandlerMapping'
2025-12-11 01:40:30.413 [restartedMain] INFO  org.springframework.boot.actuate.endpoint.web.EndpointLinksResolver - Exposing 1 endpoint beneath base path '/actuator'
2025-12-11 01:40:30.624 [restartedMain] DEBUG org.springframework.web.servlet.mvc.method.annotation.RequestMappingHandlerAdapter - ControllerAdvice beans: 0 @ModelAttribute, 0 @InitBinder, 1 RequestBodyAdvice, 1 ResponseBodyAdvice
2025-12-11 01:40:30.677 [restartedMain] DEBUG org.springframework.web.servlet.mvc.method.annotation.ExceptionHandlerExceptionResolver - ControllerAdvice beans: 1 @ExceptionHandler, 1 ResponseBodyAdvice
2025-12-11 01:40:30.997 [restartedMain] INFO  org.springframework.boot.devtools.autoconfigure.OptionalLiveReloadServer - LiveReload server is running on port 35729
2025-12-11 01:40:31.086 [restartedMain] INFO  org.springframework.boot.web.embedded.tomcat.TomcatWebServer - Tomcat started on port 8080 (http) with context path '/api'
2025-12-11 01:40:31.112 [restartedMain] INFO  org.springframework.scheduling.config.TaskSchedulerRouter - No TaskScheduler/ScheduledExecutorService bean found for scheduled processing
2025-12-11 01:40:31.117 [restartedMain] INFO  com.uit.sociusmvcapp.SociusMvcAppApplication - Started SociusMvcAppApplication in 8.372 seconds (process running for 9.733)
2025-12-11 01:42:17.539 [http-nio-8080-exec-1] INFO  org.springframework.web.servlet.DispatcherServlet - Initializing Servlet 'dispatcherServlet'
2025-12-11 01:42:17.539 [http-nio-8080-exec-1] DEBUG org.springframework.web.servlet.DispatcherServlet - Detected StandardServletMultipartResolver
2025-12-11 01:42:17.539 [http-nio-8080-exec-1] DEBUG org.springframework.web.servlet.DispatcherServlet - Detected AcceptHeaderLocaleResolver
2025-12-11 01:42:17.539 [http-nio-8080-exec-1] DEBUG org.springframework.web.servlet.DispatcherServlet - Detected FixedThemeResolver
2025-12-11 01:42:17.541 [http-nio-8080-exec-1] DEBUG org.springframework.web.servlet.DispatcherServlet - Detected org.springframework.web.servlet.view.DefaultRequestToViewNameTranslator@32754750
2025-12-11 01:42:17.542 [http-nio-8080-exec-1] DEBUG org.springframework.web.servlet.DispatcherServlet - Detected org.springframework.web.servlet.support.SessionFlashMapManager@374c4d00
2025-12-11 01:42:17.542 [http-nio-8080-exec-1] DEBUG org.springframework.web.servlet.DispatcherServlet - enableLoggingRequestDetails='false': request parameters and headers will be masked to prevent unsafe logging of potentially sensitive data
2025-12-11 01:42:17.542 [http-nio-8080-exec-1] INFO  org.springframework.web.servlet.DispatcherServlet - Completed initialization in 3 ms
2025-12-11 01:42:19.569 [http-nio-8080-exec-1] DEBUG org.springframework.web.servlet.DispatcherServlet - GET "/api/teams", parameters={}
2025-12-11 01:42:19.574 [http-nio-8080-exec-1] DEBUG org.springframework.web.servlet.mvc.method.annotation.RequestMappingHandlerMapping - Mapped to com.uit.sociusmvcapp.endpoint.TeamController#searchTeams(PaginationSearchRequest, String, String, String, Integer, Integer, String, String)
2025-12-11 01:42:19.689 [http-nio-8080-exec-1] DEBUG org.springframework.web.servlet.mvc.method.annotation.RequestResponseBodyMethodProcessor - Read "application/json;charset=UTF-8" to [com.uit.sociuscoremodules.shared.request.PaginationSearchRequest@4c03ead9]
2025-12-11 01:42:19.696 [http-nio-8080-exec-1] INFO  com.uit.sociuscoremodules.team.service.impl.TeamServiceImpl - Searching teams with request: com.uit.sociuscoremodules.shared.request.PaginationSearchRequest@4c03ead9
2025-12-11 01:42:19.698 [http-nio-8080-exec-1] DEBUG org.springframework.web.servlet.mvc.method.annotation.ExceptionHandlerExceptionResolver - Using @ExceptionHandler com.uit.sociusmvcapp.exception.GlobalExceptionHandler#handleBusinessException(BusinessException)
2025-12-11 01:42:19.701 [http-nio-8080-exec-1] WARN  com.uit.sociusmvcapp.exception.GlobalExceptionHandler - Business Exception Handled: status=400, code=team.invalid.sort.field, message=Invalid sort field. Valid fields are: id, created_at, team_code, team_name.
2025-12-11 01:42:19.721 [http-nio-8080-exec-1] DEBUG org.springframework.web.servlet.mvc.method.annotation.HttpEntityMethodProcessor - Using 'application/json', given [*/*] and supported [application/json, application/*+json]
2025-12-11 01:42:19.723 [http-nio-8080-exec-1] DEBUG org.springframework.web.servlet.mvc.method.annotation.HttpEntityMethodProcessor - Writing [com.uit.sociuscoremodules.shared.response.Response@74ae3dd0]
2025-12-11 01:42:19.736 [http-nio-8080-exec-1] WARN  org.springframework.web.servlet.mvc.method.annotation.ExceptionHandlerExceptionResolver - Resolved [com.uit.sociuscoremodules.shared.exception.BusinessException: team.invalid.sort.field]
2025-12-11 01:42:19.736 [http-nio-8080-exec-1] DEBUG org.springframework.web.servlet.DispatcherServlet - Completed 400 BAD_REQUEST
2025-12-11 01:42:32.457 [http-nio-8080-exec-8] DEBUG org.springframework.web.servlet.DispatcherServlet - GET "/api/teams", parameters={}
2025-12-11 01:42:32.458 [http-nio-8080-exec-8] DEBUG org.springframework.web.servlet.mvc.method.annotation.RequestMappingHandlerMapping - Mapped to com.uit.sociusmvcapp.endpoint.TeamController#searchTeams(PaginationSearchRequest, String, String, String, Integer, Integer, String, String)
2025-12-11 01:42:32.459 [http-nio-8080-exec-8] DEBUG org.springframework.web.servlet.mvc.method.annotation.RequestResponseBodyMethodProcessor - Read "application/json;charset=UTF-8" to [com.uit.sociuscoremodules.shared.request.PaginationSearchRequest@2d56a811]
2025-12-11 01:42:32.459 [http-nio-8080-exec-8] INFO  com.uit.sociuscoremodules.team.service.impl.TeamServiceImpl - Searching teams with request: com.uit.sociuscoremodules.shared.request.PaginationSearchRequest@2d56a811
2025-12-11 01:42:33.074 [http-nio-8080-exec-8] DEBUG org.springframework.web.servlet.mvc.method.annotation.HttpEntityMethodProcessor - Using 'application/json', given [*/*] and supported [application/json, application/*+json]
2025-12-11 01:42:33.074 [http-nio-8080-exec-8] DEBUG org.springframework.web.servlet.mvc.method.annotation.HttpEntityMethodProcessor - Writing [com.uit.sociuscoremodules.shared.response.Response@68e4f0ed]
2025-12-11 01:42:33.082 [http-nio-8080-exec-8] DEBUG org.springframework.web.servlet.DispatcherServlet - Completed 200 OK
2025-12-11 01:42:38.708 [http-nio-8080-exec-5] DEBUG org.springframework.web.servlet.DispatcherServlet - GET "/api/teams", parameters={}
2025-12-11 01:42:38.710 [http-nio-8080-exec-5] DEBUG org.springframework.web.servlet.mvc.method.annotation.RequestMappingHandlerMapping - Mapped to com.uit.sociusmvcapp.endpoint.TeamController#searchTeams(PaginationSearchRequest, String, String, String, Integer, Integer, String, String)
2025-12-11 01:42:38.712 [http-nio-8080-exec-5] DEBUG org.springframework.web.servlet.mvc.method.annotation.RequestResponseBodyMethodProcessor - Read "application/json;charset=UTF-8" to [com.uit.sociuscoremodules.shared.request.PaginationSearchRequest@78279fc1]
2025-12-11 01:42:38.713 [http-nio-8080-exec-5] INFO  com.uit.sociuscoremodules.team.service.impl.TeamServiceImpl - Searching teams with request: com.uit.sociuscoremodules.shared.request.PaginationSearchRequest@78279fc1
2025-12-11 01:42:39.319 [http-nio-8080-exec-5] DEBUG org.springframework.web.servlet.mvc.method.annotation.HttpEntityMethodProcessor - Using 'application/json', given [*/*] and supported [application/json, application/*+json]
2025-12-11 01:42:39.319 [http-nio-8080-exec-5] DEBUG org.springframework.web.servlet.mvc.method.annotation.HttpEntityMethodProcessor - Writing [com.uit.sociuscoremodules.shared.response.Response@74a62a34]
2025-12-11 01:42:39.329 [http-nio-8080-exec-5] DEBUG org.springframework.web.servlet.DispatcherServlet - Completed 200 OK
2025-12-11 01:49:22.537 [http-nio-8080-exec-4] DEBUG org.springframework.web.servlet.DispatcherServlet - GET "/api/teams/TEAM002/employees", parameters={}
2025-12-11 01:49:22.538 [http-nio-8080-exec-4] DEBUG org.springframework.web.servlet.mvc.method.annotation.RequestMappingHandlerMapping - Mapped to com.uit.sociusmvcapp.endpoint.TeamEmployeeController#searchEmployeesInTeam(String, PaginationSearchRequest, String, String, String, String, Integer, Integer, String, String)
2025-12-11 01:49:22.546 [http-nio-8080-exec-4] DEBUG org.springframework.web.servlet.mvc.method.annotation.RequestResponseBodyMethodProcessor - Read "application/json;charset=UTF-8" to [com.uit.sociuscoremodules.shared.request.PaginationSearchRequest@27f041a6]
2025-12-11 01:49:22.641 [http-nio-8080-exec-4] INFO  com.uit.sociusmvcapp.endpoint.TeamEmployeeController - Searching employees in team: TEAM002
2025-12-11 01:49:22.641 [http-nio-8080-exec-4] INFO  com.uit.sociuscoremodules.teamemployee.service.impl.TeamEmployeeServiceImpl - Searching employees in team TEAM002 with request: com.uit.sociuscoremodules.shared.request.PaginationSearchRequest@27f041a6
2025-12-11 01:49:23.546 [http-nio-8080-exec-4] DEBUG org.springframework.web.servlet.mvc.method.annotation.HttpEntityMethodProcessor - Using 'application/json', given [*/*] and supported [application/json, application/*+json]
2025-12-11 01:49:23.546 [http-nio-8080-exec-4] DEBUG org.springframework.web.servlet.mvc.method.annotation.HttpEntityMethodProcessor - Writing [com.uit.sociuscoremodules.shared.response.Response@750109f7]
2025-12-11 01:49:23.550 [http-nio-8080-exec-4] DEBUG org.springframework.web.servlet.DispatcherServlet - Completed 200 OK
2025-12-11 01:51:30.130 [http-nio-8080-exec-2] DEBUG org.springframework.web.servlet.DispatcherServlet - DELETE "/api/teams/TEAM006/employees/6309fa4c-994d-4ffe-bdd1-2e3459aaa964", parameters={}
2025-12-11 01:51:30.131 [http-nio-8080-exec-2] DEBUG org.springframework.web.servlet.mvc.method.annotation.RequestMappingHandlerMapping - Mapped to com.uit.sociusmvcapp.endpoint.TeamEmployeeController#removeEmployeeFromTeam(String, String)
2025-12-11 01:51:30.132 [http-nio-8080-exec-2] INFO  com.uit.sociusmvcapp.endpoint.TeamEmployeeController - Removing employee 6309fa4c-994d-4ffe-bdd1-2e3459aaa964 from team: TEAM006
2025-12-11 01:51:30.133 [http-nio-8080-exec-2] INFO  com.uit.sociuscoremodules.teamemployee.service.impl.TeamEmployeeServiceImpl - Removing employee 6309fa4c-994d-4ffe-bdd1-2e3459aaa964 from team TEAM006
2025-12-11 01:51:31.045 [http-nio-8080-exec-2] INFO  com.uit.sociuscoremodules.teamemployee.service.impl.TeamEmployeeServiceImpl - Successfully removed employee 6309fa4c-994d-4ffe-bdd1-2e3459aaa964 from team TEAM006
2025-12-11 01:51:31.045 [http-nio-8080-exec-2] DEBUG org.springframework.web.servlet.mvc.method.annotation.HttpEntityMethodProcessor - Using 'application/json', given [*/*] and supported [application/json, application/*+json]
2025-12-11 01:51:31.045 [http-nio-8080-exec-2] DEBUG org.springframework.web.servlet.mvc.method.annotation.HttpEntityMethodProcessor - Writing [com.uit.sociuscoremodules.shared.response.Response@417e4101]
2025-12-11 01:51:31.047 [http-nio-8080-exec-2] DEBUG org.springframework.web.servlet.DispatcherServlet - Completed 200 OK
2025-12-11 01:52:07.712 [http-nio-8080-exec-1] DEBUG org.springframework.web.servlet.DispatcherServlet - DELETE "/api/teams/TEAM006", parameters={}
2025-12-11 01:52:07.713 [http-nio-8080-exec-1] DEBUG org.springframework.web.servlet.mvc.method.annotation.RequestMappingHandlerMapping - Mapped to com.uit.sociusmvcapp.endpoint.TeamController#deleteTeam(String)
2025-12-11 01:52:07.713 [http-nio-8080-exec-1] INFO  com.uit.sociuscoremodules.team.service.impl.TeamServiceImpl - Deleting team: TEAM006
2025-12-11 01:52:07.970 [http-nio-8080-exec-1] INFO  com.uit.sociuscoremodules.teamemployee.service.impl.TeamEmployeeServiceImpl - Getting all employees in team TEAM006
2025-12-11 01:52:08.937 [http-nio-8080-exec-1] INFO  com.uit.sociuscoremodules.team.service.impl.TeamServiceImpl - Team TEAM006 deleted successfully
2025-12-11 01:52:08.937 [http-nio-8080-exec-1] DEBUG org.springframework.web.servlet.mvc.method.annotation.HttpEntityMethodProcessor - Using 'application/json', given [*/*] and supported [application/json, application/*+json]
2025-12-11 01:52:08.937 [http-nio-8080-exec-1] DEBUG org.springframework.web.servlet.mvc.method.annotation.HttpEntityMethodProcessor - Writing [com.uit.sociuscoremodules.shared.response.Response@5544440f]
2025-12-11 01:52:08.939 [http-nio-8080-exec-1] DEBUG org.springframework.web.servlet.DispatcherServlet - Completed 200 OK
2025-12-11 01:53:20.933 [http-nio-8080-exec-5] WARN  com.uit.sociuscoremodules.shared.security.TokenAuthenticator - Token expired: 2025-12-09T01:39:34.000+0700
2025-12-11 01:53:20.934 [http-nio-8080-exec-5] ERROR com.uit.sociusmvcapp.security.AuthorizationFilter - Authentication failed: TOKEN_EX
2025-12-11 01:53:29.540 [http-nio-8080-exec-6] DEBUG org.springframework.web.servlet.DispatcherServlet - PUT "/api/teams/TEAM001/team-lead?newTeamLeadUserId=22520625@gm.uit.edu.vn", parameters={masked}
2025-12-11 01:53:29.540 [http-nio-8080-exec-6] DEBUG org.springframework.web.servlet.handler.SimpleUrlHandlerMapping - Mapped to ResourceHttpRequestHandler [classpath [META-INF/resources/], classpath [resources/], classpath [static/], classpath [public/], ServletContext [/]]
2025-12-11 01:53:29.542 [http-nio-8080-exec-6] DEBUG org.springframework.web.servlet.resource.ResourceHttpRequestHandler - Resource not found
2025-12-11 01:53:29.544 [http-nio-8080-exec-6] DEBUG org.springframework.web.servlet.mvc.method.annotation.ExceptionHandlerExceptionResolver - Using @ExceptionHandler com.uit.sociusmvcapp.exception.GlobalExceptionHandler#handleUnwantedException(Exception)
2025-12-11 01:53:29.544 [http-nio-8080-exec-6] ERROR com.uit.sociusmvcapp.exception.GlobalExceptionHandler - Unexpected error: No static resource teams/TEAM001/team-lead.
org.springframework.web.servlet.resource.NoResourceFoundException: No static resource teams/TEAM001/team-lead.
	at org.springframework.web.servlet.resource.ResourceHttpRequestHandler.handleRequest(ResourceHttpRequestHandler.java:585) ~[spring-webmvc-6.2.11.jar:6.2.11]
	at org.springframework.web.servlet.mvc.HttpRequestHandlerAdapter.handle(HttpRequestHandlerAdapter.java:52) ~[spring-webmvc-6.2.11.jar:6.2.11]
	at org.springframework.web.servlet.DispatcherServlet.doDispatch(DispatcherServlet.java:1089) ~[spring-webmvc-6.2.11.jar:6.2.11]
	at org.springframework.web.servlet.DispatcherServlet.doService(DispatcherServlet.java:979) ~[spring-webmvc-6.2.11.jar:6.2.11]
	at org.springframework.web.servlet.FrameworkServlet.processRequest(FrameworkServlet.java:1014) ~[spring-webmvc-6.2.11.jar:6.2.11]
	at org.springframework.web.servlet.FrameworkServlet.doPut(FrameworkServlet.java:925) ~[spring-webmvc-6.2.11.jar:6.2.11]
	at jakarta.servlet.http.HttpServlet.service(HttpServlet.java:593) ~[tomcat-embed-core-10.1.46.jar:6.0]
	at org.springframework.web.servlet.FrameworkServlet.service(FrameworkServlet.java:885) ~[spring-webmvc-6.2.11.jar:6.2.11]
	at jakarta.servlet.http.HttpServlet.service(HttpServlet.java:658) ~[tomcat-embed-core-10.1.46.jar:6.0]
	at org.apache.catalina.core.ApplicationFilterChain.internalDoFilter(ApplicationFilterChain.java:195) ~[tomcat-embed-core-10.1.46.jar:10.1.46]
	at org.apache.catalina.core.ApplicationFilterChain.doFilter(ApplicationFilterChain.java:140) ~[tomcat-embed-core-10.1.46.jar:10.1.46]
	at org.apache.tomcat.websocket.server.WsFilter.doFilter(WsFilter.java:51) ~[tomcat-embed-websocket-10.1.46.jar:10.1.46]
	at org.apache.catalina.core.ApplicationFilterChain.internalDoFilter(ApplicationFilterChain.java:164) ~[tomcat-embed-core-10.1.46.jar:10.1.46]
	at org.apache.catalina.core.ApplicationFilterChain.doFilter(ApplicationFilterChain.java:140) ~[tomcat-embed-core-10.1.46.jar:10.1.46]
	at org.springframework.web.filter.CompositeFilter$VirtualFilterChain.doFilter(CompositeFilter.java:108) ~[spring-web-6.2.11.jar:6.2.11]
	at org.springframework.web.filter.CompositeFilter$VirtualFilterChain.doFilter(CompositeFilter.java:108) ~[spring-web-6.2.11.jar:6.2.11]
	at org.springframework.security.web.FilterChainProxy.lambda$doFilterInternal$3(FilterChainProxy.java:231) ~[spring-security-web-6.5.5.jar:6.5.5]
	at org.springframework.security.web.ObservationFilterChainDecorator$FilterObservation$SimpleFilterObservation.lambda$wrap$1(ObservationFilterChainDecorator.java:490) ~[spring-security-web-6.5.5.jar:6.5.5]
	at org.springframework.security.web.ObservationFilterChainDecorator$AroundFilterObservation$SimpleAroundFilterObservation.lambda$wrap$1(ObservationFilterChainDecorator.java:351) ~[spring-security-web-6.5.5.jar:6.5.5]
	at org.springframework.security.web.ObservationFilterChainDecorator.lambda$wrapSecured$0(ObservationFilterChainDecorator.java:83) ~[spring-security-web-6.5.5.jar:6.5.5]
	at org.springframework.security.web.ObservationFilterChainDecorator$VirtualFilterChain.doFilter(ObservationFilterChainDecorator.java:129) ~[spring-security-web-6.5.5.jar:6.5.5]
	at org.springframework.security.web.access.intercept.AuthorizationFilter.doFilter(AuthorizationFilter.java:101) ~[spring-security-web-6.5.5.jar:6.5.5]
	at org.springframework.security.web.ObservationFilterChainDecorator$ObservationFilter.wrapFilter(ObservationFilterChainDecorator.java:241) ~[spring-security-web-6.5.5.jar:6.5.5]
	at org.springframework.security.web.ObservationFilterChainDecorator$ObservationFilter.doFilter(ObservationFilterChainDecorator.java:228) ~[spring-security-web-6.5.5.jar:6.5.5]
	at org.springframework.security.web.ObservationFilterChainDecorator$VirtualFilterChain.doFilter(ObservationFilterChainDecorator.java:138) ~[spring-security-web-6.5.5.jar:6.5.5]
	at org.springframework.security.web.access.ExceptionTranslationFilter.doFilter(ExceptionTranslationFilter.java:125) ~[spring-security-web-6.5.5.jar:6.5.5]
	at org.springframework.security.web.access.ExceptionTranslationFilter.doFilter(ExceptionTranslationFilter.java:119) ~[spring-security-web-6.5.5.jar:6.5.5]
	at org.springframework.security.web.ObservationFilterChainDecorator$ObservationFilter.wrapFilter(ObservationFilterChainDecorator.java:241) ~[spring-security-web-6.5.5.jar:6.5.5]
	at org.springframework.security.web.ObservationFilterChainDecorator$ObservationFilter.doFilter(ObservationFilterChainDecorator.java:228) ~[spring-security-web-6.5.5.jar:6.5.5]
	at org.springframework.security.web.ObservationFilterChainDecorator$VirtualFilterChain.doFilter(ObservationFilterChainDecorator.java:138) ~[spring-security-web-6.5.5.jar:6.5.5]
	at org.springframework.security.web.session.SessionManagementFilter.doFilter(SessionManagementFilter.java:131) ~[spring-security-web-6.5.5.jar:6.5.5]
	at org.springframework.security.web.session.SessionManagementFilter.doFilter(SessionManagementFilter.java:85) ~[spring-security-web-6.5.5.jar:6.5.5]
	at org.springframework.security.web.ObservationFilterChainDecorator$ObservationFilter.wrapFilter(ObservationFilterChainDecorator.java:241) ~[spring-security-web-6.5.5.jar:6.5.5]
	at org.springframework.security.web.ObservationFilterChainDecorator$ObservationFilter.doFilter(ObservationFilterChainDecorator.java:228) ~[spring-security-web-6.5.5.jar:6.5.5]
	at org.springframework.security.web.ObservationFilterChainDecorator$VirtualFilterChain.doFilter(ObservationFilterChainDecorator.java:138) ~[spring-security-web-6.5.5.jar:6.5.5]
	at org.springframework.security.web.authentication.AnonymousAuthenticationFilter.doFilter(AnonymousAuthenticationFilter.java:100) ~[spring-security-web-6.5.5.jar:6.5.5]
	at org.springframework.security.web.ObservationFilterChainDecorator$ObservationFilter.wrapFilter(ObservationFilterChainDecorator.java:241) ~[spring-security-web-6.5.5.jar:6.5.5]
	at org.springframework.security.web.ObservationFilterChainDecorator$ObservationFilter.doFilter(ObservationFilterChainDecorator.java:228) ~[spring-security-web-6.5.5.jar:6.5.5]
	at org.springframework.security.web.ObservationFilterChainDecorator$VirtualFilterChain.doFilter(ObservationFilterChainDecorator.java:138) ~[spring-security-web-6.5.5.jar:6.5.5]
	at org.springframework.security.web.servletapi.SecurityContextHolderAwareRequestFilter.doFilter(SecurityContextHolderAwareRequestFilter.java:179) ~[spring-security-web-6.5.5.jar:6.5.5]
	at org.springframework.security.web.ObservationFilterChainDecorator$ObservationFilter.wrapFilter(ObservationFilterChainDecorator.java:241) ~[spring-security-web-6.5.5.jar:6.5.5]
	at org.springframework.security.web.ObservationFilterChainDecorator$ObservationFilter.doFilter(ObservationFilterChainDecorator.java:228) ~[spring-security-web-6.5.5.jar:6.5.5]
	at org.springframework.security.web.ObservationFilterChainDecorator$VirtualFilterChain.doFilter(ObservationFilterChainDecorator.java:138) ~[spring-security-web-6.5.5.jar:6.5.5]
	at org.springframework.security.web.savedrequest.RequestCacheAwareFilter.doFilter(RequestCacheAwareFilter.java:63) ~[spring-security-web-6.5.5.jar:6.5.5]
	at org.springframework.security.web.ObservationFilterChainDecorator$ObservationFilter.wrapFilter(ObservationFilterChainDecorator.java:241) ~[spring-security-web-6.5.5.jar:6.5.5]
	at org.springframework.security.web.ObservationFilterChainDecorator$ObservationFilter.doFilter(ObservationFilterChainDecorator.java:228) ~[spring-security-web-6.5.5.jar:6.5.5]
	at org.springframework.security.web.ObservationFilterChainDecorator$VirtualFilterChain.doFilter(ObservationFilterChainDecorator.java:138) ~[spring-security-web-6.5.5.jar:6.5.5]
	at com.uit.sociusmvcapp.security.AuthorizationFilter.doFilterInternal(AuthorizationFilter.java:72) ~[main/:?]
	at org.springframework.web.filter.OncePerRequestFilter.doFilter(OncePerRequestFilter.java:116) ~[spring-web-6.2.11.jar:6.2.11]
	at org.springframework.security.web.ObservationFilterChainDecorator$ObservationFilter.wrapFilter(ObservationFilterChainDecorator.java:241) ~[spring-security-web-6.5.5.jar:6.5.5]
	at org.springframework.security.web.ObservationFilterChainDecorator$ObservationFilter.doFilter(ObservationFilterChainDecorator.java:228) ~[spring-security-web-6.5.5.jar:6.5.5]
	at org.springframework.security.web.ObservationFilterChainDecorator$VirtualFilterChain.doFilter(ObservationFilterChainDecorator.java:138) ~[spring-security-web-6.5.5.jar:6.5.5]
	at org.springframework.security.web.authentication.logout.LogoutFilter.doFilter(LogoutFilter.java:107) ~[spring-security-web-6.5.5.jar:6.5.5]
	at org.springframework.security.web.authentication.logout.LogoutFilter.doFilter(LogoutFilter.java:93) ~[spring-security-web-6.5.5.jar:6.5.5]
	at org.springframework.security.web.ObservationFilterChainDecorator$ObservationFilter.wrapFilter(ObservationFilterChainDecorator.java:241) ~[spring-security-web-6.5.5.jar:6.5.5]
	at org.springframework.security.web.ObservationFilterChainDecorator$ObservationFilter.doFilter(ObservationFilterChainDecorator.java:228) ~[spring-security-web-6.5.5.jar:6.5.5]
	at org.springframework.security.web.ObservationFilterChainDecorator$VirtualFilterChain.doFilter(ObservationFilterChainDecorator.java:138) ~[spring-security-web-6.5.5.jar:6.5.5]
	at org.springframework.web.filter.CorsFilter.doFilterInternal(CorsFilter.java:91) ~[spring-web-6.2.11.jar:6.2.11]
	at org.springframework.web.filter.OncePerRequestFilter.doFilter(OncePerRequestFilter.java:116) ~[spring-web-6.2.11.jar:6.2.11]
	at org.springframework.security.web.ObservationFilterChainDecorator$ObservationFilter.wrapFilter(ObservationFilterChainDecorator.java:241) ~[spring-security-web-6.5.5.jar:6.5.5]
	at org.springframework.security.web.ObservationFilterChainDecorator$ObservationFilter.doFilter(ObservationFilterChainDecorator.java:228) ~[spring-security-web-6.5.5.jar:6.5.5]
	at org.springframework.security.web.ObservationFilterChainDecorator$VirtualFilterChain.doFilter(ObservationFilterChainDecorator.java:138) ~[spring-security-web-6.5.5.jar:6.5.5]
	at org.springframework.security.web.header.HeaderWriterFilter.doHeadersAfter(HeaderWriterFilter.java:90) ~[spring-security-web-6.5.5.jar:6.5.5]
	at org.springframework.security.web.header.HeaderWriterFilter.doFilterInternal(HeaderWriterFilter.java:75) ~[spring-security-web-6.5.5.jar:6.5.5]
	at org.springframework.web.filter.OncePerRequestFilter.doFilter(OncePerRequestFilter.java:116) ~[spring-web-6.2.11.jar:6.2.11]
	at org.springframework.security.web.ObservationFilterChainDecorator$ObservationFilter.wrapFilter(ObservationFilterChainDecorator.java:241) ~[spring-security-web-6.5.5.jar:6.5.5]
	at org.springframework.security.web.ObservationFilterChainDecorator$ObservationFilter.doFilter(ObservationFilterChainDecorator.java:228) ~[spring-security-web-6.5.5.jar:6.5.5]
	at org.springframework.security.web.ObservationFilterChainDecorator$VirtualFilterChain.doFilter(ObservationFilterChainDecorator.java:138) ~[spring-security-web-6.5.5.jar:6.5.5]
	at org.springframework.security.web.context.SecurityContextHolderFilter.doFilter(SecurityContextHolderFilter.java:82) ~[spring-security-web-6.5.5.jar:6.5.5]
	at org.springframework.security.web.context.SecurityContextHolderFilter.doFilter(SecurityContextHolderFilter.java:69) ~[spring-security-web-6.5.5.jar:6.5.5]
	at org.springframework.security.web.ObservationFilterChainDecorator$ObservationFilter.wrapFilter(ObservationFilterChainDecorator.java:241) ~[spring-security-web-6.5.5.jar:6.5.5]
	at org.springframework.security.web.ObservationFilterChainDecorator$ObservationFilter.doFilter(ObservationFilterChainDecorator.java:228) ~[spring-security-web-6.5.5.jar:6.5.5]
	at org.springframework.security.web.ObservationFilterChainDecorator$VirtualFilterChain.doFilter(ObservationFilterChainDecorator.java:138) ~[spring-security-web-6.5.5.jar:6.5.5]
	at org.springframework.security.web.context.request.async.WebAsyncManagerIntegrationFilter.doFilterInternal(WebAsyncManagerIntegrationFilter.java:62) ~[spring-security-web-6.5.5.jar:6.5.5]
	at org.springframework.web.filter.OncePerRequestFilter.doFilter(OncePerRequestFilter.java:116) ~[spring-web-6.2.11.jar:6.2.11]
	at org.springframework.security.web.ObservationFilterChainDecorator$ObservationFilter.wrapFilter(ObservationFilterChainDecorator.java:241) ~[spring-security-web-6.5.5.jar:6.5.5]
	at org.springframework.security.web.ObservationFilterChainDecorator$ObservationFilter.doFilter(ObservationFilterChainDecorator.java:228) ~[spring-security-web-6.5.5.jar:6.5.5]
	at org.springframework.security.web.ObservationFilterChainDecorator$VirtualFilterChain.doFilter(ObservationFilterChainDecorator.java:138) ~[spring-security-web-6.5.5.jar:6.5.5]
	at org.springframework.security.web.session.DisableEncodeUrlFilter.doFilterInternal(DisableEncodeUrlFilter.java:42) ~[spring-security-web-6.5.5.jar:6.5.5]
	at org.springframework.web.filter.OncePerRequestFilter.doFilter(OncePerRequestFilter.java:116) ~[spring-web-6.2.11.jar:6.2.11]
	at org.springframework.security.web.ObservationFilterChainDecorator$ObservationFilter.wrapFilter(ObservationFilterChainDecorator.java:241) ~[spring-security-web-6.5.5.jar:6.5.5]
	at org.springframework.security.web.ObservationFilterChainDecorator$AroundFilterObservation$SimpleAroundFilterObservation.lambda$wrap$0(ObservationFilterChainDecorator.java:334) ~[spring-security-web-6.5.5.jar:6.5.5]
	at org.springframework.security.web.ObservationFilterChainDecorator$ObservationFilter.doFilter(ObservationFilterChainDecorator.java:225) ~[spring-security-web-6.5.5.jar:6.5.5]
	at org.springframework.security.web.ObservationFilterChainDecorator$VirtualFilterChain.doFilter(ObservationFilterChainDecorator.java:138) ~[spring-security-web-6.5.5.jar:6.5.5]
	at org.springframework.security.web.FilterChainProxy.doFilterInternal(FilterChainProxy.java:233) ~[spring-security-web-6.5.5.jar:6.5.5]
	at org.springframework.security.web.FilterChainProxy.doFilter(FilterChainProxy.java:191) ~[spring-security-web-6.5.5.jar:6.5.5]
	at org.springframework.web.filter.CompositeFilter$VirtualFilterChain.doFilter(CompositeFilter.java:113) ~[spring-web-6.2.11.jar:6.2.11]
	at org.springframework.web.filter.ServletRequestPathFilter.doFilter(ServletRequestPathFilter.java:52) ~[spring-web-6.2.11.jar:6.2.11]
	at org.springframework.web.filter.CompositeFilter$VirtualFilterChain.doFilter(CompositeFilter.java:113) ~[spring-web-6.2.11.jar:6.2.11]
	at org.springframework.web.filter.CompositeFilter.doFilter(CompositeFilter.java:74) ~[spring-web-6.2.11.jar:6.2.11]
	at org.springframework.security.config.annotation.web.configuration.WebSecurityConfiguration$CompositeFilterChainProxy.doFilter(WebSecurityConfiguration.java:319) ~[spring-security-config-6.5.5.jar:6.5.5]
	at org.springframework.web.filter.CompositeFilter$VirtualFilterChain.doFilter(CompositeFilter.java:113) ~[spring-web-6.2.11.jar:6.2.11]
	at org.springframework.web.servlet.handler.HandlerMappingIntrospector.lambda$createCacheFilter$4(HandlerMappingIntrospector.java:267) ~[spring-webmvc-6.2.11.jar:6.2.11]
	at org.springframework.web.filter.CompositeFilter$VirtualFilterChain.doFilter(CompositeFilter.java:113) [spring-web-6.2.11.jar:6.2.11]
	at org.springframework.web.filter.CompositeFilter.doFilter(CompositeFilter.java:74) [spring-web-6.2.11.jar:6.2.11]
	at org.springframework.security.config.annotation.web.configuration.WebMvcSecurityConfiguration$CompositeFilterChainProxy.doFilter(WebMvcSecurityConfiguration.java:240) [spring-security-config-6.5.5.jar:6.5.5]
	at org.springframework.web.filter.DelegatingFilterProxy.invokeDelegate(DelegatingFilterProxy.java:362) [spring-web-6.2.11.jar:6.2.11]
	at org.springframework.web.filter.DelegatingFilterProxy.doFilter(DelegatingFilterProxy.java:278) [spring-web-6.2.11.jar:6.2.11]
	at org.apache.catalina.core.ApplicationFilterChain.internalDoFilter(ApplicationFilterChain.java:164) [tomcat-embed-core-10.1.46.jar:10.1.46]
	at org.apache.catalina.core.ApplicationFilterChain.doFilter(ApplicationFilterChain.java:140) [tomcat-embed-core-10.1.46.jar:10.1.46]
	at org.springframework.web.filter.RequestContextFilter.doFilterInternal(RequestContextFilter.java:100) [spring-web-6.2.11.jar:6.2.11]
	at org.springframework.web.filter.OncePerRequestFilter.doFilter(OncePerRequestFilter.java:116) [spring-web-6.2.11.jar:6.2.11]
	at org.apache.catalina.core.ApplicationFilterChain.internalDoFilter(ApplicationFilterChain.java:164) [tomcat-embed-core-10.1.46.jar:10.1.46]
	at org.apache.catalina.core.ApplicationFilterChain.doFilter(ApplicationFilterChain.java:140) [tomcat-embed-core-10.1.46.jar:10.1.46]
	at org.springframework.web.filter.FormContentFilter.doFilterInternal(FormContentFilter.java:93) [spring-web-6.2.11.jar:6.2.11]
	at org.springframework.web.filter.OncePerRequestFilter.doFilter(OncePerRequestFilter.java:116) [spring-web-6.2.11.jar:6.2.11]
	at org.apache.catalina.core.ApplicationFilterChain.internalDoFilter(ApplicationFilterChain.java:164) [tomcat-embed-core-10.1.46.jar:10.1.46]
	at org.apache.catalina.core.ApplicationFilterChain.doFilter(ApplicationFilterChain.java:140) [tomcat-embed-core-10.1.46.jar:10.1.46]
	at org.springframework.web.filter.ServerHttpObservationFilter.doFilterInternal(ServerHttpObservationFilter.java:110) [spring-web-6.2.11.jar:6.2.11]
	at org.springframework.web.filter.OncePerRequestFilter.doFilter(OncePerRequestFilter.java:116) [spring-web-6.2.11.jar:6.2.11]
	at org.apache.catalina.core.ApplicationFilterChain.internalDoFilter(ApplicationFilterChain.java:164) [tomcat-embed-core-10.1.46.jar:10.1.46]
	at org.apache.catalina.core.ApplicationFilterChain.doFilter(ApplicationFilterChain.java:140) [tomcat-embed-core-10.1.46.jar:10.1.46]
	at org.springframework.web.filter.CharacterEncodingFilter.doFilterInternal(CharacterEncodingFilter.java:201) [spring-web-6.2.11.jar:6.2.11]
	at org.springframework.web.filter.OncePerRequestFilter.doFilter(OncePerRequestFilter.java:116) [spring-web-6.2.11.jar:6.2.11]
	at org.apache.catalina.core.ApplicationFilterChain.internalDoFilter(ApplicationFilterChain.java:164) [tomcat-embed-core-10.1.46.jar:10.1.46]
	at org.apache.catalina.core.ApplicationFilterChain.doFilter(ApplicationFilterChain.java:140) [tomcat-embed-core-10.1.46.jar:10.1.46]
	at org.apache.catalina.core.StandardWrapperValve.invoke(StandardWrapperValve.java:167) [tomcat-embed-core-10.1.46.jar:10.1.46]
	at org.apache.catalina.core.StandardContextValve.invoke(StandardContextValve.java:90) [tomcat-embed-core-10.1.46.jar:10.1.46]
	at org.apache.catalina.authenticator.AuthenticatorBase.invoke(AuthenticatorBase.java:483) [tomcat-embed-core-10.1.46.jar:10.1.46]
	at org.apache.catalina.core.StandardHostValve.invoke(StandardHostValve.java:116) [tomcat-embed-core-10.1.46.jar:10.1.46]
	at org.apache.catalina.valves.ErrorReportValve.invoke(ErrorReportValve.java:93) [tomcat-embed-core-10.1.46.jar:10.1.46]
	at org.apache.catalina.core.StandardEngineValve.invoke(StandardEngineValve.java:74) [tomcat-embed-core-10.1.46.jar:10.1.46]
	at org.apache.catalina.connector.CoyoteAdapter.service(CoyoteAdapter.java:344) [tomcat-embed-core-10.1.46.jar:10.1.46]
	at org.apache.coyote.http11.Http11Processor.service(Http11Processor.java:398) [tomcat-embed-core-10.1.46.jar:10.1.46]
	at org.apache.coyote.AbstractProcessorLight.process(AbstractProcessorLight.java:63) [tomcat-embed-core-10.1.46.jar:10.1.46]
	at org.apache.coyote.AbstractProtocol$ConnectionHandler.process(AbstractProtocol.java:903) [tomcat-embed-core-10.1.46.jar:10.1.46]
	at org.apache.tomcat.util.net.NioEndpoint$SocketProcessor.doRun(NioEndpoint.java:1776) [tomcat-embed-core-10.1.46.jar:10.1.46]
	at org.apache.tomcat.util.net.SocketProcessorBase.run(SocketProcessorBase.java:52) [tomcat-embed-core-10.1.46.jar:10.1.46]
	at org.apache.tomcat.util.threads.ThreadPoolExecutor.runWorker(ThreadPoolExecutor.java:975) [tomcat-embed-core-10.1.46.jar:10.1.46]
	at org.apache.tomcat.util.threads.ThreadPoolExecutor$Worker.run(ThreadPoolExecutor.java:493) [tomcat-embed-core-10.1.46.jar:10.1.46]
	at org.apache.tomcat.util.threads.TaskThread$WrappingRunnable.run(TaskThread.java:63) [tomcat-embed-core-10.1.46.jar:10.1.46]
	at java.base/java.lang.Thread.run(Thread.java:842) [?:?]
2025-12-11 01:53:29.553 [http-nio-8080-exec-6] DEBUG org.springframework.web.servlet.mvc.method.annotation.HttpEntityMethodProcessor - Using 'application/json', given [*/*] and supported [application/json, application/*+json]
2025-12-11 01:53:29.553 [http-nio-8080-exec-6] DEBUG org.springframework.web.servlet.mvc.method.annotation.HttpEntityMethodProcessor - Writing [com.uit.sociuscoremodules.shared.response.Response@2802741e]
2025-12-11 01:53:29.555 [http-nio-8080-exec-6] WARN  org.springframework.web.servlet.mvc.method.annotation.ExceptionHandlerExceptionResolver - Resolved [org.springframework.web.servlet.resource.NoResourceFoundException: No static resource teams/TEAM001/team-lead.]
2025-12-11 01:53:29.555 [http-nio-8080-exec-6] DEBUG org.springframework.web.servlet.DispatcherServlet - Completed 500 INTERNAL_SERVER_ERROR
2025-12-11 01:56:06.336 [http-nio-8080-exec-4] DEBUG org.springframework.web.servlet.DispatcherServlet - PUT "/api/teams/TEAM001/lead?newLeadClientId=dcc0c4e0-9482-4975-a02f-15b5e55c4e4a", parameters={masked}
2025-12-11 01:56:06.337 [http-nio-8080-exec-4] DEBUG org.springframework.web.servlet.mvc.method.annotation.RequestMappingHandlerMapping - Mapped to com.uit.sociusmvcapp.endpoint.TeamEmployeeController#changeTeamLead(String, String)
2025-12-11 01:56:06.338 [http-nio-8080-exec-4] INFO  com.uit.sociusmvcapp.endpoint.TeamEmployeeController - Changing team lead for team TEAM001 to dcc0c4e0-9482-4975-a02f-15b5e55c4e4a
2025-12-11 01:56:06.338 [http-nio-8080-exec-4] INFO  com.uit.sociuscoremodules.teamemployee.service.impl.TeamEmployeeServiceImpl - Changing team lead for team TEAM001 to employee dcc0c4e0-9482-4975-a02f-15b5e55c4e4a
2025-12-11 01:56:07.841 [http-nio-8080-exec-4] INFO  com.uit.sociuscoremodules.teamemployee.service.impl.TeamEmployeeServiceImpl - Successfully changed team lead to: dcc0c4e0-9482-4975-a02f-15b5e55c4e4a
2025-12-11 01:56:08.170 [http-nio-8080-exec-4] DEBUG org.springframework.web.servlet.mvc.method.annotation.HttpEntityMethodProcessor - Using 'application/json', given [*/*] and supported [application/json, application/*+json]
2025-12-11 01:56:08.171 [http-nio-8080-exec-4] DEBUG org.springframework.web.servlet.mvc.method.annotation.HttpEntityMethodProcessor - Writing [com.uit.sociuscoremodules.shared.response.Response@3d376987]
2025-12-11 01:56:08.173 [http-nio-8080-exec-4] DEBUG org.springframework.web.servlet.DispatcherServlet - Completed 200 OK
2025-12-11 01:57:01.885 [http-nio-8080-exec-9] DEBUG org.springframework.web.servlet.DispatcherServlet - POST "/api/teams", parameters={}
2025-12-11 01:57:01.887 [http-nio-8080-exec-9] DEBUG org.springframework.web.servlet.mvc.method.annotation.RequestMappingHandlerMapping - Mapped to com.uit.sociusmvcapp.endpoint.TeamController#createTeam(TeamCreateRequest)
2025-12-11 01:57:01.891 [http-nio-8080-exec-9] DEBUG org.springframework.web.servlet.mvc.method.annotation.RequestResponseBodyMethodProcessor - Read "application/json;charset=UTF-8" to [com.uit.sociuscoremodules.team.request.TeamCreateRequest@5f5136b4]
2025-12-11 01:57:01.902 [http-nio-8080-exec-9] INFO  com.uit.sociuscoremodules.team.service.impl.TeamServiceImpl - Creating team with code: TEAM006
2025-12-11 01:57:02.242 [http-nio-8080-exec-9] INFO  com.uit.sociuscoremodules.team.service.impl.TeamServiceImpl - Reactivating soft deleted team: TEAM006
2025-12-11 01:57:02.549 [http-nio-8080-exec-9] INFO  com.uit.sociuscoremodules.team.service.impl.TeamServiceImpl - Team TEAM006 reactivated successfully
2025-12-11 01:57:03.128 [http-nio-8080-exec-9] INFO  com.uit.sociuscoremodules.teamemployee.service.impl.TeamEmployeeServiceImpl - Adding employee 6309fa4c-994d-4ffe-bdd1-2e3459aaa964 to team TEAM006 with role TEAM_LEAD and leadership status true
2025-12-11 01:57:04.699 [http-nio-8080-exec-9] INFO  com.uit.sociuscoremodules.teamemployee.service.impl.TeamEmployeeServiceImpl - Successfully added employee 6309fa4c-994d-4ffe-bdd1-2e3459aaa964 to team TEAM006
2025-12-11 01:57:04.699 [http-nio-8080-exec-9] INFO  com.uit.sociuscoremodules.team.service.impl.TeamServiceImpl - Team lead 6309fa4c-994d-4ffe-bdd1-2e3459aaa964 added to reactivated team TEAM006
2025-12-11 01:57:04.700 [http-nio-8080-exec-9] INFO  com.uit.sociuscoremodules.team.service.impl.TeamServiceImpl - Getting team by code: TEAM006
2025-12-11 01:57:05.005 [http-nio-8080-exec-9] INFO  com.uit.sociuscoremodules.teamemployee.service.impl.TeamEmployeeServiceImpl - Getting team lead for team TEAM006
2025-12-11 01:57:05.625 [http-nio-8080-exec-9] INFO  com.uit.sociuscoremodules.teamemployee.service.impl.TeamEmployeeServiceImpl - Getting all employees in team TEAM006
2025-12-11 01:57:06.138 [http-nio-8080-exec-9] DEBUG org.springframework.web.servlet.mvc.method.annotation.HttpEntityMethodProcessor - Using 'application/json', given [*/*] and supported [application/json, application/*+json]
2025-12-11 01:57:06.138 [http-nio-8080-exec-9] DEBUG org.springframework.web.servlet.mvc.method.annotation.HttpEntityMethodProcessor - Writing [com.uit.sociuscoremodules.shared.response.Response@4448bf7b]
2025-12-11 01:57:06.145 [http-nio-8080-exec-9] DEBUG org.springframework.web.servlet.DispatcherServlet - Completed 201 CREATED
2025-12-11 01:57:55.395 [http-nio-8080-exec-10] DEBUG org.springframework.web.servlet.DispatcherServlet - DELETE "/api/teams/TEAM006/employees/6309fa4c-994d-4ffe-bdd1-2e3459aaa964", parameters={}
2025-12-11 01:57:55.395 [http-nio-8080-exec-10] DEBUG org.springframework.web.servlet.mvc.method.annotation.RequestMappingHandlerMapping - Mapped to com.uit.sociusmvcapp.endpoint.TeamEmployeeController#removeEmployeeFromTeam(String, String)
2025-12-11 01:57:55.396 [http-nio-8080-exec-10] INFO  com.uit.sociusmvcapp.endpoint.TeamEmployeeController - Removing employee 6309fa4c-994d-4ffe-bdd1-2e3459aaa964 from team: TEAM006
2025-12-11 01:57:55.397 [http-nio-8080-exec-10] INFO  com.uit.sociuscoremodules.teamemployee.service.impl.TeamEmployeeServiceImpl - Removing employee 6309fa4c-994d-4ffe-bdd1-2e3459aaa964 from team TEAM006
2025-12-11 01:57:56.519 [http-nio-8080-exec-10] DEBUG org.springframework.web.servlet.mvc.method.annotation.ExceptionHandlerExceptionResolver - Using @ExceptionHandler com.uit.sociusmvcapp.exception.GlobalExceptionHandler#handleUnwantedException(Exception)
2025-12-11 01:57:56.519 [http-nio-8080-exec-10] ERROR com.uit.sociusmvcapp.exception.GlobalExceptionHandler - Unexpected error: 
### Error updating database.  Cause: org.postgresql.util.PSQLException: ERROR: duplicate key value violates unique constraint "team_employees_employee_id_team_code_delete_flag_key"
  Detail: Key (employee_id, team_code, delete_flag)=(6309fa4c-994d-4ffe-bdd1-2e3459aaa964, TEAM006, 1) already exists.
### The error may exist in URL [jar:file:/D:/Study_space/Cong_nghe_web_ung_dung/Socius/socius-core-modules/build/libs/socius-core-modules-1.0-SNAPSHOT-plain.jar!/mappers/TeamEmployeeMapper.xml]
### The error may involve defaultParameterMap
### The error occurred while setting parameters
### SQL: UPDATE team_employees         SET delete_flag = 1,             deleted_at = CURRENT_TIMESTAMP         WHERE team_code = ?           AND employee_id = ?
### Cause: org.postgresql.util.PSQLException: ERROR: duplicate key value violates unique constraint "team_employees_employee_id_team_code_delete_flag_key"
  Detail: Key (employee_id, team_code, delete_flag)=(6309fa4c-994d-4ffe-bdd1-2e3459aaa964, TEAM006, 1) already exists.
; ERROR: duplicate key value violates unique constraint "team_employees_employee_id_team_code_delete_flag_key"
  Detail: Key (employee_id, team_code, delete_flag)=(6309fa4c-994d-4ffe-bdd1-2e3459aaa964, TEAM006, 1) already exists.
org.springframework.dao.DuplicateKeyException: 
### Error updating database.  Cause: org.postgresql.util.PSQLException: ERROR: duplicate key value violates unique constraint "team_employees_employee_id_team_code_delete_flag_key"
  Detail: Key (employee_id, team_code, delete_flag)=(6309fa4c-994d-4ffe-bdd1-2e3459aaa964, TEAM006, 1) already exists.
### The error may exist in URL [jar:file:/D:/Study_space/Cong_nghe_web_ung_dung/Socius/socius-core-modules/build/libs/socius-core-modules-1.0-SNAPSHOT-plain.jar!/mappers/TeamEmployeeMapper.xml]
### The error may involve defaultParameterMap
### The error occurred while setting parameters
### SQL: UPDATE team_employees         SET delete_flag = 1,             deleted_at = CURRENT_TIMESTAMP         WHERE team_code = ?           AND employee_id = ?
### Cause: org.postgresql.util.PSQLException: ERROR: duplicate key value violates unique constraint "team_employees_employee_id_team_code_delete_flag_key"
  Detail: Key (employee_id, team_code, delete_flag)=(6309fa4c-994d-4ffe-bdd1-2e3459aaa964, TEAM006, 1) already exists.
; ERROR: duplicate key value violates unique constraint "team_employees_employee_id_team_code_delete_flag_key"
  Detail: Key (employee_id, team_code, delete_flag)=(6309fa4c-994d-4ffe-bdd1-2e3459aaa964, TEAM006, 1) already exists.
	at org.springframework.jdbc.support.SQLErrorCodeSQLExceptionTranslator.doTranslate(SQLErrorCodeSQLExceptionTranslator.java:254) ~[spring-jdbc-6.2.11.jar:6.2.11]
	at org.springframework.jdbc.support.AbstractFallbackSQLExceptionTranslator.translate(AbstractFallbackSQLExceptionTranslator.java:107) ~[spring-jdbc-6.2.11.jar:6.2.11]
	at org.mybatis.spring.MyBatisExceptionTranslator.translateExceptionIfPossible(MyBatisExceptionTranslator.java:95) ~[mybatis-spring-3.0.5.jar:3.0.5]
	at org.mybatis.spring.SqlSessionTemplate$SqlSessionInterceptor.invoke(SqlSessionTemplate.java:347) ~[mybatis-spring-3.0.5.jar:3.0.5]
	at jdk.proxy2/jdk.proxy2.$Proxy120.update(Unknown Source) ~[?:?]
	at org.mybatis.spring.SqlSessionTemplate.update(SqlSessionTemplate.java:234) ~[mybatis-spring-3.0.5.jar:3.0.5]
	at org.apache.ibatis.binding.MapperMethod.execute(MapperMethod.java:67) ~[mybatis-3.5.19.jar:3.5.19]
	at org.apache.ibatis.binding.MapperProxy$PlainMethodInvoker.invoke(MapperProxy.java:141) ~[mybatis-3.5.19.jar:3.5.19]
	at org.apache.ibatis.binding.MapperProxy.invoke(MapperProxy.java:86) ~[mybatis-3.5.19.jar:3.5.19]
	at jdk.proxy2/jdk.proxy2.$Proxy131.softDelete(Unknown Source) ~[?:?]
	at com.uit.sociuscoremodules.teamemployee.repository.TeamEmployeeRepository.softDelete(TeamEmployeeRepository.java:74) ~[socius-core-modules-1.0-SNAPSHOT-plain.jar:?]
	at java.base/jdk.internal.reflect.NativeMethodAccessorImpl.invoke0(Native Method) ~[?:?]
	at java.base/jdk.internal.reflect.NativeMethodAccessorImpl.invoke(NativeMethodAccessorImpl.java:77) ~[?:?]
	at java.base/jdk.internal.reflect.DelegatingMethodAccessorImpl.invoke(DelegatingMethodAccessorImpl.java:43) ~[?:?]
	at java.base/java.lang.reflect.Method.invoke(Method.java:568) ~[?:?]
	at org.springframework.aop.support.AopUtils.invokeJoinpointUsingReflection(AopUtils.java:360) ~[spring-aop-6.2.11.jar:6.2.11]
	at org.springframework.aop.framework.ReflectiveMethodInvocation.invokeJoinpoint(ReflectiveMethodInvocation.java:196) ~[spring-aop-6.2.11.jar:6.2.11]
	at org.springframework.aop.framework.ReflectiveMethodInvocation.proceed(ReflectiveMethodInvocation.java:163) ~[spring-aop-6.2.11.jar:6.2.11]
	at org.springframework.dao.support.PersistenceExceptionTranslationInterceptor.invoke(PersistenceExceptionTranslationInterceptor.java:138) ~[spring-tx-6.2.11.jar:6.2.11]
	at org.springframework.aop.framework.ReflectiveMethodInvocation.proceed(ReflectiveMethodInvocation.java:184) ~[spring-aop-6.2.11.jar:6.2.11]
	at org.springframework.aop.framework.CglibAopProxy$DynamicAdvisedInterceptor.intercept(CglibAopProxy.java:728) ~[spring-aop-6.2.11.jar:6.2.11]
	at com.uit.sociuscoremodules.teamemployee.repository.TeamEmployeeRepository$$SpringCGLIB$$0.softDelete(<generated>) ~[socius-core-modules-1.0-SNAPSHOT-plain.jar:?]
	at com.uit.sociuscoremodules.teamemployee.service.impl.TeamEmployeeServiceImpl.removeEmployeeFromTeam(TeamEmployeeServiceImpl.java:211) ~[socius-core-modules-1.0-SNAPSHOT-plain.jar:?]
	at com.uit.sociusmvcapp.endpoint.TeamEmployeeController.removeEmployeeFromTeam(TeamEmployeeController.java:104) ~[main/:?]
	at java.base/jdk.internal.reflect.NativeMethodAccessorImpl.invoke0(Native Method) ~[?:?]
	at java.base/jdk.internal.reflect.NativeMethodAccessorImpl.invoke(NativeMethodAccessorImpl.java:77) ~[?:?]
	at java.base/jdk.internal.reflect.DelegatingMethodAccessorImpl.invoke(DelegatingMethodAccessorImpl.java:43) ~[?:?]
	at java.base/java.lang.reflect.Method.invoke(Method.java:568) ~[?:?]
	at org.springframework.web.method.support.InvocableHandlerMethod.doInvoke(InvocableHandlerMethod.java:258) ~[spring-web-6.2.11.jar:6.2.11]
	at org.springframework.web.method.support.InvocableHandlerMethod.invokeForRequest(InvocableHandlerMethod.java:191) ~[spring-web-6.2.11.jar:6.2.11]
	at org.springframework.web.servlet.mvc.method.annotation.ServletInvocableHandlerMethod.invokeAndHandle(ServletInvocableHandlerMethod.java:118) ~[spring-webmvc-6.2.11.jar:6.2.11]
	at org.springframework.web.servlet.mvc.method.annotation.RequestMappingHandlerAdapter.invokeHandlerMethod(RequestMappingHandlerAdapter.java:991) ~[spring-webmvc-6.2.11.jar:6.2.11]
	at org.springframework.web.servlet.mvc.method.annotation.RequestMappingHandlerAdapter.handleInternal(RequestMappingHandlerAdapter.java:896) ~[spring-webmvc-6.2.11.jar:6.2.11]
	at org.springframework.web.servlet.mvc.method.AbstractHandlerMethodAdapter.handle(AbstractHandlerMethodAdapter.java:87) ~[spring-webmvc-6.2.11.jar:6.2.11]
	at org.springframework.web.servlet.DispatcherServlet.doDispatch(DispatcherServlet.java:1089) ~[spring-webmvc-6.2.11.jar:6.2.11]
	at org.springframework.web.servlet.DispatcherServlet.doService(DispatcherServlet.java:979) ~[spring-webmvc-6.2.11.jar:6.2.11]
	at org.springframework.web.servlet.FrameworkServlet.processRequest(FrameworkServlet.java:1014) ~[spring-webmvc-6.2.11.jar:6.2.11]
	at org.springframework.web.servlet.FrameworkServlet.doDelete(FrameworkServlet.java:936) ~[spring-webmvc-6.2.11.jar:6.2.11]
	at jakarta.servlet.http.HttpServlet.service(HttpServlet.java:596) ~[tomcat-embed-core-10.1.46.jar:6.0]
	at org.springframework.web.servlet.FrameworkServlet.service(FrameworkServlet.java:885) ~[spring-webmvc-6.2.11.jar:6.2.11]
	at jakarta.servlet.http.HttpServlet.service(HttpServlet.java:658) ~[tomcat-embed-core-10.1.46.jar:6.0]
	at org.apache.catalina.core.ApplicationFilterChain.internalDoFilter(ApplicationFilterChain.java:195) ~[tomcat-embed-core-10.1.46.jar:10.1.46]
	at org.apache.catalina.core.ApplicationFilterChain.doFilter(ApplicationFilterChain.java:140) ~[tomcat-embed-core-10.1.46.jar:10.1.46]
	at org.apache.tomcat.websocket.server.WsFilter.doFilter(WsFilter.java:51) ~[tomcat-embed-websocket-10.1.46.jar:10.1.46]
	at org.apache.catalina.core.ApplicationFilterChain.internalDoFilter(ApplicationFilterChain.java:164) ~[tomcat-embed-core-10.1.46.jar:10.1.46]
	at org.apache.catalina.core.ApplicationFilterChain.doFilter(ApplicationFilterChain.java:140) ~[tomcat-embed-core-10.1.46.jar:10.1.46]
	at org.springframework.web.filter.CompositeFilter$VirtualFilterChain.doFilter(CompositeFilter.java:108) ~[spring-web-6.2.11.jar:6.2.11]
	at org.springframework.web.filter.CompositeFilter$VirtualFilterChain.doFilter(CompositeFilter.java:108) ~[spring-web-6.2.11.jar:6.2.11]
	at org.springframework.security.web.FilterChainProxy.lambda$doFilterInternal$3(FilterChainProxy.java:231) ~[spring-security-web-6.5.5.jar:6.5.5]
	at org.springframework.security.web.ObservationFilterChainDecorator$FilterObservation$SimpleFilterObservation.lambda$wrap$1(ObservationFilterChainDecorator.java:490) ~[spring-security-web-6.5.5.jar:6.5.5]
	at org.springframework.security.web.ObservationFilterChainDecorator$AroundFilterObservation$SimpleAroundFilterObservation.lambda$wrap$1(ObservationFilterChainDecorator.java:351) ~[spring-security-web-6.5.5.jar:6.5.5]
	at org.springframework.security.web.ObservationFilterChainDecorator.lambda$wrapSecured$0(ObservationFilterChainDecorator.java:83) ~[spring-security-web-6.5.5.jar:6.5.5]
	at org.springframework.security.web.ObservationFilterChainDecorator$VirtualFilterChain.doFilter(ObservationFilterChainDecorator.java:129) ~[spring-security-web-6.5.5.jar:6.5.5]
	at org.springframework.security.web.access.intercept.AuthorizationFilter.doFilter(AuthorizationFilter.java:101) ~[spring-security-web-6.5.5.jar:6.5.5]
	at org.springframework.security.web.ObservationFilterChainDecorator$ObservationFilter.wrapFilter(ObservationFilterChainDecorator.java:241) ~[spring-security-web-6.5.5.jar:6.5.5]
	at org.springframework.security.web.ObservationFilterChainDecorator$ObservationFilter.doFilter(ObservationFilterChainDecorator.java:228) ~[spring-security-web-6.5.5.jar:6.5.5]
	at org.springframework.security.web.ObservationFilterChainDecorator$VirtualFilterChain.doFilter(ObservationFilterChainDecorator.java:138) ~[spring-security-web-6.5.5.jar:6.5.5]
	at org.springframework.security.web.access.ExceptionTranslationFilter.doFilter(ExceptionTranslationFilter.java:125) ~[spring-security-web-6.5.5.jar:6.5.5]
	at org.springframework.security.web.access.ExceptionTranslationFilter.doFilter(ExceptionTranslationFilter.java:119) ~[spring-security-web-6.5.5.jar:6.5.5]
	at org.springframework.security.web.ObservationFilterChainDecorator$ObservationFilter.wrapFilter(ObservationFilterChainDecorator.java:241) ~[spring-security-web-6.5.5.jar:6.5.5]
	at org.springframework.security.web.ObservationFilterChainDecorator$ObservationFilter.doFilter(ObservationFilterChainDecorator.java:228) ~[spring-security-web-6.5.5.jar:6.5.5]
	at org.springframework.security.web.ObservationFilterChainDecorator$VirtualFilterChain.doFilter(ObservationFilterChainDecorator.java:138) ~[spring-security-web-6.5.5.jar:6.5.5]
	at org.springframework.security.web.session.SessionManagementFilter.doFilter(SessionManagementFilter.java:131) ~[spring-security-web-6.5.5.jar:6.5.5]
	at org.springframework.security.web.session.SessionManagementFilter.doFilter(SessionManagementFilter.java:85) ~[spring-security-web-6.5.5.jar:6.5.5]
	at org.springframework.security.web.ObservationFilterChainDecorator$ObservationFilter.wrapFilter(ObservationFilterChainDecorator.java:241) ~[spring-security-web-6.5.5.jar:6.5.5]
	at org.springframework.security.web.ObservationFilterChainDecorator$ObservationFilter.doFilter(ObservationFilterChainDecorator.java:228) ~[spring-security-web-6.5.5.jar:6.5.5]
	at org.springframework.security.web.ObservationFilterChainDecorator$VirtualFilterChain.doFilter(ObservationFilterChainDecorator.java:138) ~[spring-security-web-6.5.5.jar:6.5.5]
	at org.springframework.security.web.authentication.AnonymousAuthenticationFilter.doFilter(AnonymousAuthenticationFilter.java:100) ~[spring-security-web-6.5.5.jar:6.5.5]
	at org.springframework.security.web.ObservationFilterChainDecorator$ObservationFilter.wrapFilter(ObservationFilterChainDecorator.java:241) ~[spring-security-web-6.5.5.jar:6.5.5]
	at org.springframework.security.web.ObservationFilterChainDecorator$ObservationFilter.doFilter(ObservationFilterChainDecorator.java:228) ~[spring-security-web-6.5.5.jar:6.5.5]
	at org.springframework.security.web.ObservationFilterChainDecorator$VirtualFilterChain.doFilter(ObservationFilterChainDecorator.java:138) ~[spring-security-web-6.5.5.jar:6.5.5]
	at org.springframework.security.web.servletapi.SecurityContextHolderAwareRequestFilter.doFilter(SecurityContextHolderAwareRequestFilter.java:179) ~[spring-security-web-6.5.5.jar:6.5.5]
	at org.springframework.security.web.ObservationFilterChainDecorator$ObservationFilter.wrapFilter(ObservationFilterChainDecorator.java:241) ~[spring-security-web-6.5.5.jar:6.5.5]
	at org.springframework.security.web.ObservationFilterChainDecorator$ObservationFilter.doFilter(ObservationFilterChainDecorator.java:228) ~[spring-security-web-6.5.5.jar:6.5.5]
	at org.springframework.security.web.ObservationFilterChainDecorator$VirtualFilterChain.doFilter(ObservationFilterChainDecorator.java:138) ~[spring-security-web-6.5.5.jar:6.5.5]
	at org.springframework.security.web.savedrequest.RequestCacheAwareFilter.doFilter(RequestCacheAwareFilter.java:63) ~[spring-security-web-6.5.5.jar:6.5.5]
	at org.springframework.security.web.ObservationFilterChainDecorator$ObservationFilter.wrapFilter(ObservationFilterChainDecorator.java:241) ~[spring-security-web-6.5.5.jar:6.5.5]
	at org.springframework.security.web.ObservationFilterChainDecorator$ObservationFilter.doFilter(ObservationFilterChainDecorator.java:228) ~[spring-security-web-6.5.5.jar:6.5.5]
	at org.springframework.security.web.ObservationFilterChainDecorator$VirtualFilterChain.doFilter(ObservationFilterChainDecorator.java:138) ~[spring-security-web-6.5.5.jar:6.5.5]
	at com.uit.sociusmvcapp.security.AuthorizationFilter.doFilterInternal(AuthorizationFilter.java:72) ~[main/:?]
	at org.springframework.web.filter.OncePerRequestFilter.doFilter(OncePerRequestFilter.java:116) ~[spring-web-6.2.11.jar:6.2.11]
	at org.springframework.security.web.ObservationFilterChainDecorator$ObservationFilter.wrapFilter(ObservationFilterChainDecorator.java:241) ~[spring-security-web-6.5.5.jar:6.5.5]
	at org.springframework.security.web.ObservationFilterChainDecorator$ObservationFilter.doFilter(ObservationFilterChainDecorator.java:228) ~[spring-security-web-6.5.5.jar:6.5.5]
	at org.springframework.security.web.ObservationFilterChainDecorator$VirtualFilterChain.doFilter(ObservationFilterChainDecorator.java:138) ~[spring-security-web-6.5.5.jar:6.5.5]
	at org.springframework.security.web.authentication.logout.LogoutFilter.doFilter(LogoutFilter.java:107) ~[spring-security-web-6.5.5.jar:6.5.5]
	at org.springframework.security.web.authentication.logout.LogoutFilter.doFilter(LogoutFilter.java:93) ~[spring-security-web-6.5.5.jar:6.5.5]
	at org.springframework.security.web.ObservationFilterChainDecorator$ObservationFilter.wrapFilter(ObservationFilterChainDecorator.java:241) ~[spring-security-web-6.5.5.jar:6.5.5]
	at org.springframework.security.web.ObservationFilterChainDecorator$ObservationFilter.doFilter(ObservationFilterChainDecorator.java:228) ~[spring-security-web-6.5.5.jar:6.5.5]
	at org.springframework.security.web.ObservationFilterChainDecorator$VirtualFilterChain.doFilter(ObservationFilterChainDecorator.java:138) ~[spring-security-web-6.5.5.jar:6.5.5]
	at org.springframework.web.filter.CorsFilter.doFilterInternal(CorsFilter.java:91) ~[spring-web-6.2.11.jar:6.2.11]
	at org.springframework.web.filter.OncePerRequestFilter.doFilter(OncePerRequestFilter.java:116) ~[spring-web-6.2.11.jar:6.2.11]
	at org.springframework.security.web.ObservationFilterChainDecorator$ObservationFilter.wrapFilter(ObservationFilterChainDecorator.java:241) ~[spring-security-web-6.5.5.jar:6.5.5]
	at org.springframework.security.web.ObservationFilterChainDecorator$ObservationFilter.doFilter(ObservationFilterChainDecorator.java:228) ~[spring-security-web-6.5.5.jar:6.5.5]
	at org.springframework.security.web.ObservationFilterChainDecorator$VirtualFilterChain.doFilter(ObservationFilterChainDecorator.java:138) ~[spring-security-web-6.5.5.jar:6.5.5]
	at org.springframework.security.web.header.HeaderWriterFilter.doHeadersAfter(HeaderWriterFilter.java:90) ~[spring-security-web-6.5.5.jar:6.5.5]
	at org.springframework.security.web.header.HeaderWriterFilter.doFilterInternal(HeaderWriterFilter.java:75) ~[spring-security-web-6.5.5.jar:6.5.5]
	at org.springframework.web.filter.OncePerRequestFilter.doFilter(OncePerRequestFilter.java:116) ~[spring-web-6.2.11.jar:6.2.11]
	at org.springframework.security.web.ObservationFilterChainDecorator$ObservationFilter.wrapFilter(ObservationFilterChainDecorator.java:241) ~[spring-security-web-6.5.5.jar:6.5.5]
	at org.springframework.security.web.ObservationFilterChainDecorator$ObservationFilter.doFilter(ObservationFilterChainDecorator.java:228) ~[spring-security-web-6.5.5.jar:6.5.5]
	at org.springframework.security.web.ObservationFilterChainDecorator$VirtualFilterChain.doFilter(ObservationFilterChainDecorator.java:138) ~[spring-security-web-6.5.5.jar:6.5.5]
	at org.springframework.security.web.context.SecurityContextHolderFilter.doFilter(SecurityContextHolderFilter.java:82) ~[spring-security-web-6.5.5.jar:6.5.5]
	at org.springframework.security.web.context.SecurityContextHolderFilter.doFilter(SecurityContextHolderFilter.java:69) ~[spring-security-web-6.5.5.jar:6.5.5]
	at org.springframework.security.web.ObservationFilterChainDecorator$ObservationFilter.wrapFilter(ObservationFilterChainDecorator.java:241) ~[spring-security-web-6.5.5.jar:6.5.5]
	at org.springframework.security.web.ObservationFilterChainDecorator$ObservationFilter.doFilter(ObservationFilterChainDecorator.java:228) ~[spring-security-web-6.5.5.jar:6.5.5]
	at org.springframework.security.web.ObservationFilterChainDecorator$VirtualFilterChain.doFilter(ObservationFilterChainDecorator.java:138) ~[spring-security-web-6.5.5.jar:6.5.5]
	at org.springframework.security.web.context.request.async.WebAsyncManagerIntegrationFilter.doFilterInternal(WebAsyncManagerIntegrationFilter.java:62) ~[spring-security-web-6.5.5.jar:6.5.5]
	at org.springframework.web.filter.OncePerRequestFilter.doFilter(OncePerRequestFilter.java:116) ~[spring-web-6.2.11.jar:6.2.11]
	at org.springframework.security.web.ObservationFilterChainDecorator$ObservationFilter.wrapFilter(ObservationFilterChainDecorator.java:241) ~[spring-security-web-6.5.5.jar:6.5.5]
	at org.springframework.security.web.ObservationFilterChainDecorator$ObservationFilter.doFilter(ObservationFilterChainDecorator.java:228) ~[spring-security-web-6.5.5.jar:6.5.5]
	at org.springframework.security.web.ObservationFilterChainDecorator$VirtualFilterChain.doFilter(ObservationFilterChainDecorator.java:138) ~[spring-security-web-6.5.5.jar:6.5.5]
	at org.springframework.security.web.session.DisableEncodeUrlFilter.doFilterInternal(DisableEncodeUrlFilter.java:42) ~[spring-security-web-6.5.5.jar:6.5.5]
	at org.springframework.web.filter.OncePerRequestFilter.doFilter(OncePerRequestFilter.java:116) ~[spring-web-6.2.11.jar:6.2.11]
	at org.springframework.security.web.ObservationFilterChainDecorator$ObservationFilter.wrapFilter(ObservationFilterChainDecorator.java:241) ~[spring-security-web-6.5.5.jar:6.5.5]
	at org.springframework.security.web.ObservationFilterChainDecorator$AroundFilterObservation$SimpleAroundFilterObservation.lambda$wrap$0(ObservationFilterChainDecorator.java:334) ~[spring-security-web-6.5.5.jar:6.5.5]
	at org.springframework.security.web.ObservationFilterChainDecorator$ObservationFilter.doFilter(ObservationFilterChainDecorator.java:225) ~[spring-security-web-6.5.5.jar:6.5.5]
	at org.springframework.security.web.ObservationFilterChainDecorator$VirtualFilterChain.doFilter(ObservationFilterChainDecorator.java:138) ~[spring-security-web-6.5.5.jar:6.5.5]
	at org.springframework.security.web.FilterChainProxy.doFilterInternal(FilterChainProxy.java:233) ~[spring-security-web-6.5.5.jar:6.5.5]
	at org.springframework.security.web.FilterChainProxy.doFilter(FilterChainProxy.java:191) ~[spring-security-web-6.5.5.jar:6.5.5]
	at org.springframework.web.filter.CompositeFilter$VirtualFilterChain.doFilter(CompositeFilter.java:113) ~[spring-web-6.2.11.jar:6.2.11]
	at org.springframework.web.filter.ServletRequestPathFilter.doFilter(ServletRequestPathFilter.java:52) ~[spring-web-6.2.11.jar:6.2.11]
	at org.springframework.web.filter.CompositeFilter$VirtualFilterChain.doFilter(CompositeFilter.java:113) ~[spring-web-6.2.11.jar:6.2.11]
	at org.springframework.web.filter.CompositeFilter.doFilter(CompositeFilter.java:74) ~[spring-web-6.2.11.jar:6.2.11]
	at org.springframework.security.config.annotation.web.configuration.WebSecurityConfiguration$CompositeFilterChainProxy.doFilter(WebSecurityConfiguration.java:319) ~[spring-security-config-6.5.5.jar:6.5.5]
	at org.springframework.web.filter.CompositeFilter$VirtualFilterChain.doFilter(CompositeFilter.java:113) ~[spring-web-6.2.11.jar:6.2.11]
	at org.springframework.web.servlet.handler.HandlerMappingIntrospector.lambda$createCacheFilter$4(HandlerMappingIntrospector.java:267) ~[spring-webmvc-6.2.11.jar:6.2.11]
	at org.springframework.web.filter.CompositeFilter$VirtualFilterChain.doFilter(CompositeFilter.java:113) [spring-web-6.2.11.jar:6.2.11]
	at org.springframework.web.filter.CompositeFilter.doFilter(CompositeFilter.java:74) [spring-web-6.2.11.jar:6.2.11]
	at org.springframework.security.config.annotation.web.configuration.WebMvcSecurityConfiguration$CompositeFilterChainProxy.doFilter(WebMvcSecurityConfiguration.java:240) [spring-security-config-6.5.5.jar:6.5.5]
	at org.springframework.web.filter.DelegatingFilterProxy.invokeDelegate(DelegatingFilterProxy.java:362) [spring-web-6.2.11.jar:6.2.11]
	at org.springframework.web.filter.DelegatingFilterProxy.doFilter(DelegatingFilterProxy.java:278) [spring-web-6.2.11.jar:6.2.11]
	at org.apache.catalina.core.ApplicationFilterChain.internalDoFilter(ApplicationFilterChain.java:164) [tomcat-embed-core-10.1.46.jar:10.1.46]
	at org.apache.catalina.core.ApplicationFilterChain.doFilter(ApplicationFilterChain.java:140) [tomcat-embed-core-10.1.46.jar:10.1.46]
	at org.springframework.web.filter.RequestContextFilter.doFilterInternal(RequestContextFilter.java:100) [spring-web-6.2.11.jar:6.2.11]
	at org.springframework.web.filter.OncePerRequestFilter.doFilter(OncePerRequestFilter.java:116) [spring-web-6.2.11.jar:6.2.11]
	at org.apache.catalina.core.ApplicationFilterChain.internalDoFilter(ApplicationFilterChain.java:164) [tomcat-embed-core-10.1.46.jar:10.1.46]
	at org.apache.catalina.core.ApplicationFilterChain.doFilter(ApplicationFilterChain.java:140) [tomcat-embed-core-10.1.46.jar:10.1.46]
	at org.springframework.web.filter.FormContentFilter.doFilterInternal(FormContentFilter.java:93) [spring-web-6.2.11.jar:6.2.11]
	at org.springframework.web.filter.OncePerRequestFilter.doFilter(OncePerRequestFilter.java:116) [spring-web-6.2.11.jar:6.2.11]
	at org.apache.catalina.core.ApplicationFilterChain.internalDoFilter(ApplicationFilterChain.java:164) [tomcat-embed-core-10.1.46.jar:10.1.46]
	at org.apache.catalina.core.ApplicationFilterChain.doFilter(ApplicationFilterChain.java:140) [tomcat-embed-core-10.1.46.jar:10.1.46]
	at org.springframework.web.filter.ServerHttpObservationFilter.doFilterInternal(ServerHttpObservationFilter.java:110) [spring-web-6.2.11.jar:6.2.11]
	at org.springframework.web.filter.OncePerRequestFilter.doFilter(OncePerRequestFilter.java:116) [spring-web-6.2.11.jar:6.2.11]
	at org.apache.catalina.core.ApplicationFilterChain.internalDoFilter(ApplicationFilterChain.java:164) [tomcat-embed-core-10.1.46.jar:10.1.46]
	at org.apache.catalina.core.ApplicationFilterChain.doFilter(ApplicationFilterChain.java:140) [tomcat-embed-core-10.1.46.jar:10.1.46]
	at org.springframework.web.filter.CharacterEncodingFilter.doFilterInternal(CharacterEncodingFilter.java:201) [spring-web-6.2.11.jar:6.2.11]
	at org.springframework.web.filter.OncePerRequestFilter.doFilter(OncePerRequestFilter.java:116) [spring-web-6.2.11.jar:6.2.11]
	at org.apache.catalina.core.ApplicationFilterChain.internalDoFilter(ApplicationFilterChain.java:164) [tomcat-embed-core-10.1.46.jar:10.1.46]
	at org.apache.catalina.core.ApplicationFilterChain.doFilter(ApplicationFilterChain.java:140) [tomcat-embed-core-10.1.46.jar:10.1.46]
	at org.apache.catalina.core.StandardWrapperValve.invoke(StandardWrapperValve.java:167) [tomcat-embed-core-10.1.46.jar:10.1.46]
	at org.apache.catalina.core.StandardContextValve.invoke(StandardContextValve.java:90) [tomcat-embed-core-10.1.46.jar:10.1.46]
	at org.apache.catalina.authenticator.AuthenticatorBase.invoke(AuthenticatorBase.java:483) [tomcat-embed-core-10.1.46.jar:10.1.46]
	at org.apache.catalina.core.StandardHostValve.invoke(StandardHostValve.java:116) [tomcat-embed-core-10.1.46.jar:10.1.46]
	at org.apache.catalina.valves.ErrorReportValve.invoke(ErrorReportValve.java:93) [tomcat-embed-core-10.1.46.jar:10.1.46]
	at org.apache.catalina.core.StandardEngineValve.invoke(StandardEngineValve.java:74) [tomcat-embed-core-10.1.46.jar:10.1.46]
	at org.apache.catalina.connector.CoyoteAdapter.service(CoyoteAdapter.java:344) [tomcat-embed-core-10.1.46.jar:10.1.46]
	at org.apache.coyote.http11.Http11Processor.service(Http11Processor.java:398) [tomcat-embed-core-10.1.46.jar:10.1.46]
	at org.apache.coyote.AbstractProcessorLight.process(AbstractProcessorLight.java:63) [tomcat-embed-core-10.1.46.jar:10.1.46]
	at org.apache.coyote.AbstractProtocol$ConnectionHandler.process(AbstractProtocol.java:903) [tomcat-embed-core-10.1.46.jar:10.1.46]
	at org.apache.tomcat.util.net.NioEndpoint$SocketProcessor.doRun(NioEndpoint.java:1776) [tomcat-embed-core-10.1.46.jar:10.1.46]
	at org.apache.tomcat.util.net.SocketProcessorBase.run(SocketProcessorBase.java:52) [tomcat-embed-core-10.1.46.jar:10.1.46]
	at org.apache.tomcat.util.threads.ThreadPoolExecutor.runWorker(ThreadPoolExecutor.java:975) [tomcat-embed-core-10.1.46.jar:10.1.46]
	at org.apache.tomcat.util.threads.ThreadPoolExecutor$Worker.run(ThreadPoolExecutor.java:493) [tomcat-embed-core-10.1.46.jar:10.1.46]
	at org.apache.tomcat.util.threads.TaskThread$WrappingRunnable.run(TaskThread.java:63) [tomcat-embed-core-10.1.46.jar:10.1.46]
	at java.base/java.lang.Thread.run(Thread.java:842) [?:?]
Caused by: org.postgresql.util.PSQLException: ERROR: duplicate key value violates unique constraint "team_employees_employee_id_team_code_delete_flag_key"
  Detail: Key (employee_id, team_code, delete_flag)=(6309fa4c-994d-4ffe-bdd1-2e3459aaa964, TEAM006, 1) already exists.
	at org.postgresql.core.v3.QueryExecutorImpl.receiveErrorResponse(QueryExecutorImpl.java:2734) ~[postgresql-42.7.7.jar:42.7.7]
	at org.postgresql.core.v3.QueryExecutorImpl.processResults(QueryExecutorImpl.java:2421) ~[postgresql-42.7.7.jar:42.7.7]
	at org.postgresql.core.v3.QueryExecutorImpl.execute(QueryExecutorImpl.java:372) ~[postgresql-42.7.7.jar:42.7.7]
	at org.postgresql.jdbc.PgStatement.executeInternal(PgStatement.java:518) ~[postgresql-42.7.7.jar:42.7.7]
	at org.postgresql.jdbc.PgStatement.execute(PgStatement.java:435) ~[postgresql-42.7.7.jar:42.7.7]
	at org.postgresql.jdbc.PgPreparedStatement.executeWithFlags(PgPreparedStatement.java:196) ~[postgresql-42.7.7.jar:42.7.7]
	at org.postgresql.jdbc.PgPreparedStatement.execute(PgPreparedStatement.java:182) ~[postgresql-42.7.7.jar:42.7.7]
	at com.zaxxer.hikari.pool.ProxyPreparedStatement.execute(ProxyPreparedStatement.java:44) ~[HikariCP-6.3.3.jar:?]
	at com.zaxxer.hikari.pool.HikariProxyPreparedStatement.execute(HikariProxyPreparedStatement.java) ~[HikariCP-6.3.3.jar:?]
	at jdk.internal.reflect.GeneratedMethodAccessor29.invoke(Unknown Source) ~[?:?]
	at java.base/jdk.internal.reflect.DelegatingMethodAccessorImpl.invoke(DelegatingMethodAccessorImpl.java:43) ~[?:?]
	at java.base/java.lang.reflect.Method.invoke(Method.java:568) ~[?:?]
	at org.apache.ibatis.logging.jdbc.PreparedStatementLogger.invoke(PreparedStatementLogger.java:58) ~[mybatis-3.5.19.jar:3.5.19]
	at jdk.proxy3/jdk.proxy3.$Proxy149.execute(Unknown Source) ~[?:?]
	at org.apache.ibatis.executor.statement.PreparedStatementHandler.update(PreparedStatementHandler.java:48) ~[mybatis-3.5.19.jar:3.5.19]
	at org.apache.ibatis.executor.statement.RoutingStatementHandler.update(RoutingStatementHandler.java:75) ~[mybatis-3.5.19.jar:3.5.19]
	at org.apache.ibatis.executor.SimpleExecutor.doUpdate(SimpleExecutor.java:50) ~[mybatis-3.5.19.jar:3.5.19]
	at org.apache.ibatis.executor.BaseExecutor.update(BaseExecutor.java:117) ~[mybatis-3.5.19.jar:3.5.19]
	at org.apache.ibatis.executor.CachingExecutor.update(CachingExecutor.java:76) ~[mybatis-3.5.19.jar:3.5.19]
	at org.apache.ibatis.session.defaults.DefaultSqlSession.update(DefaultSqlSession.java:197) ~[mybatis-3.5.19.jar:3.5.19]
	at java.base/jdk.internal.reflect.NativeMethodAccessorImpl.invoke0(Native Method) ~[?:?]
	at java.base/jdk.internal.reflect.NativeMethodAccessorImpl.invoke(NativeMethodAccessorImpl.java:77) ~[?:?]
	at java.base/jdk.internal.reflect.DelegatingMethodAccessorImpl.invoke(DelegatingMethodAccessorImpl.java:43) ~[?:?]
	at java.base/java.lang.reflect.Method.invoke(Method.java:568) ~[?:?]
	at org.mybatis.spring.SqlSessionTemplate$SqlSessionInterceptor.invoke(SqlSessionTemplate.java:333) ~[mybatis-spring-3.0.5.jar:3.0.5]
	... 160 more
2025-12-11 01:57:56.527 [http-nio-8080-exec-10] DEBUG org.springframework.web.servlet.mvc.method.annotation.HttpEntityMethodProcessor - Using 'application/json', given [*/*] and supported [application/json, application/*+json]
2025-12-11 01:57:56.527 [http-nio-8080-exec-10] DEBUG org.springframework.web.servlet.mvc.method.annotation.HttpEntityMethodProcessor - Writing [com.uit.sociuscoremodules.shared.response.Response@46c08042]
2025-12-11 01:57:56.529 [http-nio-8080-exec-10] WARN  org.springframework.web.servlet.mvc.method.annotation.ExceptionHandlerExceptionResolver - Resolved [org.springframework.dao.DuplicateKeyException: <EOL><EOL>### Error updating database.  Cause: org.postgresql.util.PSQLException: ERROR: duplicate key value violates unique constraint "team_employees_employee_id_team_code_delete_flag_key"<EOL>  Detail: Key (employee_id, team_code, delete_flag)=(6309fa4c-994d-4ffe-bdd1-2e3459aaa964, TEAM006, 1) already exists.<EOL><EOL>### The error may exist in URL [jar:file:/D:/Study_space/Cong_nghe_web_ung_dung/Socius/socius-core-modules/build/libs/socius-core-modules-1.0-SNAPSHOT-plain.jar!/mappers/TeamEmployeeMapper.xml]<EOL><EOL>### The error may involve defaultParameterMap<EOL><EOL>### The error occurred while setting parameters<EOL><EOL>### SQL: UPDATE team_employees         SET delete_flag = 1,             deleted_at = CURRENT_TIMESTAMP         WHERE team_code = ?           AND employee_id = ?<EOL><EOL>### Cause: org.postgresql.util.PSQLException: ERROR: duplicate key value violates unique constraint "team_employees_employee_id_team_code_delete_flag_key"<EOL>  Detail: Key (employee_id, team_code, delete_flag)=(6309fa4c-994d-4ffe-bdd1-2e3459aaa964, TEAM006, 1) already exists.<EOL>; ERROR: duplicate key value violates unique constraint "team_employees_employee_id_team_code_delete_flag_key"<EOL>  Detail: Key (employee_id, team_code, delete_flag)=(6309fa4c-994d-4ffe-bdd1-2e3459aaa964, TEAM006, 1) already exists.]
2025-12-11 01:57:56.529 [http-nio-8080-exec-10] DEBUG org.springframework.web.servlet.DispatcherServlet - Completed 500 INTERNAL_SERVER_ERROR
2025-12-11 01:59:15.593 [http-nio-8080-exec-1] DEBUG org.springframework.web.servlet.DispatcherServlet - DELETE "/api/teams/TEAM006/employees/6309fa4c-994d-4ffe-bdd1-2e3459aaa964", parameters={}
2025-12-11 01:59:15.594 [http-nio-8080-exec-1] DEBUG org.springframework.web.servlet.mvc.method.annotation.RequestMappingHandlerMapping - Mapped to com.uit.sociusmvcapp.endpoint.TeamEmployeeController#removeEmployeeFromTeam(String, String)
2025-12-11 01:59:15.595 [http-nio-8080-exec-1] INFO  com.uit.sociusmvcapp.endpoint.TeamEmployeeController - Removing employee 6309fa4c-994d-4ffe-bdd1-2e3459aaa964 from team: TEAM006
2025-12-11 01:59:15.595 [http-nio-8080-exec-1] INFO  com.uit.sociuscoremodules.teamemployee.service.impl.TeamEmployeeServiceImpl - Removing employee 6309fa4c-994d-4ffe-bdd1-2e3459aaa964 from team TEAM006
2025-12-11 01:59:16.501 [http-nio-8080-exec-1] DEBUG org.springframework.web.servlet.mvc.method.annotation.ExceptionHandlerExceptionResolver - Using @ExceptionHandler com.uit.sociusmvcapp.exception.GlobalExceptionHandler#handleUnwantedException(Exception)
2025-12-11 01:59:16.501 [http-nio-8080-exec-1] ERROR com.uit.sociusmvcapp.exception.GlobalExceptionHandler - Unexpected error: 
### Error updating database.  Cause: org.postgresql.util.PSQLException: ERROR: duplicate key value violates unique constraint "team_employees_employee_id_team_code_delete_flag_key"
  Detail: Key (employee_id, team_code, delete_flag)=(6309fa4c-994d-4ffe-bdd1-2e3459aaa964, TEAM006, 1) already exists.
### The error may exist in URL [jar:file:/D:/Study_space/Cong_nghe_web_ung_dung/Socius/socius-core-modules/build/libs/socius-core-modules-1.0-SNAPSHOT-plain.jar!/mappers/TeamEmployeeMapper.xml]
### The error may involve defaultParameterMap
### The error occurred while setting parameters
### SQL: UPDATE team_employees         SET delete_flag = 1,             deleted_at = CURRENT_TIMESTAMP         WHERE team_code = ?           AND employee_id = ?
### Cause: org.postgresql.util.PSQLException: ERROR: duplicate key value violates unique constraint "team_employees_employee_id_team_code_delete_flag_key"
  Detail: Key (employee_id, team_code, delete_flag)=(6309fa4c-994d-4ffe-bdd1-2e3459aaa964, TEAM006, 1) already exists.
; ERROR: duplicate key value violates unique constraint "team_employees_employee_id_team_code_delete_flag_key"
  Detail: Key (employee_id, team_code, delete_flag)=(6309fa4c-994d-4ffe-bdd1-2e3459aaa964, TEAM006, 1) already exists.
org.springframework.dao.DuplicateKeyException: 
### Error updating database.  Cause: org.postgresql.util.PSQLException: ERROR: duplicate key value violates unique constraint "team_employees_employee_id_team_code_delete_flag_key"
  Detail: Key (employee_id, team_code, delete_flag)=(6309fa4c-994d-4ffe-bdd1-2e3459aaa964, TEAM006, 1) already exists.
### The error may exist in URL [jar:file:/D:/Study_space/Cong_nghe_web_ung_dung/Socius/socius-core-modules/build/libs/socius-core-modules-1.0-SNAPSHOT-plain.jar!/mappers/TeamEmployeeMapper.xml]
### The error may involve defaultParameterMap
### The error occurred while setting parameters
### SQL: UPDATE team_employees         SET delete_flag = 1,             deleted_at = CURRENT_TIMESTAMP         WHERE team_code = ?           AND employee_id = ?
### Cause: org.postgresql.util.PSQLException: ERROR: duplicate key value violates unique constraint "team_employees_employee_id_team_code_delete_flag_key"
  Detail: Key (employee_id, team_code, delete_flag)=(6309fa4c-994d-4ffe-bdd1-2e3459aaa964, TEAM006, 1) already exists.
; ERROR: duplicate key value violates unique constraint "team_employees_employee_id_team_code_delete_flag_key"
  Detail: Key (employee_id, team_code, delete_flag)=(6309fa4c-994d-4ffe-bdd1-2e3459aaa964, TEAM006, 1) already exists.
	at org.springframework.jdbc.support.SQLErrorCodeSQLExceptionTranslator.doTranslate(SQLErrorCodeSQLExceptionTranslator.java:254) ~[spring-jdbc-6.2.11.jar:6.2.11]
	at org.springframework.jdbc.support.AbstractFallbackSQLExceptionTranslator.translate(AbstractFallbackSQLExceptionTranslator.java:107) ~[spring-jdbc-6.2.11.jar:6.2.11]
	at org.mybatis.spring.MyBatisExceptionTranslator.translateExceptionIfPossible(MyBatisExceptionTranslator.java:95) ~[mybatis-spring-3.0.5.jar:3.0.5]
	at org.mybatis.spring.SqlSessionTemplate$SqlSessionInterceptor.invoke(SqlSessionTemplate.java:347) ~[mybatis-spring-3.0.5.jar:3.0.5]
	at jdk.proxy2/jdk.proxy2.$Proxy120.update(Unknown Source) ~[?:?]
	at org.mybatis.spring.SqlSessionTemplate.update(SqlSessionTemplate.java:234) ~[mybatis-spring-3.0.5.jar:3.0.5]
	at org.apache.ibatis.binding.MapperMethod.execute(MapperMethod.java:67) ~[mybatis-3.5.19.jar:3.5.19]
	at org.apache.ibatis.binding.MapperProxy$PlainMethodInvoker.invoke(MapperProxy.java:141) ~[mybatis-3.5.19.jar:3.5.19]
	at org.apache.ibatis.binding.MapperProxy.invoke(MapperProxy.java:86) ~[mybatis-3.5.19.jar:3.5.19]
	at jdk.proxy2/jdk.proxy2.$Proxy131.softDelete(Unknown Source) ~[?:?]
	at com.uit.sociuscoremodules.teamemployee.repository.TeamEmployeeRepository.softDelete(TeamEmployeeRepository.java:74) ~[socius-core-modules-1.0-SNAPSHOT-plain.jar:?]
	at java.base/jdk.internal.reflect.NativeMethodAccessorImpl.invoke0(Native Method) ~[?:?]
	at java.base/jdk.internal.reflect.NativeMethodAccessorImpl.invoke(NativeMethodAccessorImpl.java:77) ~[?:?]
	at java.base/jdk.internal.reflect.DelegatingMethodAccessorImpl.invoke(DelegatingMethodAccessorImpl.java:43) ~[?:?]
	at java.base/java.lang.reflect.Method.invoke(Method.java:568) ~[?:?]
	at org.springframework.aop.support.AopUtils.invokeJoinpointUsingReflection(AopUtils.java:360) ~[spring-aop-6.2.11.jar:6.2.11]
	at org.springframework.aop.framework.ReflectiveMethodInvocation.invokeJoinpoint(ReflectiveMethodInvocation.java:196) ~[spring-aop-6.2.11.jar:6.2.11]
	at org.springframework.aop.framework.ReflectiveMethodInvocation.proceed(ReflectiveMethodInvocation.java:163) ~[spring-aop-6.2.11.jar:6.2.11]
	at org.springframework.dao.support.PersistenceExceptionTranslationInterceptor.invoke(PersistenceExceptionTranslationInterceptor.java:138) ~[spring-tx-6.2.11.jar:6.2.11]
	at org.springframework.aop.framework.ReflectiveMethodInvocation.proceed(ReflectiveMethodInvocation.java:184) ~[spring-aop-6.2.11.jar:6.2.11]
	at org.springframework.aop.framework.CglibAopProxy$DynamicAdvisedInterceptor.intercept(CglibAopProxy.java:728) ~[spring-aop-6.2.11.jar:6.2.11]
	at com.uit.sociuscoremodules.teamemployee.repository.TeamEmployeeRepository$$SpringCGLIB$$0.softDelete(<generated>) ~[socius-core-modules-1.0-SNAPSHOT-plain.jar:?]
	at com.uit.sociuscoremodules.teamemployee.service.impl.TeamEmployeeServiceImpl.removeEmployeeFromTeam(TeamEmployeeServiceImpl.java:211) ~[socius-core-modules-1.0-SNAPSHOT-plain.jar:?]
	at com.uit.sociusmvcapp.endpoint.TeamEmployeeController.removeEmployeeFromTeam(TeamEmployeeController.java:104) ~[main/:?]
	at java.base/jdk.internal.reflect.NativeMethodAccessorImpl.invoke0(Native Method) ~[?:?]
	at java.base/jdk.internal.reflect.NativeMethodAccessorImpl.invoke(NativeMethodAccessorImpl.java:77) ~[?:?]
	at java.base/jdk.internal.reflect.DelegatingMethodAccessorImpl.invoke(DelegatingMethodAccessorImpl.java:43) ~[?:?]
	at java.base/java.lang.reflect.Method.invoke(Method.java:568) ~[?:?]
	at org.springframework.web.method.support.InvocableHandlerMethod.doInvoke(InvocableHandlerMethod.java:258) ~[spring-web-6.2.11.jar:6.2.11]
	at org.springframework.web.method.support.InvocableHandlerMethod.invokeForRequest(InvocableHandlerMethod.java:191) ~[spring-web-6.2.11.jar:6.2.11]
	at org.springframework.web.servlet.mvc.method.annotation.ServletInvocableHandlerMethod.invokeAndHandle(ServletInvocableHandlerMethod.java:118) ~[spring-webmvc-6.2.11.jar:6.2.11]
	at org.springframework.web.servlet.mvc.method.annotation.RequestMappingHandlerAdapter.invokeHandlerMethod(RequestMappingHandlerAdapter.java:991) ~[spring-webmvc-6.2.11.jar:6.2.11]
	at org.springframework.web.servlet.mvc.method.annotation.RequestMappingHandlerAdapter.handleInternal(RequestMappingHandlerAdapter.java:896) ~[spring-webmvc-6.2.11.jar:6.2.11]
	at org.springframework.web.servlet.mvc.method.AbstractHandlerMethodAdapter.handle(AbstractHandlerMethodAdapter.java:87) ~[spring-webmvc-6.2.11.jar:6.2.11]
	at org.springframework.web.servlet.DispatcherServlet.doDispatch(DispatcherServlet.java:1089) ~[spring-webmvc-6.2.11.jar:6.2.11]
	at org.springframework.web.servlet.DispatcherServlet.doService(DispatcherServlet.java:979) ~[spring-webmvc-6.2.11.jar:6.2.11]
	at org.springframework.web.servlet.FrameworkServlet.processRequest(FrameworkServlet.java:1014) ~[spring-webmvc-6.2.11.jar:6.2.11]
	at org.springframework.web.servlet.FrameworkServlet.doDelete(FrameworkServlet.java:936) ~[spring-webmvc-6.2.11.jar:6.2.11]
	at jakarta.servlet.http.HttpServlet.service(HttpServlet.java:596) ~[tomcat-embed-core-10.1.46.jar:6.0]
	at org.springframework.web.servlet.FrameworkServlet.service(FrameworkServlet.java:885) ~[spring-webmvc-6.2.11.jar:6.2.11]
	at jakarta.servlet.http.HttpServlet.service(HttpServlet.java:658) ~[tomcat-embed-core-10.1.46.jar:6.0]
	at org.apache.catalina.core.ApplicationFilterChain.internalDoFilter(ApplicationFilterChain.java:195) ~[tomcat-embed-core-10.1.46.jar:10.1.46]
	at org.apache.catalina.core.ApplicationFilterChain.doFilter(ApplicationFilterChain.java:140) ~[tomcat-embed-core-10.1.46.jar:10.1.46]
	at org.apache.tomcat.websocket.server.WsFilter.doFilter(WsFilter.java:51) ~[tomcat-embed-websocket-10.1.46.jar:10.1.46]
	at org.apache.catalina.core.ApplicationFilterChain.internalDoFilter(ApplicationFilterChain.java:164) ~[tomcat-embed-core-10.1.46.jar:10.1.46]
	at org.apache.catalina.core.ApplicationFilterChain.doFilter(ApplicationFilterChain.java:140) ~[tomcat-embed-core-10.1.46.jar:10.1.46]
	at org.springframework.web.filter.CompositeFilter$VirtualFilterChain.doFilter(CompositeFilter.java:108) ~[spring-web-6.2.11.jar:6.2.11]
	at org.springframework.web.filter.CompositeFilter$VirtualFilterChain.doFilter(CompositeFilter.java:108) ~[spring-web-6.2.11.jar:6.2.11]
	at org.springframework.security.web.FilterChainProxy.lambda$doFilterInternal$3(FilterChainProxy.java:231) ~[spring-security-web-6.5.5.jar:6.5.5]
	at org.springframework.security.web.ObservationFilterChainDecorator$FilterObservation$SimpleFilterObservation.lambda$wrap$1(ObservationFilterChainDecorator.java:490) ~[spring-security-web-6.5.5.jar:6.5.5]
	at org.springframework.security.web.ObservationFilterChainDecorator$AroundFilterObservation$SimpleAroundFilterObservation.lambda$wrap$1(ObservationFilterChainDecorator.java:351) ~[spring-security-web-6.5.5.jar:6.5.5]
	at org.springframework.security.web.ObservationFilterChainDecorator.lambda$wrapSecured$0(ObservationFilterChainDecorator.java:83) ~[spring-security-web-6.5.5.jar:6.5.5]
	at org.springframework.security.web.ObservationFilterChainDecorator$VirtualFilterChain.doFilter(ObservationFilterChainDecorator.java:129) ~[spring-security-web-6.5.5.jar:6.5.5]
	at org.springframework.security.web.access.intercept.AuthorizationFilter.doFilter(AuthorizationFilter.java:101) ~[spring-security-web-6.5.5.jar:6.5.5]
	at org.springframework.security.web.ObservationFilterChainDecorator$ObservationFilter.wrapFilter(ObservationFilterChainDecorator.java:241) ~[spring-security-web-6.5.5.jar:6.5.5]
	at org.springframework.security.web.ObservationFilterChainDecorator$ObservationFilter.doFilter(ObservationFilterChainDecorator.java:228) ~[spring-security-web-6.5.5.jar:6.5.5]
	at org.springframework.security.web.ObservationFilterChainDecorator$VirtualFilterChain.doFilter(ObservationFilterChainDecorator.java:138) ~[spring-security-web-6.5.5.jar:6.5.5]
	at org.springframework.security.web.access.ExceptionTranslationFilter.doFilter(ExceptionTranslationFilter.java:125) ~[spring-security-web-6.5.5.jar:6.5.5]
	at org.springframework.security.web.access.ExceptionTranslationFilter.doFilter(ExceptionTranslationFilter.java:119) ~[spring-security-web-6.5.5.jar:6.5.5]
	at org.springframework.security.web.ObservationFilterChainDecorator$ObservationFilter.wrapFilter(ObservationFilterChainDecorator.java:241) ~[spring-security-web-6.5.5.jar:6.5.5]
	at org.springframework.security.web.ObservationFilterChainDecorator$ObservationFilter.doFilter(ObservationFilterChainDecorator.java:228) ~[spring-security-web-6.5.5.jar:6.5.5]
	at org.springframework.security.web.ObservationFilterChainDecorator$VirtualFilterChain.doFilter(ObservationFilterChainDecorator.java:138) ~[spring-security-web-6.5.5.jar:6.5.5]
	at org.springframework.security.web.session.SessionManagementFilter.doFilter(SessionManagementFilter.java:131) ~[spring-security-web-6.5.5.jar:6.5.5]
	at org.springframework.security.web.session.SessionManagementFilter.doFilter(SessionManagementFilter.java:85) ~[spring-security-web-6.5.5.jar:6.5.5]
	at org.springframework.security.web.ObservationFilterChainDecorator$ObservationFilter.wrapFilter(ObservationFilterChainDecorator.java:241) ~[spring-security-web-6.5.5.jar:6.5.5]
	at org.springframework.security.web.ObservationFilterChainDecorator$ObservationFilter.doFilter(ObservationFilterChainDecorator.java:228) ~[spring-security-web-6.5.5.jar:6.5.5]
	at org.springframework.security.web.ObservationFilterChainDecorator$VirtualFilterChain.doFilter(ObservationFilterChainDecorator.java:138) ~[spring-security-web-6.5.5.jar:6.5.5]
	at org.springframework.security.web.authentication.AnonymousAuthenticationFilter.doFilter(AnonymousAuthenticationFilter.java:100) ~[spring-security-web-6.5.5.jar:6.5.5]
	at org.springframework.security.web.ObservationFilterChainDecorator$ObservationFilter.wrapFilter(ObservationFilterChainDecorator.java:241) ~[spring-security-web-6.5.5.jar:6.5.5]
	at org.springframework.security.web.ObservationFilterChainDecorator$ObservationFilter.doFilter(ObservationFilterChainDecorator.java:228) ~[spring-security-web-6.5.5.jar:6.5.5]
	at org.springframework.security.web.ObservationFilterChainDecorator$VirtualFilterChain.doFilter(ObservationFilterChainDecorator.java:138) ~[spring-security-web-6.5.5.jar:6.5.5]
	at org.springframework.security.web.servletapi.SecurityContextHolderAwareRequestFilter.doFilter(SecurityContextHolderAwareRequestFilter.java:179) ~[spring-security-web-6.5.5.jar:6.5.5]
	at org.springframework.security.web.ObservationFilterChainDecorator$ObservationFilter.wrapFilter(ObservationFilterChainDecorator.java:241) ~[spring-security-web-6.5.5.jar:6.5.5]
	at org.springframework.security.web.ObservationFilterChainDecorator$ObservationFilter.doFilter(ObservationFilterChainDecorator.java:228) ~[spring-security-web-6.5.5.jar:6.5.5]
	at org.springframework.security.web.ObservationFilterChainDecorator$VirtualFilterChain.doFilter(ObservationFilterChainDecorator.java:138) ~[spring-security-web-6.5.5.jar:6.5.5]
	at org.springframework.security.web.savedrequest.RequestCacheAwareFilter.doFilter(RequestCacheAwareFilter.java:63) ~[spring-security-web-6.5.5.jar:6.5.5]
	at org.springframework.security.web.ObservationFilterChainDecorator$ObservationFilter.wrapFilter(ObservationFilterChainDecorator.java:241) ~[spring-security-web-6.5.5.jar:6.5.5]
	at org.springframework.security.web.ObservationFilterChainDecorator$ObservationFilter.doFilter(ObservationFilterChainDecorator.java:228) ~[spring-security-web-6.5.5.jar:6.5.5]
	at org.springframework.security.web.ObservationFilterChainDecorator$VirtualFilterChain.doFilter(ObservationFilterChainDecorator.java:138) ~[spring-security-web-6.5.5.jar:6.5.5]
	at com.uit.sociusmvcapp.security.AuthorizationFilter.doFilterInternal(AuthorizationFilter.java:72) ~[main/:?]
	at org.springframework.web.filter.OncePerRequestFilter.doFilter(OncePerRequestFilter.java:116) ~[spring-web-6.2.11.jar:6.2.11]
	at org.springframework.security.web.ObservationFilterChainDecorator$ObservationFilter.wrapFilter(ObservationFilterChainDecorator.java:241) ~[spring-security-web-6.5.5.jar:6.5.5]
	at org.springframework.security.web.ObservationFilterChainDecorator$ObservationFilter.doFilter(ObservationFilterChainDecorator.java:228) ~[spring-security-web-6.5.5.jar:6.5.5]
	at org.springframework.security.web.ObservationFilterChainDecorator$VirtualFilterChain.doFilter(ObservationFilterChainDecorator.java:138) ~[spring-security-web-6.5.5.jar:6.5.5]
	at org.springframework.security.web.authentication.logout.LogoutFilter.doFilter(LogoutFilter.java:107) ~[spring-security-web-6.5.5.jar:6.5.5]
	at org.springframework.security.web.authentication.logout.LogoutFilter.doFilter(LogoutFilter.java:93) ~[spring-security-web-6.5.5.jar:6.5.5]
	at org.springframework.security.web.ObservationFilterChainDecorator$ObservationFilter.wrapFilter(ObservationFilterChainDecorator.java:241) ~[spring-security-web-6.5.5.jar:6.5.5]
	at org.springframework.security.web.ObservationFilterChainDecorator$ObservationFilter.doFilter(ObservationFilterChainDecorator.java:228) ~[spring-security-web-6.5.5.jar:6.5.5]
	at org.springframework.security.web.ObservationFilterChainDecorator$VirtualFilterChain.doFilter(ObservationFilterChainDecorator.java:138) ~[spring-security-web-6.5.5.jar:6.5.5]
	at org.springframework.web.filter.CorsFilter.doFilterInternal(CorsFilter.java:91) ~[spring-web-6.2.11.jar:6.2.11]
	at org.springframework.web.filter.OncePerRequestFilter.doFilter(OncePerRequestFilter.java:116) ~[spring-web-6.2.11.jar:6.2.11]
	at org.springframework.security.web.ObservationFilterChainDecorator$ObservationFilter.wrapFilter(ObservationFilterChainDecorator.java:241) ~[spring-security-web-6.5.5.jar:6.5.5]
	at org.springframework.security.web.ObservationFilterChainDecorator$ObservationFilter.doFilter(ObservationFilterChainDecorator.java:228) ~[spring-security-web-6.5.5.jar:6.5.5]
	at org.springframework.security.web.ObservationFilterChainDecorator$VirtualFilterChain.doFilter(ObservationFilterChainDecorator.java:138) ~[spring-security-web-6.5.5.jar:6.5.5]
	at org.springframework.security.web.header.HeaderWriterFilter.doHeadersAfter(HeaderWriterFilter.java:90) ~[spring-security-web-6.5.5.jar:6.5.5]
	at org.springframework.security.web.header.HeaderWriterFilter.doFilterInternal(HeaderWriterFilter.java:75) ~[spring-security-web-6.5.5.jar:6.5.5]
	at org.springframework.web.filter.OncePerRequestFilter.doFilter(OncePerRequestFilter.java:116) ~[spring-web-6.2.11.jar:6.2.11]
	at org.springframework.security.web.ObservationFilterChainDecorator$ObservationFilter.wrapFilter(ObservationFilterChainDecorator.java:241) ~[spring-security-web-6.5.5.jar:6.5.5]
	at org.springframework.security.web.ObservationFilterChainDecorator$ObservationFilter.doFilter(ObservationFilterChainDecorator.java:228) ~[spring-security-web-6.5.5.jar:6.5.5]
	at org.springframework.security.web.ObservationFilterChainDecorator$VirtualFilterChain.doFilter(ObservationFilterChainDecorator.java:138) ~[spring-security-web-6.5.5.jar:6.5.5]
	at org.springframework.security.web.context.SecurityContextHolderFilter.doFilter(SecurityContextHolderFilter.java:82) ~[spring-security-web-6.5.5.jar:6.5.5]
	at org.springframework.security.web.context.SecurityContextHolderFilter.doFilter(SecurityContextHolderFilter.java:69) ~[spring-security-web-6.5.5.jar:6.5.5]
	at org.springframework.security.web.ObservationFilterChainDecorator$ObservationFilter.wrapFilter(ObservationFilterChainDecorator.java:241) ~[spring-security-web-6.5.5.jar:6.5.5]
	at org.springframework.security.web.ObservationFilterChainDecorator$ObservationFilter.doFilter(ObservationFilterChainDecorator.java:228) ~[spring-security-web-6.5.5.jar:6.5.5]
	at org.springframework.security.web.ObservationFilterChainDecorator$VirtualFilterChain.doFilter(ObservationFilterChainDecorator.java:138) ~[spring-security-web-6.5.5.jar:6.5.5]
	at org.springframework.security.web.context.request.async.WebAsyncManagerIntegrationFilter.doFilterInternal(WebAsyncManagerIntegrationFilter.java:62) ~[spring-security-web-6.5.5.jar:6.5.5]
	at org.springframework.web.filter.OncePerRequestFilter.doFilter(OncePerRequestFilter.java:116) ~[spring-web-6.2.11.jar:6.2.11]
	at org.springframework.security.web.ObservationFilterChainDecorator$ObservationFilter.wrapFilter(ObservationFilterChainDecorator.java:241) ~[spring-security-web-6.5.5.jar:6.5.5]
	at org.springframework.security.web.ObservationFilterChainDecorator$ObservationFilter.doFilter(ObservationFilterChainDecorator.java:228) ~[spring-security-web-6.5.5.jar:6.5.5]
	at org.springframework.security.web.ObservationFilterChainDecorator$VirtualFilterChain.doFilter(ObservationFilterChainDecorator.java:138) ~[spring-security-web-6.5.5.jar:6.5.5]
	at org.springframework.security.web.session.DisableEncodeUrlFilter.doFilterInternal(DisableEncodeUrlFilter.java:42) ~[spring-security-web-6.5.5.jar:6.5.5]
	at org.springframework.web.filter.OncePerRequestFilter.doFilter(OncePerRequestFilter.java:116) ~[spring-web-6.2.11.jar:6.2.11]
	at org.springframework.security.web.ObservationFilterChainDecorator$ObservationFilter.wrapFilter(ObservationFilterChainDecorator.java:241) ~[spring-security-web-6.5.5.jar:6.5.5]
	at org.springframework.security.web.ObservationFilterChainDecorator$AroundFilterObservation$SimpleAroundFilterObservation.lambda$wrap$0(ObservationFilterChainDecorator.java:334) ~[spring-security-web-6.5.5.jar:6.5.5]
	at org.springframework.security.web.ObservationFilterChainDecorator$ObservationFilter.doFilter(ObservationFilterChainDecorator.java:225) ~[spring-security-web-6.5.5.jar:6.5.5]
	at org.springframework.security.web.ObservationFilterChainDecorator$VirtualFilterChain.doFilter(ObservationFilterChainDecorator.java:138) ~[spring-security-web-6.5.5.jar:6.5.5]
	at org.springframework.security.web.FilterChainProxy.doFilterInternal(FilterChainProxy.java:233) ~[spring-security-web-6.5.5.jar:6.5.5]
	at org.springframework.security.web.FilterChainProxy.doFilter(FilterChainProxy.java:191) ~[spring-security-web-6.5.5.jar:6.5.5]
	at org.springframework.web.filter.CompositeFilter$VirtualFilterChain.doFilter(CompositeFilter.java:113) ~[spring-web-6.2.11.jar:6.2.11]
	at org.springframework.web.filter.ServletRequestPathFilter.doFilter(ServletRequestPathFilter.java:52) ~[spring-web-6.2.11.jar:6.2.11]
	at org.springframework.web.filter.CompositeFilter$VirtualFilterChain.doFilter(CompositeFilter.java:113) ~[spring-web-6.2.11.jar:6.2.11]
	at org.springframework.web.filter.CompositeFilter.doFilter(CompositeFilter.java:74) ~[spring-web-6.2.11.jar:6.2.11]
	at org.springframework.security.config.annotation.web.configuration.WebSecurityConfiguration$CompositeFilterChainProxy.doFilter(WebSecurityConfiguration.java:319) ~[spring-security-config-6.5.5.jar:6.5.5]
	at org.springframework.web.filter.CompositeFilter$VirtualFilterChain.doFilter(CompositeFilter.java:113) ~[spring-web-6.2.11.jar:6.2.11]
	at org.springframework.web.servlet.handler.HandlerMappingIntrospector.lambda$createCacheFilter$4(HandlerMappingIntrospector.java:267) ~[spring-webmvc-6.2.11.jar:6.2.11]
	at org.springframework.web.filter.CompositeFilter$VirtualFilterChain.doFilter(CompositeFilter.java:113) [spring-web-6.2.11.jar:6.2.11]
	at org.springframework.web.filter.CompositeFilter.doFilter(CompositeFilter.java:74) [spring-web-6.2.11.jar:6.2.11]
	at org.springframework.security.config.annotation.web.configuration.WebMvcSecurityConfiguration$CompositeFilterChainProxy.doFilter(WebMvcSecurityConfiguration.java:240) [spring-security-config-6.5.5.jar:6.5.5]
	at org.springframework.web.filter.DelegatingFilterProxy.invokeDelegate(DelegatingFilterProxy.java:362) [spring-web-6.2.11.jar:6.2.11]
	at org.springframework.web.filter.DelegatingFilterProxy.doFilter(DelegatingFilterProxy.java:278) [spring-web-6.2.11.jar:6.2.11]
	at org.apache.catalina.core.ApplicationFilterChain.internalDoFilter(ApplicationFilterChain.java:164) [tomcat-embed-core-10.1.46.jar:10.1.46]
	at org.apache.catalina.core.ApplicationFilterChain.doFilter(ApplicationFilterChain.java:140) [tomcat-embed-core-10.1.46.jar:10.1.46]
	at org.springframework.web.filter.RequestContextFilter.doFilterInternal(RequestContextFilter.java:100) [spring-web-6.2.11.jar:6.2.11]
	at org.springframework.web.filter.OncePerRequestFilter.doFilter(OncePerRequestFilter.java:116) [spring-web-6.2.11.jar:6.2.11]
	at org.apache.catalina.core.ApplicationFilterChain.internalDoFilter(ApplicationFilterChain.java:164) [tomcat-embed-core-10.1.46.jar:10.1.46]
	at org.apache.catalina.core.ApplicationFilterChain.doFilter(ApplicationFilterChain.java:140) [tomcat-embed-core-10.1.46.jar:10.1.46]
	at org.springframework.web.filter.FormContentFilter.doFilterInternal(FormContentFilter.java:93) [spring-web-6.2.11.jar:6.2.11]
	at org.springframework.web.filter.OncePerRequestFilter.doFilter(OncePerRequestFilter.java:116) [spring-web-6.2.11.jar:6.2.11]
	at org.apache.catalina.core.ApplicationFilterChain.internalDoFilter(ApplicationFilterChain.java:164) [tomcat-embed-core-10.1.46.jar:10.1.46]
	at org.apache.catalina.core.ApplicationFilterChain.doFilter(ApplicationFilterChain.java:140) [tomcat-embed-core-10.1.46.jar:10.1.46]
	at org.springframework.web.filter.ServerHttpObservationFilter.doFilterInternal(ServerHttpObservationFilter.java:110) [spring-web-6.2.11.jar:6.2.11]
	at org.springframework.web.filter.OncePerRequestFilter.doFilter(OncePerRequestFilter.java:116) [spring-web-6.2.11.jar:6.2.11]
	at org.apache.catalina.core.ApplicationFilterChain.internalDoFilter(ApplicationFilterChain.java:164) [tomcat-embed-core-10.1.46.jar:10.1.46]
	at org.apache.catalina.core.ApplicationFilterChain.doFilter(ApplicationFilterChain.java:140) [tomcat-embed-core-10.1.46.jar:10.1.46]
	at org.springframework.web.filter.CharacterEncodingFilter.doFilterInternal(CharacterEncodingFilter.java:201) [spring-web-6.2.11.jar:6.2.11]
	at org.springframework.web.filter.OncePerRequestFilter.doFilter(OncePerRequestFilter.java:116) [spring-web-6.2.11.jar:6.2.11]
	at org.apache.catalina.core.ApplicationFilterChain.internalDoFilter(ApplicationFilterChain.java:164) [tomcat-embed-core-10.1.46.jar:10.1.46]
	at org.apache.catalina.core.ApplicationFilterChain.doFilter(ApplicationFilterChain.java:140) [tomcat-embed-core-10.1.46.jar:10.1.46]
	at org.apache.catalina.core.StandardWrapperValve.invoke(StandardWrapperValve.java:167) [tomcat-embed-core-10.1.46.jar:10.1.46]
	at org.apache.catalina.core.StandardContextValve.invoke(StandardContextValve.java:90) [tomcat-embed-core-10.1.46.jar:10.1.46]
	at org.apache.catalina.authenticator.AuthenticatorBase.invoke(AuthenticatorBase.java:483) [tomcat-embed-core-10.1.46.jar:10.1.46]
	at org.apache.catalina.core.StandardHostValve.invoke(StandardHostValve.java:116) [tomcat-embed-core-10.1.46.jar:10.1.46]
	at org.apache.catalina.valves.ErrorReportValve.invoke(ErrorReportValve.java:93) [tomcat-embed-core-10.1.46.jar:10.1.46]
	at org.apache.catalina.core.StandardEngineValve.invoke(StandardEngineValve.java:74) [tomcat-embed-core-10.1.46.jar:10.1.46]
	at org.apache.catalina.connector.CoyoteAdapter.service(CoyoteAdapter.java:344) [tomcat-embed-core-10.1.46.jar:10.1.46]
	at org.apache.coyote.http11.Http11Processor.service(Http11Processor.java:398) [tomcat-embed-core-10.1.46.jar:10.1.46]
	at org.apache.coyote.AbstractProcessorLight.process(AbstractProcessorLight.java:63) [tomcat-embed-core-10.1.46.jar:10.1.46]
	at org.apache.coyote.AbstractProtocol$ConnectionHandler.process(AbstractProtocol.java:903) [tomcat-embed-core-10.1.46.jar:10.1.46]
	at org.apache.tomcat.util.net.NioEndpoint$SocketProcessor.doRun(NioEndpoint.java:1776) [tomcat-embed-core-10.1.46.jar:10.1.46]
	at org.apache.tomcat.util.net.SocketProcessorBase.run(SocketProcessorBase.java:52) [tomcat-embed-core-10.1.46.jar:10.1.46]
	at org.apache.tomcat.util.threads.ThreadPoolExecutor.runWorker(ThreadPoolExecutor.java:975) [tomcat-embed-core-10.1.46.jar:10.1.46]
	at org.apache.tomcat.util.threads.ThreadPoolExecutor$Worker.run(ThreadPoolExecutor.java:493) [tomcat-embed-core-10.1.46.jar:10.1.46]
	at org.apache.tomcat.util.threads.TaskThread$WrappingRunnable.run(TaskThread.java:63) [tomcat-embed-core-10.1.46.jar:10.1.46]
	at java.base/java.lang.Thread.run(Thread.java:842) [?:?]
Caused by: org.postgresql.util.PSQLException: ERROR: duplicate key value violates unique constraint "team_employees_employee_id_team_code_delete_flag_key"
  Detail: Key (employee_id, team_code, delete_flag)=(6309fa4c-994d-4ffe-bdd1-2e3459aaa964, TEAM006, 1) already exists.
	at org.postgresql.core.v3.QueryExecutorImpl.receiveErrorResponse(QueryExecutorImpl.java:2734) ~[postgresql-42.7.7.jar:42.7.7]
	at org.postgresql.core.v3.QueryExecutorImpl.processResults(QueryExecutorImpl.java:2421) ~[postgresql-42.7.7.jar:42.7.7]
	at org.postgresql.core.v3.QueryExecutorImpl.execute(QueryExecutorImpl.java:372) ~[postgresql-42.7.7.jar:42.7.7]
	at org.postgresql.jdbc.PgStatement.executeInternal(PgStatement.java:518) ~[postgresql-42.7.7.jar:42.7.7]
	at org.postgresql.jdbc.PgStatement.execute(PgStatement.java:435) ~[postgresql-42.7.7.jar:42.7.7]
	at org.postgresql.jdbc.PgPreparedStatement.executeWithFlags(PgPreparedStatement.java:196) ~[postgresql-42.7.7.jar:42.7.7]
	at org.postgresql.jdbc.PgPreparedStatement.execute(PgPreparedStatement.java:182) ~[postgresql-42.7.7.jar:42.7.7]
	at com.zaxxer.hikari.pool.ProxyPreparedStatement.execute(ProxyPreparedStatement.java:44) ~[HikariCP-6.3.3.jar:?]
	at com.zaxxer.hikari.pool.HikariProxyPreparedStatement.execute(HikariProxyPreparedStatement.java) ~[HikariCP-6.3.3.jar:?]
	at jdk.internal.reflect.GeneratedMethodAccessor29.invoke(Unknown Source) ~[?:?]
	at java.base/jdk.internal.reflect.DelegatingMethodAccessorImpl.invoke(DelegatingMethodAccessorImpl.java:43) ~[?:?]
	at java.base/java.lang.reflect.Method.invoke(Method.java:568) ~[?:?]
	at org.apache.ibatis.logging.jdbc.PreparedStatementLogger.invoke(PreparedStatementLogger.java:58) ~[mybatis-3.5.19.jar:3.5.19]
	at jdk.proxy3/jdk.proxy3.$Proxy149.execute(Unknown Source) ~[?:?]
	at org.apache.ibatis.executor.statement.PreparedStatementHandler.update(PreparedStatementHandler.java:48) ~[mybatis-3.5.19.jar:3.5.19]
	at org.apache.ibatis.executor.statement.RoutingStatementHandler.update(RoutingStatementHandler.java:75) ~[mybatis-3.5.19.jar:3.5.19]
	at org.apache.ibatis.executor.SimpleExecutor.doUpdate(SimpleExecutor.java:50) ~[mybatis-3.5.19.jar:3.5.19]
	at org.apache.ibatis.executor.BaseExecutor.update(BaseExecutor.java:117) ~[mybatis-3.5.19.jar:3.5.19]
	at org.apache.ibatis.executor.CachingExecutor.update(CachingExecutor.java:76) ~[mybatis-3.5.19.jar:3.5.19]
	at org.apache.ibatis.session.defaults.DefaultSqlSession.update(DefaultSqlSession.java:197) ~[mybatis-3.5.19.jar:3.5.19]
	at java.base/jdk.internal.reflect.NativeMethodAccessorImpl.invoke0(Native Method) ~[?:?]
	at java.base/jdk.internal.reflect.NativeMethodAccessorImpl.invoke(NativeMethodAccessorImpl.java:77) ~[?:?]
	at java.base/jdk.internal.reflect.DelegatingMethodAccessorImpl.invoke(DelegatingMethodAccessorImpl.java:43) ~[?:?]
	at java.base/java.lang.reflect.Method.invoke(Method.java:568) ~[?:?]
	at org.mybatis.spring.SqlSessionTemplate$SqlSessionInterceptor.invoke(SqlSessionTemplate.java:333) ~[mybatis-spring-3.0.5.jar:3.0.5]
	... 160 more
2025-12-11 01:59:16.504 [http-nio-8080-exec-1] DEBUG org.springframework.web.servlet.mvc.method.annotation.HttpEntityMethodProcessor - Using 'application/json', given [*/*] and supported [application/json, application/*+json]
2025-12-11 01:59:16.504 [http-nio-8080-exec-1] DEBUG org.springframework.web.servlet.mvc.method.annotation.HttpEntityMethodProcessor - Writing [com.uit.sociuscoremodules.shared.response.Response@6ec2e53e]
2025-12-11 01:59:16.506 [http-nio-8080-exec-1] WARN  org.springframework.web.servlet.mvc.method.annotation.ExceptionHandlerExceptionResolver - Resolved [org.springframework.dao.DuplicateKeyException: <EOL><EOL>### Error updating database.  Cause: org.postgresql.util.PSQLException: ERROR: duplicate key value violates unique constraint "team_employees_employee_id_team_code_delete_flag_key"<EOL>  Detail: Key (employee_id, team_code, delete_flag)=(6309fa4c-994d-4ffe-bdd1-2e3459aaa964, TEAM006, 1) already exists.<EOL><EOL>### The error may exist in URL [jar:file:/D:/Study_space/Cong_nghe_web_ung_dung/Socius/socius-core-modules/build/libs/socius-core-modules-1.0-SNAPSHOT-plain.jar!/mappers/TeamEmployeeMapper.xml]<EOL><EOL>### The error may involve defaultParameterMap<EOL><EOL>### The error occurred while setting parameters<EOL><EOL>### SQL: UPDATE team_employees         SET delete_flag = 1,             deleted_at = CURRENT_TIMESTAMP         WHERE team_code = ?           AND employee_id = ?<EOL><EOL>### Cause: org.postgresql.util.PSQLException: ERROR: duplicate key value violates unique constraint "team_employees_employee_id_team_code_delete_flag_key"<EOL>  Detail: Key (employee_id, team_code, delete_flag)=(6309fa4c-994d-4ffe-bdd1-2e3459aaa964, TEAM006, 1) already exists.<EOL>; ERROR: duplicate key value violates unique constraint "team_employees_employee_id_team_code_delete_flag_key"<EOL>  Detail: Key (employee_id, team_code, delete_flag)=(6309fa4c-994d-4ffe-bdd1-2e3459aaa964, TEAM006, 1) already exists.]
2025-12-11 01:59:16.507 [http-nio-8080-exec-1] DEBUG org.springframework.web.servlet.DispatcherServlet - Completed 500 INTERNAL_SERVER_ERROR
2025-12-11 01:59:26.847 [http-nio-8080-exec-8] DEBUG org.springframework.web.servlet.DispatcherServlet - DELETE "/api/teams/TEAM006/employees/6309fa4c-994d-4ffe-bdd1-2e3459aaa964", parameters={}
2025-12-11 01:59:26.848 [http-nio-8080-exec-8] DEBUG org.springframework.web.servlet.mvc.method.annotation.RequestMappingHandlerMapping - Mapped to com.uit.sociusmvcapp.endpoint.TeamEmployeeController#removeEmployeeFromTeam(String, String)
2025-12-11 01:59:26.849 [http-nio-8080-exec-8] INFO  com.uit.sociusmvcapp.endpoint.TeamEmployeeController - Removing employee 6309fa4c-994d-4ffe-bdd1-2e3459aaa964 from team: TEAM006
2025-12-11 01:59:26.849 [http-nio-8080-exec-8] INFO  com.uit.sociuscoremodules.teamemployee.service.impl.TeamEmployeeServiceImpl - Removing employee 6309fa4c-994d-4ffe-bdd1-2e3459aaa964 from team TEAM006
2025-12-11 01:59:27.724 [http-nio-8080-exec-8] DEBUG org.springframework.web.servlet.mvc.method.annotation.ExceptionHandlerExceptionResolver - Using @ExceptionHandler com.uit.sociusmvcapp.exception.GlobalExceptionHandler#handleUnwantedException(Exception)
2025-12-11 01:59:27.725 [http-nio-8080-exec-8] ERROR com.uit.sociusmvcapp.exception.GlobalExceptionHandler - Unexpected error: 
### Error updating database.  Cause: org.postgresql.util.PSQLException: ERROR: duplicate key value violates unique constraint "team_employees_employee_id_team_code_delete_flag_key"
  Detail: Key (employee_id, team_code, delete_flag)=(6309fa4c-994d-4ffe-bdd1-2e3459aaa964, TEAM006, 1) already exists.
### The error may exist in URL [jar:file:/D:/Study_space/Cong_nghe_web_ung_dung/Socius/socius-core-modules/build/libs/socius-core-modules-1.0-SNAPSHOT-plain.jar!/mappers/TeamEmployeeMapper.xml]
### The error may involve defaultParameterMap
### The error occurred while setting parameters
### SQL: UPDATE team_employees         SET delete_flag = 1,             deleted_at = CURRENT_TIMESTAMP         WHERE team_code = ?           AND employee_id = ?
### Cause: org.postgresql.util.PSQLException: ERROR: duplicate key value violates unique constraint "team_employees_employee_id_team_code_delete_flag_key"
  Detail: Key (employee_id, team_code, delete_flag)=(6309fa4c-994d-4ffe-bdd1-2e3459aaa964, TEAM006, 1) already exists.
; ERROR: duplicate key value violates unique constraint "team_employees_employee_id_team_code_delete_flag_key"
  Detail: Key (employee_id, team_code, delete_flag)=(6309fa4c-994d-4ffe-bdd1-2e3459aaa964, TEAM006, 1) already exists.
org.springframework.dao.DuplicateKeyException: 
### Error updating database.  Cause: org.postgresql.util.PSQLException: ERROR: duplicate key value violates unique constraint "team_employees_employee_id_team_code_delete_flag_key"
  Detail: Key (employee_id, team_code, delete_flag)=(6309fa4c-994d-4ffe-bdd1-2e3459aaa964, TEAM006, 1) already exists.
### The error may exist in URL [jar:file:/D:/Study_space/Cong_nghe_web_ung_dung/Socius/socius-core-modules/build/libs/socius-core-modules-1.0-SNAPSHOT-plain.jar!/mappers/TeamEmployeeMapper.xml]
### The error may involve defaultParameterMap
### The error occurred while setting parameters
### SQL: UPDATE team_employees         SET delete_flag = 1,             deleted_at = CURRENT_TIMESTAMP         WHERE team_code = ?           AND employee_id = ?
### Cause: org.postgresql.util.PSQLException: ERROR: duplicate key value violates unique constraint "team_employees_employee_id_team_code_delete_flag_key"
  Detail: Key (employee_id, team_code, delete_flag)=(6309fa4c-994d-4ffe-bdd1-2e3459aaa964, TEAM006, 1) already exists.
; ERROR: duplicate key value violates unique constraint "team_employees_employee_id_team_code_delete_flag_key"
  Detail: Key (employee_id, team_code, delete_flag)=(6309fa4c-994d-4ffe-bdd1-2e3459aaa964, TEAM006, 1) already exists.
	at org.springframework.jdbc.support.SQLErrorCodeSQLExceptionTranslator.doTranslate(SQLErrorCodeSQLExceptionTranslator.java:254) ~[spring-jdbc-6.2.11.jar:6.2.11]
	at org.springframework.jdbc.support.AbstractFallbackSQLExceptionTranslator.translate(AbstractFallbackSQLExceptionTranslator.java:107) ~[spring-jdbc-6.2.11.jar:6.2.11]
	at org.mybatis.spring.MyBatisExceptionTranslator.translateExceptionIfPossible(MyBatisExceptionTranslator.java:95) ~[mybatis-spring-3.0.5.jar:3.0.5]
	at org.mybatis.spring.SqlSessionTemplate$SqlSessionInterceptor.invoke(SqlSessionTemplate.java:347) ~[mybatis-spring-3.0.5.jar:3.0.5]
	at jdk.proxy2/jdk.proxy2.$Proxy120.update(Unknown Source) ~[?:?]
	at org.mybatis.spring.SqlSessionTemplate.update(SqlSessionTemplate.java:234) ~[mybatis-spring-3.0.5.jar:3.0.5]
	at org.apache.ibatis.binding.MapperMethod.execute(MapperMethod.java:67) ~[mybatis-3.5.19.jar:3.5.19]
	at org.apache.ibatis.binding.MapperProxy$PlainMethodInvoker.invoke(MapperProxy.java:141) ~[mybatis-3.5.19.jar:3.5.19]
	at org.apache.ibatis.binding.MapperProxy.invoke(MapperProxy.java:86) ~[mybatis-3.5.19.jar:3.5.19]
	at jdk.proxy2/jdk.proxy2.$Proxy131.softDelete(Unknown Source) ~[?:?]
	at com.uit.sociuscoremodules.teamemployee.repository.TeamEmployeeRepository.softDelete(TeamEmployeeRepository.java:74) ~[socius-core-modules-1.0-SNAPSHOT-plain.jar:?]
	at java.base/jdk.internal.reflect.NativeMethodAccessorImpl.invoke0(Native Method) ~[?:?]
	at java.base/jdk.internal.reflect.NativeMethodAccessorImpl.invoke(NativeMethodAccessorImpl.java:77) ~[?:?]
	at java.base/jdk.internal.reflect.DelegatingMethodAccessorImpl.invoke(DelegatingMethodAccessorImpl.java:43) ~[?:?]
	at java.base/java.lang.reflect.Method.invoke(Method.java:568) ~[?:?]
	at org.springframework.aop.support.AopUtils.invokeJoinpointUsingReflection(AopUtils.java:360) ~[spring-aop-6.2.11.jar:6.2.11]
	at org.springframework.aop.framework.ReflectiveMethodInvocation.invokeJoinpoint(ReflectiveMethodInvocation.java:196) ~[spring-aop-6.2.11.jar:6.2.11]
	at org.springframework.aop.framework.ReflectiveMethodInvocation.proceed(ReflectiveMethodInvocation.java:163) ~[spring-aop-6.2.11.jar:6.2.11]
	at org.springframework.dao.support.PersistenceExceptionTranslationInterceptor.invoke(PersistenceExceptionTranslationInterceptor.java:138) ~[spring-tx-6.2.11.jar:6.2.11]
	at org.springframework.aop.framework.ReflectiveMethodInvocation.proceed(ReflectiveMethodInvocation.java:184) ~[spring-aop-6.2.11.jar:6.2.11]
	at org.springframework.aop.framework.CglibAopProxy$DynamicAdvisedInterceptor.intercept(CglibAopProxy.java:728) ~[spring-aop-6.2.11.jar:6.2.11]
	at com.uit.sociuscoremodules.teamemployee.repository.TeamEmployeeRepository$$SpringCGLIB$$0.softDelete(<generated>) ~[socius-core-modules-1.0-SNAPSHOT-plain.jar:?]
	at com.uit.sociuscoremodules.teamemployee.service.impl.TeamEmployeeServiceImpl.removeEmployeeFromTeam(TeamEmployeeServiceImpl.java:211) ~[socius-core-modules-1.0-SNAPSHOT-plain.jar:?]
	at com.uit.sociusmvcapp.endpoint.TeamEmployeeController.removeEmployeeFromTeam(TeamEmployeeController.java:104) ~[main/:?]
	at java.base/jdk.internal.reflect.NativeMethodAccessorImpl.invoke0(Native Method) ~[?:?]
	at java.base/jdk.internal.reflect.NativeMethodAccessorImpl.invoke(NativeMethodAccessorImpl.java:77) ~[?:?]
	at java.base/jdk.internal.reflect.DelegatingMethodAccessorImpl.invoke(DelegatingMethodAccessorImpl.java:43) ~[?:?]
	at java.base/java.lang.reflect.Method.invoke(Method.java:568) ~[?:?]
	at org.springframework.web.method.support.InvocableHandlerMethod.doInvoke(InvocableHandlerMethod.java:258) ~[spring-web-6.2.11.jar:6.2.11]
	at org.springframework.web.method.support.InvocableHandlerMethod.invokeForRequest(InvocableHandlerMethod.java:191) ~[spring-web-6.2.11.jar:6.2.11]
	at org.springframework.web.servlet.mvc.method.annotation.ServletInvocableHandlerMethod.invokeAndHandle(ServletInvocableHandlerMethod.java:118) ~[spring-webmvc-6.2.11.jar:6.2.11]
	at org.springframework.web.servlet.mvc.method.annotation.RequestMappingHandlerAdapter.invokeHandlerMethod(RequestMappingHandlerAdapter.java:991) ~[spring-webmvc-6.2.11.jar:6.2.11]
	at org.springframework.web.servlet.mvc.method.annotation.RequestMappingHandlerAdapter.handleInternal(RequestMappingHandlerAdapter.java:896) ~[spring-webmvc-6.2.11.jar:6.2.11]
	at org.springframework.web.servlet.mvc.method.AbstractHandlerMethodAdapter.handle(AbstractHandlerMethodAdapter.java:87) ~[spring-webmvc-6.2.11.jar:6.2.11]
	at org.springframework.web.servlet.DispatcherServlet.doDispatch(DispatcherServlet.java:1089) ~[spring-webmvc-6.2.11.jar:6.2.11]
	at org.springframework.web.servlet.DispatcherServlet.doService(DispatcherServlet.java:979) ~[spring-webmvc-6.2.11.jar:6.2.11]
	at org.springframework.web.servlet.FrameworkServlet.processRequest(FrameworkServlet.java:1014) ~[spring-webmvc-6.2.11.jar:6.2.11]
	at org.springframework.web.servlet.FrameworkServlet.doDelete(FrameworkServlet.java:936) ~[spring-webmvc-6.2.11.jar:6.2.11]
	at jakarta.servlet.http.HttpServlet.service(HttpServlet.java:596) ~[tomcat-embed-core-10.1.46.jar:6.0]
	at org.springframework.web.servlet.FrameworkServlet.service(FrameworkServlet.java:885) ~[spring-webmvc-6.2.11.jar:6.2.11]
	at jakarta.servlet.http.HttpServlet.service(HttpServlet.java:658) ~[tomcat-embed-core-10.1.46.jar:6.0]
	at org.apache.catalina.core.ApplicationFilterChain.internalDoFilter(ApplicationFilterChain.java:195) ~[tomcat-embed-core-10.1.46.jar:10.1.46]
	at org.apache.catalina.core.ApplicationFilterChain.doFilter(ApplicationFilterChain.java:140) ~[tomcat-embed-core-10.1.46.jar:10.1.46]
	at org.apache.tomcat.websocket.server.WsFilter.doFilter(WsFilter.java:51) ~[tomcat-embed-websocket-10.1.46.jar:10.1.46]
	at org.apache.catalina.core.ApplicationFilterChain.internalDoFilter(ApplicationFilterChain.java:164) ~[tomcat-embed-core-10.1.46.jar:10.1.46]
	at org.apache.catalina.core.ApplicationFilterChain.doFilter(ApplicationFilterChain.java:140) ~[tomcat-embed-core-10.1.46.jar:10.1.46]
	at org.springframework.web.filter.CompositeFilter$VirtualFilterChain.doFilter(CompositeFilter.java:108) ~[spring-web-6.2.11.jar:6.2.11]
	at org.springframework.web.filter.CompositeFilter$VirtualFilterChain.doFilter(CompositeFilter.java:108) ~[spring-web-6.2.11.jar:6.2.11]
	at org.springframework.security.web.FilterChainProxy.lambda$doFilterInternal$3(FilterChainProxy.java:231) ~[spring-security-web-6.5.5.jar:6.5.5]
	at org.springframework.security.web.ObservationFilterChainDecorator$FilterObservation$SimpleFilterObservation.lambda$wrap$1(ObservationFilterChainDecorator.java:490) ~[spring-security-web-6.5.5.jar:6.5.5]
	at org.springframework.security.web.ObservationFilterChainDecorator$AroundFilterObservation$SimpleAroundFilterObservation.lambda$wrap$1(ObservationFilterChainDecorator.java:351) ~[spring-security-web-6.5.5.jar:6.5.5]
	at org.springframework.security.web.ObservationFilterChainDecorator.lambda$wrapSecured$0(ObservationFilterChainDecorator.java:83) ~[spring-security-web-6.5.5.jar:6.5.5]
	at org.springframework.security.web.ObservationFilterChainDecorator$VirtualFilterChain.doFilter(ObservationFilterChainDecorator.java:129) ~[spring-security-web-6.5.5.jar:6.5.5]
	at org.springframework.security.web.access.intercept.AuthorizationFilter.doFilter(AuthorizationFilter.java:101) ~[spring-security-web-6.5.5.jar:6.5.5]
	at org.springframework.security.web.ObservationFilterChainDecorator$ObservationFilter.wrapFilter(ObservationFilterChainDecorator.java:241) ~[spring-security-web-6.5.5.jar:6.5.5]
	at org.springframework.security.web.ObservationFilterChainDecorator$ObservationFilter.doFilter(ObservationFilterChainDecorator.java:228) ~[spring-security-web-6.5.5.jar:6.5.5]
	at org.springframework.security.web.ObservationFilterChainDecorator$VirtualFilterChain.doFilter(ObservationFilterChainDecorator.java:138) ~[spring-security-web-6.5.5.jar:6.5.5]
	at org.springframework.security.web.access.ExceptionTranslationFilter.doFilter(ExceptionTranslationFilter.java:125) ~[spring-security-web-6.5.5.jar:6.5.5]
	at org.springframework.security.web.access.ExceptionTranslationFilter.doFilter(ExceptionTranslationFilter.java:119) ~[spring-security-web-6.5.5.jar:6.5.5]
	at org.springframework.security.web.ObservationFilterChainDecorator$ObservationFilter.wrapFilter(ObservationFilterChainDecorator.java:241) ~[spring-security-web-6.5.5.jar:6.5.5]
	at org.springframework.security.web.ObservationFilterChainDecorator$ObservationFilter.doFilter(ObservationFilterChainDecorator.java:228) ~[spring-security-web-6.5.5.jar:6.5.5]
	at org.springframework.security.web.ObservationFilterChainDecorator$VirtualFilterChain.doFilter(ObservationFilterChainDecorator.java:138) ~[spring-security-web-6.5.5.jar:6.5.5]
	at org.springframework.security.web.session.SessionManagementFilter.doFilter(SessionManagementFilter.java:131) ~[spring-security-web-6.5.5.jar:6.5.5]
	at org.springframework.security.web.session.SessionManagementFilter.doFilter(SessionManagementFilter.java:85) ~[spring-security-web-6.5.5.jar:6.5.5]
	at org.springframework.security.web.ObservationFilterChainDecorator$ObservationFilter.wrapFilter(ObservationFilterChainDecorator.java:241) ~[spring-security-web-6.5.5.jar:6.5.5]
	at org.springframework.security.web.ObservationFilterChainDecorator$ObservationFilter.doFilter(ObservationFilterChainDecorator.java:228) ~[spring-security-web-6.5.5.jar:6.5.5]
	at org.springframework.security.web.ObservationFilterChainDecorator$VirtualFilterChain.doFilter(ObservationFilterChainDecorator.java:138) ~[spring-security-web-6.5.5.jar:6.5.5]
	at org.springframework.security.web.authentication.AnonymousAuthenticationFilter.doFilter(AnonymousAuthenticationFilter.java:100) ~[spring-security-web-6.5.5.jar:6.5.5]
	at org.springframework.security.web.ObservationFilterChainDecorator$ObservationFilter.wrapFilter(ObservationFilterChainDecorator.java:241) ~[spring-security-web-6.5.5.jar:6.5.5]
	at org.springframework.security.web.ObservationFilterChainDecorator$ObservationFilter.doFilter(ObservationFilterChainDecorator.java:228) ~[spring-security-web-6.5.5.jar:6.5.5]
	at org.springframework.security.web.ObservationFilterChainDecorator$VirtualFilterChain.doFilter(ObservationFilterChainDecorator.java:138) ~[spring-security-web-6.5.5.jar:6.5.5]
	at org.springframework.security.web.servletapi.SecurityContextHolderAwareRequestFilter.doFilter(SecurityContextHolderAwareRequestFilter.java:179) ~[spring-security-web-6.5.5.jar:6.5.5]
	at org.springframework.security.web.ObservationFilterChainDecorator$ObservationFilter.wrapFilter(ObservationFilterChainDecorator.java:241) ~[spring-security-web-6.5.5.jar:6.5.5]
	at org.springframework.security.web.ObservationFilterChainDecorator$ObservationFilter.doFilter(ObservationFilterChainDecorator.java:228) ~[spring-security-web-6.5.5.jar:6.5.5]
	at org.springframework.security.web.ObservationFilterChainDecorator$VirtualFilterChain.doFilter(ObservationFilterChainDecorator.java:138) ~[spring-security-web-6.5.5.jar:6.5.5]
	at org.springframework.security.web.savedrequest.RequestCacheAwareFilter.doFilter(RequestCacheAwareFilter.java:63) ~[spring-security-web-6.5.5.jar:6.5.5]
	at org.springframework.security.web.ObservationFilterChainDecorator$ObservationFilter.wrapFilter(ObservationFilterChainDecorator.java:241) ~[spring-security-web-6.5.5.jar:6.5.5]
	at org.springframework.security.web.ObservationFilterChainDecorator$ObservationFilter.doFilter(ObservationFilterChainDecorator.java:228) ~[spring-security-web-6.5.5.jar:6.5.5]
	at org.springframework.security.web.ObservationFilterChainDecorator$VirtualFilterChain.doFilter(ObservationFilterChainDecorator.java:138) ~[spring-security-web-6.5.5.jar:6.5.5]
	at com.uit.sociusmvcapp.security.AuthorizationFilter.doFilterInternal(AuthorizationFilter.java:72) ~[main/:?]
	at org.springframework.web.filter.OncePerRequestFilter.doFilter(OncePerRequestFilter.java:116) ~[spring-web-6.2.11.jar:6.2.11]
	at org.springframework.security.web.ObservationFilterChainDecorator$ObservationFilter.wrapFilter(ObservationFilterChainDecorator.java:241) ~[spring-security-web-6.5.5.jar:6.5.5]
	at org.springframework.security.web.ObservationFilterChainDecorator$ObservationFilter.doFilter(ObservationFilterChainDecorator.java:228) ~[spring-security-web-6.5.5.jar:6.5.5]
	at org.springframework.security.web.ObservationFilterChainDecorator$VirtualFilterChain.doFilter(ObservationFilterChainDecorator.java:138) ~[spring-security-web-6.5.5.jar:6.5.5]
	at org.springframework.security.web.authentication.logout.LogoutFilter.doFilter(LogoutFilter.java:107) ~[spring-security-web-6.5.5.jar:6.5.5]
	at org.springframework.security.web.authentication.logout.LogoutFilter.doFilter(LogoutFilter.java:93) ~[spring-security-web-6.5.5.jar:6.5.5]
	at org.springframework.security.web.ObservationFilterChainDecorator$ObservationFilter.wrapFilter(ObservationFilterChainDecorator.java:241) ~[spring-security-web-6.5.5.jar:6.5.5]
	at org.springframework.security.web.ObservationFilterChainDecorator$ObservationFilter.doFilter(ObservationFilterChainDecorator.java:228) ~[spring-security-web-6.5.5.jar:6.5.5]
	at org.springframework.security.web.ObservationFilterChainDecorator$VirtualFilterChain.doFilter(ObservationFilterChainDecorator.java:138) ~[spring-security-web-6.5.5.jar:6.5.5]
	at org.springframework.web.filter.CorsFilter.doFilterInternal(CorsFilter.java:91) ~[spring-web-6.2.11.jar:6.2.11]
	at org.springframework.web.filter.OncePerRequestFilter.doFilter(OncePerRequestFilter.java:116) ~[spring-web-6.2.11.jar:6.2.11]
	at org.springframework.security.web.ObservationFilterChainDecorator$ObservationFilter.wrapFilter(ObservationFilterChainDecorator.java:241) ~[spring-security-web-6.5.5.jar:6.5.5]
	at org.springframework.security.web.ObservationFilterChainDecorator$ObservationFilter.doFilter(ObservationFilterChainDecorator.java:228) ~[spring-security-web-6.5.5.jar:6.5.5]
	at org.springframework.security.web.ObservationFilterChainDecorator$VirtualFilterChain.doFilter(ObservationFilterChainDecorator.java:138) ~[spring-security-web-6.5.5.jar:6.5.5]
	at org.springframework.security.web.header.HeaderWriterFilter.doHeadersAfter(HeaderWriterFilter.java:90) ~[spring-security-web-6.5.5.jar:6.5.5]
	at org.springframework.security.web.header.HeaderWriterFilter.doFilterInternal(HeaderWriterFilter.java:75) ~[spring-security-web-6.5.5.jar:6.5.5]
	at org.springframework.web.filter.OncePerRequestFilter.doFilter(OncePerRequestFilter.java:116) ~[spring-web-6.2.11.jar:6.2.11]
	at org.springframework.security.web.ObservationFilterChainDecorator$ObservationFilter.wrapFilter(ObservationFilterChainDecorator.java:241) ~[spring-security-web-6.5.5.jar:6.5.5]
	at org.springframework.security.web.ObservationFilterChainDecorator$ObservationFilter.doFilter(ObservationFilterChainDecorator.java:228) ~[spring-security-web-6.5.5.jar:6.5.5]
	at org.springframework.security.web.ObservationFilterChainDecorator$VirtualFilterChain.doFilter(ObservationFilterChainDecorator.java:138) ~[spring-security-web-6.5.5.jar:6.5.5]
	at org.springframework.security.web.context.SecurityContextHolderFilter.doFilter(SecurityContextHolderFilter.java:82) ~[spring-security-web-6.5.5.jar:6.5.5]
	at org.springframework.security.web.context.SecurityContextHolderFilter.doFilter(SecurityContextHolderFilter.java:69) ~[spring-security-web-6.5.5.jar:6.5.5]
	at org.springframework.security.web.ObservationFilterChainDecorator$ObservationFilter.wrapFilter(ObservationFilterChainDecorator.java:241) ~[spring-security-web-6.5.5.jar:6.5.5]
	at org.springframework.security.web.ObservationFilterChainDecorator$ObservationFilter.doFilter(ObservationFilterChainDecorator.java:228) ~[spring-security-web-6.5.5.jar:6.5.5]
	at org.springframework.security.web.ObservationFilterChainDecorator$VirtualFilterChain.doFilter(ObservationFilterChainDecorator.java:138) ~[spring-security-web-6.5.5.jar:6.5.5]
	at org.springframework.security.web.context.request.async.WebAsyncManagerIntegrationFilter.doFilterInternal(WebAsyncManagerIntegrationFilter.java:62) ~[spring-security-web-6.5.5.jar:6.5.5]
	at org.springframework.web.filter.OncePerRequestFilter.doFilter(OncePerRequestFilter.java:116) ~[spring-web-6.2.11.jar:6.2.11]
	at org.springframework.security.web.ObservationFilterChainDecorator$ObservationFilter.wrapFilter(ObservationFilterChainDecorator.java:241) ~[spring-security-web-6.5.5.jar:6.5.5]
	at org.springframework.security.web.ObservationFilterChainDecorator$ObservationFilter.doFilter(ObservationFilterChainDecorator.java:228) ~[spring-security-web-6.5.5.jar:6.5.5]
	at org.springframework.security.web.ObservationFilterChainDecorator$VirtualFilterChain.doFilter(ObservationFilterChainDecorator.java:138) ~[spring-security-web-6.5.5.jar:6.5.5]
	at org.springframework.security.web.session.DisableEncodeUrlFilter.doFilterInternal(DisableEncodeUrlFilter.java:42) ~[spring-security-web-6.5.5.jar:6.5.5]
	at org.springframework.web.filter.OncePerRequestFilter.doFilter(OncePerRequestFilter.java:116) ~[spring-web-6.2.11.jar:6.2.11]
	at org.springframework.security.web.ObservationFilterChainDecorator$ObservationFilter.wrapFilter(ObservationFilterChainDecorator.java:241) ~[spring-security-web-6.5.5.jar:6.5.5]
	at org.springframework.security.web.ObservationFilterChainDecorator$AroundFilterObservation$SimpleAroundFilterObservation.lambda$wrap$0(ObservationFilterChainDecorator.java:334) ~[spring-security-web-6.5.5.jar:6.5.5]
	at org.springframework.security.web.ObservationFilterChainDecorator$ObservationFilter.doFilter(ObservationFilterChainDecorator.java:225) ~[spring-security-web-6.5.5.jar:6.5.5]
	at org.springframework.security.web.ObservationFilterChainDecorator$VirtualFilterChain.doFilter(ObservationFilterChainDecorator.java:138) ~[spring-security-web-6.5.5.jar:6.5.5]
	at org.springframework.security.web.FilterChainProxy.doFilterInternal(FilterChainProxy.java:233) ~[spring-security-web-6.5.5.jar:6.5.5]
	at org.springframework.security.web.FilterChainProxy.doFilter(FilterChainProxy.java:191) ~[spring-security-web-6.5.5.jar:6.5.5]
	at org.springframework.web.filter.CompositeFilter$VirtualFilterChain.doFilter(CompositeFilter.java:113) ~[spring-web-6.2.11.jar:6.2.11]
	at org.springframework.web.filter.ServletRequestPathFilter.doFilter(ServletRequestPathFilter.java:52) ~[spring-web-6.2.11.jar:6.2.11]
	at org.springframework.web.filter.CompositeFilter$VirtualFilterChain.doFilter(CompositeFilter.java:113) ~[spring-web-6.2.11.jar:6.2.11]
	at org.springframework.web.filter.CompositeFilter.doFilter(CompositeFilter.java:74) ~[spring-web-6.2.11.jar:6.2.11]
	at org.springframework.security.config.annotation.web.configuration.WebSecurityConfiguration$CompositeFilterChainProxy.doFilter(WebSecurityConfiguration.java:319) ~[spring-security-config-6.5.5.jar:6.5.5]
	at org.springframework.web.filter.CompositeFilter$VirtualFilterChain.doFilter(CompositeFilter.java:113) ~[spring-web-6.2.11.jar:6.2.11]
	at org.springframework.web.servlet.handler.HandlerMappingIntrospector.lambda$createCacheFilter$4(HandlerMappingIntrospector.java:267) ~[spring-webmvc-6.2.11.jar:6.2.11]
	at org.springframework.web.filter.CompositeFilter$VirtualFilterChain.doFilter(CompositeFilter.java:113) [spring-web-6.2.11.jar:6.2.11]
	at org.springframework.web.filter.CompositeFilter.doFilter(CompositeFilter.java:74) [spring-web-6.2.11.jar:6.2.11]
	at org.springframework.security.config.annotation.web.configuration.WebMvcSecurityConfiguration$CompositeFilterChainProxy.doFilter(WebMvcSecurityConfiguration.java:240) [spring-security-config-6.5.5.jar:6.5.5]
	at org.springframework.web.filter.DelegatingFilterProxy.invokeDelegate(DelegatingFilterProxy.java:362) [spring-web-6.2.11.jar:6.2.11]
	at org.springframework.web.filter.DelegatingFilterProxy.doFilter(DelegatingFilterProxy.java:278) [spring-web-6.2.11.jar:6.2.11]
	at org.apache.catalina.core.ApplicationFilterChain.internalDoFilter(ApplicationFilterChain.java:164) [tomcat-embed-core-10.1.46.jar:10.1.46]
	at org.apache.catalina.core.ApplicationFilterChain.doFilter(ApplicationFilterChain.java:140) [tomcat-embed-core-10.1.46.jar:10.1.46]
	at org.springframework.web.filter.RequestContextFilter.doFilterInternal(RequestContextFilter.java:100) [spring-web-6.2.11.jar:6.2.11]
	at org.springframework.web.filter.OncePerRequestFilter.doFilter(OncePerRequestFilter.java:116) [spring-web-6.2.11.jar:6.2.11]
	at org.apache.catalina.core.ApplicationFilterChain.internalDoFilter(ApplicationFilterChain.java:164) [tomcat-embed-core-10.1.46.jar:10.1.46]
	at org.apache.catalina.core.ApplicationFilterChain.doFilter(ApplicationFilterChain.java:140) [tomcat-embed-core-10.1.46.jar:10.1.46]
	at org.springframework.web.filter.FormContentFilter.doFilterInternal(FormContentFilter.java:93) [spring-web-6.2.11.jar:6.2.11]
	at org.springframework.web.filter.OncePerRequestFilter.doFilter(OncePerRequestFilter.java:116) [spring-web-6.2.11.jar:6.2.11]
	at org.apache.catalina.core.ApplicationFilterChain.internalDoFilter(ApplicationFilterChain.java:164) [tomcat-embed-core-10.1.46.jar:10.1.46]
	at org.apache.catalina.core.ApplicationFilterChain.doFilter(ApplicationFilterChain.java:140) [tomcat-embed-core-10.1.46.jar:10.1.46]
	at org.springframework.web.filter.ServerHttpObservationFilter.doFilterInternal(ServerHttpObservationFilter.java:110) [spring-web-6.2.11.jar:6.2.11]
	at org.springframework.web.filter.OncePerRequestFilter.doFilter(OncePerRequestFilter.java:116) [spring-web-6.2.11.jar:6.2.11]
	at org.apache.catalina.core.ApplicationFilterChain.internalDoFilter(ApplicationFilterChain.java:164) [tomcat-embed-core-10.1.46.jar:10.1.46]
	at org.apache.catalina.core.ApplicationFilterChain.doFilter(ApplicationFilterChain.java:140) [tomcat-embed-core-10.1.46.jar:10.1.46]
	at org.springframework.web.filter.CharacterEncodingFilter.doFilterInternal(CharacterEncodingFilter.java:201) [spring-web-6.2.11.jar:6.2.11]
	at org.springframework.web.filter.OncePerRequestFilter.doFilter(OncePerRequestFilter.java:116) [spring-web-6.2.11.jar:6.2.11]
	at org.apache.catalina.core.ApplicationFilterChain.internalDoFilter(ApplicationFilterChain.java:164) [tomcat-embed-core-10.1.46.jar:10.1.46]
	at org.apache.catalina.core.ApplicationFilterChain.doFilter(ApplicationFilterChain.java:140) [tomcat-embed-core-10.1.46.jar:10.1.46]
	at org.apache.catalina.core.StandardWrapperValve.invoke(StandardWrapperValve.java:167) [tomcat-embed-core-10.1.46.jar:10.1.46]
	at org.apache.catalina.core.StandardContextValve.invoke(StandardContextValve.java:90) [tomcat-embed-core-10.1.46.jar:10.1.46]
	at org.apache.catalina.authenticator.AuthenticatorBase.invoke(AuthenticatorBase.java:483) [tomcat-embed-core-10.1.46.jar:10.1.46]
	at org.apache.catalina.core.StandardHostValve.invoke(StandardHostValve.java:116) [tomcat-embed-core-10.1.46.jar:10.1.46]
	at org.apache.catalina.valves.ErrorReportValve.invoke(ErrorReportValve.java:93) [tomcat-embed-core-10.1.46.jar:10.1.46]
	at org.apache.catalina.core.StandardEngineValve.invoke(StandardEngineValve.java:74) [tomcat-embed-core-10.1.46.jar:10.1.46]
	at org.apache.catalina.connector.CoyoteAdapter.service(CoyoteAdapter.java:344) [tomcat-embed-core-10.1.46.jar:10.1.46]
	at org.apache.coyote.http11.Http11Processor.service(Http11Processor.java:398) [tomcat-embed-core-10.1.46.jar:10.1.46]
	at org.apache.coyote.AbstractProcessorLight.process(AbstractProcessorLight.java:63) [tomcat-embed-core-10.1.46.jar:10.1.46]
	at org.apache.coyote.AbstractProtocol$ConnectionHandler.process(AbstractProtocol.java:903) [tomcat-embed-core-10.1.46.jar:10.1.46]
	at org.apache.tomcat.util.net.NioEndpoint$SocketProcessor.doRun(NioEndpoint.java:1776) [tomcat-embed-core-10.1.46.jar:10.1.46]
	at org.apache.tomcat.util.net.SocketProcessorBase.run(SocketProcessorBase.java:52) [tomcat-embed-core-10.1.46.jar:10.1.46]
	at org.apache.tomcat.util.threads.ThreadPoolExecutor.runWorker(ThreadPoolExecutor.java:975) [tomcat-embed-core-10.1.46.jar:10.1.46]
	at org.apache.tomcat.util.threads.ThreadPoolExecutor$Worker.run(ThreadPoolExecutor.java:493) [tomcat-embed-core-10.1.46.jar:10.1.46]
	at org.apache.tomcat.util.threads.TaskThread$WrappingRunnable.run(TaskThread.java:63) [tomcat-embed-core-10.1.46.jar:10.1.46]
	at java.base/java.lang.Thread.run(Thread.java:842) [?:?]
Caused by: org.postgresql.util.PSQLException: ERROR: duplicate key value violates unique constraint "team_employees_employee_id_team_code_delete_flag_key"
  Detail: Key (employee_id, team_code, delete_flag)=(6309fa4c-994d-4ffe-bdd1-2e3459aaa964, TEAM006, 1) already exists.
	at org.postgresql.core.v3.QueryExecutorImpl.receiveErrorResponse(QueryExecutorImpl.java:2734) ~[postgresql-42.7.7.jar:42.7.7]
	at org.postgresql.core.v3.QueryExecutorImpl.processResults(QueryExecutorImpl.java:2421) ~[postgresql-42.7.7.jar:42.7.7]
	at org.postgresql.core.v3.QueryExecutorImpl.execute(QueryExecutorImpl.java:372) ~[postgresql-42.7.7.jar:42.7.7]
	at org.postgresql.jdbc.PgStatement.executeInternal(PgStatement.java:518) ~[postgresql-42.7.7.jar:42.7.7]
	at org.postgresql.jdbc.PgStatement.execute(PgStatement.java:435) ~[postgresql-42.7.7.jar:42.7.7]
	at org.postgresql.jdbc.PgPreparedStatement.executeWithFlags(PgPreparedStatement.java:196) ~[postgresql-42.7.7.jar:42.7.7]
	at org.postgresql.jdbc.PgPreparedStatement.execute(PgPreparedStatement.java:182) ~[postgresql-42.7.7.jar:42.7.7]
	at com.zaxxer.hikari.pool.ProxyPreparedStatement.execute(ProxyPreparedStatement.java:44) ~[HikariCP-6.3.3.jar:?]
	at com.zaxxer.hikari.pool.HikariProxyPreparedStatement.execute(HikariProxyPreparedStatement.java) ~[HikariCP-6.3.3.jar:?]
	at jdk.internal.reflect.GeneratedMethodAccessor29.invoke(Unknown Source) ~[?:?]
	at java.base/jdk.internal.reflect.DelegatingMethodAccessorImpl.invoke(DelegatingMethodAccessorImpl.java:43) ~[?:?]
	at java.base/java.lang.reflect.Method.invoke(Method.java:568) ~[?:?]
	at org.apache.ibatis.logging.jdbc.PreparedStatementLogger.invoke(PreparedStatementLogger.java:58) ~[mybatis-3.5.19.jar:3.5.19]
	at jdk.proxy3/jdk.proxy3.$Proxy149.execute(Unknown Source) ~[?:?]
	at org.apache.ibatis.executor.statement.PreparedStatementHandler.update(PreparedStatementHandler.java:48) ~[mybatis-3.5.19.jar:3.5.19]
	at org.apache.ibatis.executor.statement.RoutingStatementHandler.update(RoutingStatementHandler.java:75) ~[mybatis-3.5.19.jar:3.5.19]
	at org.apache.ibatis.executor.SimpleExecutor.doUpdate(SimpleExecutor.java:50) ~[mybatis-3.5.19.jar:3.5.19]
	at org.apache.ibatis.executor.BaseExecutor.update(BaseExecutor.java:117) ~[mybatis-3.5.19.jar:3.5.19]
	at org.apache.ibatis.executor.CachingExecutor.update(CachingExecutor.java:76) ~[mybatis-3.5.19.jar:3.5.19]
	at org.apache.ibatis.session.defaults.DefaultSqlSession.update(DefaultSqlSession.java:197) ~[mybatis-3.5.19.jar:3.5.19]
	at java.base/jdk.internal.reflect.NativeMethodAccessorImpl.invoke0(Native Method) ~[?:?]
	at java.base/jdk.internal.reflect.NativeMethodAccessorImpl.invoke(NativeMethodAccessorImpl.java:77) ~[?:?]
	at java.base/jdk.internal.reflect.DelegatingMethodAccessorImpl.invoke(DelegatingMethodAccessorImpl.java:43) ~[?:?]
	at java.base/java.lang.reflect.Method.invoke(Method.java:568) ~[?:?]
	at org.mybatis.spring.SqlSessionTemplate$SqlSessionInterceptor.invoke(SqlSessionTemplate.java:333) ~[mybatis-spring-3.0.5.jar:3.0.5]
	... 160 more
2025-12-11 01:59:27.727 [http-nio-8080-exec-8] DEBUG org.springframework.web.servlet.mvc.method.annotation.HttpEntityMethodProcessor - Using 'application/json', given [*/*] and supported [application/json, application/*+json]
2025-12-11 01:59:27.727 [http-nio-8080-exec-8] DEBUG org.springframework.web.servlet.mvc.method.annotation.HttpEntityMethodProcessor - Writing [com.uit.sociuscoremodules.shared.response.Response@6fd45e90]
2025-12-11 01:59:27.727 [http-nio-8080-exec-8] WARN  org.springframework.web.servlet.mvc.method.annotation.ExceptionHandlerExceptionResolver - Resolved [org.springframework.dao.DuplicateKeyException: <EOL><EOL>### Error updating database.  Cause: org.postgresql.util.PSQLException: ERROR: duplicate key value violates unique constraint "team_employees_employee_id_team_code_delete_flag_key"<EOL>  Detail: Key (employee_id, team_code, delete_flag)=(6309fa4c-994d-4ffe-bdd1-2e3459aaa964, TEAM006, 1) already exists.<EOL><EOL>### The error may exist in URL [jar:file:/D:/Study_space/Cong_nghe_web_ung_dung/Socius/socius-core-modules/build/libs/socius-core-modules-1.0-SNAPSHOT-plain.jar!/mappers/TeamEmployeeMapper.xml]<EOL><EOL>### The error may involve defaultParameterMap<EOL><EOL>### The error occurred while setting parameters<EOL><EOL>### SQL: UPDATE team_employees         SET delete_flag = 1,             deleted_at = CURRENT_TIMESTAMP         WHERE team_code = ?           AND employee_id = ?<EOL><EOL>### Cause: org.postgresql.util.PSQLException: ERROR: duplicate key value violates unique constraint "team_employees_employee_id_team_code_delete_flag_key"<EOL>  Detail: Key (employee_id, team_code, delete_flag)=(6309fa4c-994d-4ffe-bdd1-2e3459aaa964, TEAM006, 1) already exists.<EOL>; ERROR: duplicate key value violates unique constraint "team_employees_employee_id_team_code_delete_flag_key"<EOL>  Detail: Key (employee_id, team_code, delete_flag)=(6309fa4c-994d-4ffe-bdd1-2e3459aaa964, TEAM006, 1) already exists.]
2025-12-11 01:59:27.727 [http-nio-8080-exec-8] DEBUG org.springframework.web.servlet.DispatcherServlet - Completed 500 INTERNAL_SERVER_ERROR
2025-12-11 02:11:32.731 [background-preinit] INFO  org.hibernate.validator.internal.util.Version - HV000001: Hibernate Validator 8.0.3.Final
2025-12-11 02:11:32.802 [restartedMain] INFO  com.uit.sociusmvcapp.SociusMvcAppApplication - Starting SociusMvcAppApplication using Java 17.0.12 with PID 1880 (D:\Study_space\Cong_nghe_web_ung_dung\Socius\socius-mvc-app\build\classes\java\main started by dotha in D:\Study_space\Cong_nghe_web_ung_dung\Socius\socius-mvc-app)
2025-12-11 02:11:32.808 [restartedMain] DEBUG com.uit.sociusmvcapp.SociusMvcAppApplication - Running with Spring Boot v3.5.6, Spring v6.2.11
2025-12-11 02:11:32.811 [restartedMain] INFO  com.uit.sociusmvcapp.SociusMvcAppApplication - No active profile set, falling back to 1 default profile: "default"
2025-12-11 02:11:32.878 [restartedMain] INFO  org.springframework.boot.devtools.env.DevToolsPropertyDefaultsPostProcessor - Devtools property defaults active! Set 'spring.devtools.add-properties' to 'false' to disable
2025-12-11 02:11:32.878 [restartedMain] INFO  org.springframework.boot.devtools.env.DevToolsPropertyDefaultsPostProcessor - For additional web related logging consider setting the 'logging.level.web' property to 'DEBUG'
2025-12-11 02:11:36.144 [restartedMain] INFO  org.springframework.boot.web.embedded.tomcat.TomcatWebServer - Tomcat initialized with port 8080 (http)
2025-12-11 02:11:36.269 [restartedMain] INFO  org.springframework.boot.web.servlet.context.ServletWebServerApplicationContext - Root WebApplicationContext: initialization completed in 3388 ms
2025-12-11 02:11:36.471 [restartedMain] DEBUG org.springframework.web.filter.ServerHttpObservationFilter - Filter 'webMvcObservationFilter' configured for use
2025-12-11 02:11:36.808 [restartedMain] INFO  com.zaxxer.hikari.HikariDataSource - HikariPool-1 - Starting...
2025-12-11 02:11:39.687 [restartedMain] INFO  com.zaxxer.hikari.pool.HikariPool - HikariPool-1 - Added connection org.postgresql.jdbc.PgConnection@7ce123eb
2025-12-11 02:11:39.688 [restartedMain] INFO  com.zaxxer.hikari.HikariDataSource - HikariPool-1 - Start completed.
2025-12-11 02:11:40.727 [restartedMain] DEBUG org.springframework.web.servlet.mvc.method.annotation.RequestMappingHandlerMapping - 20 mappings in 'requestMappingHandlerMapping'
2025-12-11 02:11:40.759 [restartedMain] DEBUG org.springframework.web.servlet.handler.SimpleUrlHandlerMapping - Patterns [/webjars/**, /**] in 'resourceHandlerMapping'
2025-12-11 02:11:40.905 [restartedMain] INFO  org.springframework.boot.actuate.endpoint.web.EndpointLinksResolver - Exposing 1 endpoint beneath base path '/actuator'
2025-12-11 02:11:41.155 [restartedMain] DEBUG org.springframework.web.servlet.mvc.method.annotation.RequestMappingHandlerAdapter - ControllerAdvice beans: 0 @ModelAttribute, 0 @InitBinder, 1 RequestBodyAdvice, 1 ResponseBodyAdvice
2025-12-11 02:11:41.234 [restartedMain] DEBUG org.springframework.web.servlet.mvc.method.annotation.ExceptionHandlerExceptionResolver - ControllerAdvice beans: 1 @ExceptionHandler, 1 ResponseBodyAdvice
2025-12-11 02:11:41.609 [restartedMain] INFO  org.springframework.boot.devtools.autoconfigure.OptionalLiveReloadServer - LiveReload server is running on port 35729
2025-12-11 02:11:41.715 [restartedMain] INFO  org.springframework.boot.web.embedded.tomcat.TomcatWebServer - Tomcat started on port 8080 (http) with context path '/api'
2025-12-11 02:11:41.742 [restartedMain] INFO  org.springframework.scheduling.config.TaskSchedulerRouter - No TaskScheduler/ScheduledExecutorService bean found for scheduled processing
2025-12-11 02:11:41.747 [restartedMain] INFO  com.uit.sociusmvcapp.SociusMvcAppApplication - Started SociusMvcAppApplication in 9.706 seconds (process running for 11.079)
2025-12-11 02:11:43.585 [http-nio-8080-exec-2] INFO  org.springframework.web.servlet.DispatcherServlet - Initializing Servlet 'dispatcherServlet'
2025-12-11 02:11:43.586 [http-nio-8080-exec-2] DEBUG org.springframework.web.servlet.DispatcherServlet - Detected StandardServletMultipartResolver
2025-12-11 02:11:43.586 [http-nio-8080-exec-2] DEBUG org.springframework.web.servlet.DispatcherServlet - Detected AcceptHeaderLocaleResolver
2025-12-11 02:11:43.586 [http-nio-8080-exec-2] DEBUG org.springframework.web.servlet.DispatcherServlet - Detected FixedThemeResolver
2025-12-11 02:11:43.588 [http-nio-8080-exec-2] DEBUG org.springframework.web.servlet.DispatcherServlet - Detected org.springframework.web.servlet.view.DefaultRequestToViewNameTranslator@46156268
2025-12-11 02:11:43.589 [http-nio-8080-exec-2] DEBUG org.springframework.web.servlet.DispatcherServlet - Detected org.springframework.web.servlet.support.SessionFlashMapManager@18dea37e
2025-12-11 02:11:43.589 [http-nio-8080-exec-2] DEBUG org.springframework.web.servlet.DispatcherServlet - enableLoggingRequestDetails='false': request parameters and headers will be masked to prevent unsafe logging of potentially sensitive data
2025-12-11 02:11:43.589 [http-nio-8080-exec-2] INFO  org.springframework.web.servlet.DispatcherServlet - Completed initialization in 3 ms
2025-12-11 02:11:44.952 [http-nio-8080-exec-2] WARN  com.uit.sociuscoremodules.shared.security.TokenAuthenticator - Token expired: 2025-12-11T02:03:29.000+0700
2025-12-11 02:11:44.954 [http-nio-8080-exec-2] ERROR com.uit.sociusmvcapp.security.AuthorizationFilter - Authentication failed: TOKEN_EX
2025-12-11 02:12:21.503 [http-nio-8080-exec-3] DEBUG org.springframework.web.servlet.DispatcherServlet - DELETE "/api/teams/TEAM006", parameters={}
2025-12-11 02:12:21.509 [http-nio-8080-exec-3] DEBUG org.springframework.web.servlet.mvc.method.annotation.RequestMappingHandlerMapping - Mapped to com.uit.sociusmvcapp.endpoint.TeamController#deleteTeam(String)
2025-12-11 02:12:21.540 [http-nio-8080-exec-3] INFO  com.uit.sociuscoremodules.team.service.impl.TeamServiceImpl - Deleting team: TEAM006
2025-12-11 02:12:21.874 [http-nio-8080-exec-3] INFO  com.uit.sociuscoremodules.teamemployee.service.impl.TeamEmployeeServiceImpl - Getting all employees in team TEAM006
2025-12-11 02:12:22.621 [http-nio-8080-exec-3] INFO  com.uit.sociuscoremodules.team.service.impl.TeamServiceImpl - Team TEAM006 deleted successfully
2025-12-11 02:12:22.705 [http-nio-8080-exec-3] DEBUG org.springframework.web.servlet.mvc.method.annotation.HttpEntityMethodProcessor - Using 'application/json', given [*/*] and supported [application/json, application/*+json]
2025-12-11 02:12:22.708 [http-nio-8080-exec-3] DEBUG org.springframework.web.servlet.mvc.method.annotation.HttpEntityMethodProcessor - Writing [com.uit.sociuscoremodules.shared.response.Response@39d8bd25]
2025-12-11 02:12:22.736 [http-nio-8080-exec-3] DEBUG org.springframework.web.servlet.DispatcherServlet - Completed 200 OK
2025-12-11 02:13:43.192 [http-nio-8080-exec-6] WARN  com.uit.sociuscoremodules.shared.security.TokenAuthenticator - Token expired: 2025-12-11T02:03:29.000+0700
2025-12-11 02:13:43.192 [http-nio-8080-exec-6] ERROR com.uit.sociusmvcapp.security.AuthorizationFilter - Authentication failed: TOKEN_EX
2025-12-11 02:13:52.504 [http-nio-8080-exec-7] DEBUG org.springframework.web.servlet.DispatcherServlet - POST "/api/teams", parameters={}
2025-12-11 02:13:52.505 [http-nio-8080-exec-7] DEBUG org.springframework.web.servlet.mvc.method.annotation.RequestMappingHandlerMapping - Mapped to com.uit.sociusmvcapp.endpoint.TeamController#createTeam(TeamCreateRequest)
2025-12-11 02:13:52.563 [http-nio-8080-exec-7] DEBUG org.springframework.web.servlet.mvc.method.annotation.RequestResponseBodyMethodProcessor - Read "application/json;charset=UTF-8" to [com.uit.sociuscoremodules.team.request.TeamCreateRequest@6535f07b]
2025-12-11 02:13:52.639 [http-nio-8080-exec-7] INFO  com.uit.sociuscoremodules.team.service.impl.TeamServiceImpl - Creating team with code: TEAM006
2025-12-11 02:13:52.911 [http-nio-8080-exec-7] INFO  com.uit.sociuscoremodules.team.service.impl.TeamServiceImpl - Reactivating soft deleted team: TEAM006
2025-12-11 02:13:53.203 [http-nio-8080-exec-7] INFO  com.uit.sociuscoremodules.team.service.impl.TeamServiceImpl - Team TEAM006 reactivated successfully
2025-12-11 02:13:54.355 [http-nio-8080-exec-7] INFO  com.uit.sociuscoremodules.teamemployee.service.impl.TeamEmployeeServiceImpl - Adding employee 6309fa4c-994d-4ffe-bdd1-2e3459aaa964 to team TEAM006 with role TEAM_LEAD and leadership status true
2025-12-11 02:13:55.567 [http-nio-8080-exec-7] INFO  com.uit.sociuscoremodules.teamemployee.service.impl.TeamEmployeeServiceImpl - Found soft-deleted record for employee 6309fa4c-994d-4ffe-bdd1-2e3459aaa964 in team TEAM006, reactivating...
2025-12-11 02:13:56.063 [http-nio-8080-exec-7] INFO  com.uit.sociuscoremodules.teamemployee.service.impl.TeamEmployeeServiceImpl - Successfully reactivated employee 6309fa4c-994d-4ffe-bdd1-2e3459aaa964 in team TEAM006
2025-12-11 02:13:56.313 [http-nio-8080-exec-7] INFO  com.uit.sociuscoremodules.team.service.impl.TeamServiceImpl - Team lead 6309fa4c-994d-4ffe-bdd1-2e3459aaa964 added to reactivated team TEAM006
2025-12-11 02:13:56.313 [http-nio-8080-exec-7] INFO  com.uit.sociuscoremodules.team.service.impl.TeamServiceImpl - Getting team by code: TEAM006
2025-12-11 02:13:56.561 [http-nio-8080-exec-7] INFO  com.uit.sociuscoremodules.teamemployee.service.impl.TeamEmployeeServiceImpl - Getting team lead for team TEAM006
2025-12-11 02:13:57.062 [http-nio-8080-exec-7] INFO  com.uit.sociuscoremodules.teamemployee.service.impl.TeamEmployeeServiceImpl - Getting all employees in team TEAM006
2025-12-11 02:13:57.629 [http-nio-8080-exec-7] DEBUG org.springframework.web.servlet.mvc.method.annotation.HttpEntityMethodProcessor - Using 'application/json', given [*/*] and supported [application/json, application/*+json]
2025-12-11 02:13:57.629 [http-nio-8080-exec-7] DEBUG org.springframework.web.servlet.mvc.method.annotation.HttpEntityMethodProcessor - Writing [com.uit.sociuscoremodules.shared.response.Response@679fee7e]
2025-12-11 02:13:57.642 [http-nio-8080-exec-7] DEBUG org.springframework.web.servlet.DispatcherServlet - Completed 201 CREATED
